locode,name,name_ascii,country,subdivision,status,coordinates,alt_names
AEABU,Abu al Bukhoosh,Abu al Bukhoosh,AE,,RL,2529N 05308E,
AEAJM,Ajman,Ajman,AE,,RL,,
AEAJP,Al Jeer Port,Al Jeer Port,AE,RK,RL,2602N 05603E,
AEAMF,Musaffah,Musaffah,AE,AZ,RL,2423N 05429E,
AEAMU,Abu Musa,Abu Musa,AE,,RL,2552N 05501E,
AEARP,Ahmed Bin Rashid Port,Ahmed Bin Rashid Port,AE,AZ,RL,2532N 05533E,
AEAUH,Abu Dhabi,Abu Dhabi,AE,AZ,AI,2428N 05422E,
AEDAS,Das Island,Das Island,AE,,RL,,
AEDBP,Dibba,Dibba,AE,SH,RL,2537N 05616E,
AEDUJ,The Palm Jumeirah,The Palm Jumeirah,AE,DU,RL,,
AEDXB,Dubai,Dubai,AE,DU,AI,2515N 05516E,
AEEND,Esnnad,Esnnad,AE,AZ,RL,2419N 05427E,
AEFAT,Fateh Terminal,Fateh Terminal,AE,,QQ,,
AEFJR,Al Fujayrah,Al Fujayrah,AE,FU,AI,2507N 05620E,
AEFRP,Free Port,Free Port,AE,DU,RL,2515N 05515E,
AEHSN,Hassyan,Hassyan,AE,DU,AA,2454N 05454E,
AEHTL,Hulaylah Terminal,Hulaylah Terminal,AE,,RL,2559N 05556E,
AEHZP,Hamriya Free Zone Port,Hamriya Free Zone Port,AE,DU,RL,2518N 05519E,
AEJAZ,Al Jazeera Port,Al Jazeera Port,AE,RK,RL,2543N 05548E,
AEJEA,Jebel Ali,Jebel Ali,AE,,QQ,,
AEJED,Jebel Dhanna,Jebel Dhanna,AE,,QQ,,
AEKHL,Mina Khalifa/Abu Dhabi,Mina Khalifa/Abu Dhabi,AE,,RL,2450N 05440E,
AEKLB,Kalba,Kalba,AE,,RL,2504N 05621E,
AEKLF,Khor al Fakkan,Khor al Fakkan,AE,,RL,2520N 05621E,
AEMBS,Mubarras Island,Mubarras Island,AE,,RL,2435N 05319E,
AEMKH,Mina Khalid,Mina Khalid,AE,SH,RL,2521N 05522E,
AEMRP,Mina Rashid Port,Mina Rashid Port,AE,AZ,RL,2516N 05517E,
AEMSA,Mina Saqr,Mina Saqr,AE,RK,RL,2558N 05604E,
AEMUB,Mubarek Terminal,Mubarek Terminal,AE,,QQ,,
AEMZD,Mina Zayed/Abu Dhabi,Mina Zayed/Abu Dhabi,AE,AZ,RL,2431N 05422E,
AEPRA,Port Rashid,Port Rashid,AE,,RL,,
AEQIW,Umm al Quwain,Umm al Quwain,AE,,AI,2535N 05535E,
AEQWE,Jebel Ali Free Zone,Jebel Ali Free Zone,AE,DU,RL,2500N 05503E,
AERFA,Mirfa,Mirfa,AE,AZ,RL,2528N 05329E,
AERKP,Rak Khor Port,Rak Khor Port,AE,RK,RL,2549N 05557E,
AERKT,Ras al Khaimah,Ras al Khaimah,AE,,AI,2547N 05557E,
AERMC,Rak Maritime City,Rak Maritime City,AE,RK,RL,2557N 05603E,
AERUW,Ar Ruways,Ar Ruways,AE,,RL,2407N 05244E,
AERWP,Ruwais Port,Ruwais Port,AE,AZ,RL,2406N 05243E,
AESHJ,Sharjah,Sharjah,AE,SH,AI,2521N 05523E,
AESID,Sadiyat Island,Sadiyat Island,AE,,RL,2432N 05424E,
AEULR,Umm Al Nar,Umm Al Nar,AE,,RL,2426N 05430E,
AEYAS,Yas Island,Yas Island,AE,AZ,RL,2419N 05236E,
AEZUR,Zirku Island,Zirku Island,AE,AZ,RL,2453N 05304E,
AFDHD,Dehdadi,Dehdadi,AF,BAL,RL,3639N 06659E,
AFQLT,Qalat,Qalat,AF,,RL,3206N 06653E,
AFRKH,Torkham,Torkham,AF,NAN,RL,3453N 07155E,
AGANU,Antigua,Antigua,AG,,AI,,
AGBBQ,Barbuda,Barbuda,AG,,AI,,
AGFAM,Falmouth,Falmouth,AG,,RL,1701N 06147W,
AGPHM,Parham,Parham,AG,,RL,1705N 06145W,
AGSJO,Saint John's,Saint John's,AG,,AI,1707N 06151W,
AIBLP,Blowing Point,Blowing Point,AI,,QQ,,
AIFOR,The Forest,The Forest,AI,,QQ,,
AIMBB,Meads Bay Beach,Meads Bay Beach,AI,,RL,1810N 06308W,
AIRBY,Road Bay,Road Bay,AI,,AS,1812N 06305W,
AIROA,The Road,The Road,AI,,QQ,,
AISOM,Sombrero,Sombrero,AI,,RL,1836N 06328W,
AIWLL,Wall Blake,Wall Blake,AI,,RL,,
ALBUT,Butrint,Butrint,AL,SR,RL,3945N 02001E,
ALDRZ,Durrës,Durres,AL,,RL,,
ALHMR,Himare,Himare,AL,SR,RL,4008N 01943E,
ALROM,Romano Port,Romano Port,AL,02,RL,4122N 01925E,
ALSAR,Sarandë,Sarande,AL,SR,RL,3953N 02000E,
ALSHG,Shëngjin,Shengjin,AL,LE,RL,4148N 01934E,
ALVOA,Vlorë,Vlore,AL,VL,RL,4028N 01929E,
AMJER,Jermuk,Jermuk,AM,VD,RL,,
AOAZZ,Ambriz,Ambriz,AO,,AI,,
AOBAB,Baba,Baba,AO,,RL,1450S 01214E,
AOBDD,Barra do Dande,Barra do Dande,AO,,RL,,
AOBDT,Baía dos Tigres,Baia dos Tigres,AO,,RL,1636S 01144E,
AOBUG,Benguela,Benguela,AO,,AI,,
AOCAB,Cabinda,Cabinda,AO,,AI,,
AOCPO,Capulo,Capulo,AO,,RL,0759S 01310E,
AOCUI,Cuio,Cuio,AO,,RL,1259S 01259E,
AODAL,Dalia,Dalia,AO,,RL,0741S 01147E,
AODGR,Dombe Grande,Dombe Grande,AO,,RL,,
AOETN,Essungo Terminal,Essungo Terminal,AO,,RL,0620S 01210E,
AOFBY,Farta Bay,Farta Bay,AO,,RL,1237S 01312E,
AOFLT,Futila Terminal,Futila Terminal,AO,,RL,0527S 01211E,
AOGIM,Gimboa,Gimboa,AO,,RL,0732S 01210E,
AOGIR,Girassol Terminal,Girassol Terminal,AO,,RL,0738S 01141E,
AOGPO,Greater Plutonio,Greater Plutonio,AO,,RL,0750S 01207E,
AOKTI,Kiame Terminal,Kiame Terminal,AO,,RL,,
AOLAD,Luanda,Luanda,AO,,AI,,
AOLBT,Lombo Terminal,Lombo Terminal,AO,,RL,0659S 01221E,
AOLIE,Lieura,Lieura,AO,,QQ,,
AOLOB,Lobito,Lobito,AO,,RL,,
AOLUC,Lucira,Lucira,AO,,RL,,
AOMSZ,Namibe,Namibe,AO,,AI,,
AONDD,Sumbe,Sumbe,AO,,AI,,
AONQI,Nóqui,Noqui,AO,,RL,0551S 01326E,
AONTO,N'Zeto,N'Zeto,AO,ZAI,AS,0714S 01252E,
AOPAT,Palanca Terminal,Palanca Terminal,AO,,RL,,
AOPBN,Porto Amboim,Porto Amboim,AO,,AI,,
AOPLE,Tombua,Tombua,AO,NAM,AS,1549S 01151E,
AOPSA,Porto Saco (Portosalazar),Porto Saco (Portosalazar),AO,,RL,1508S 01208E,
AORSN,River Sao Nicolau,River Sao Nicolau,AO,,RL,1415S 01220E,
AOSOQ,Soyo-Quinfuquena Terminal,Soyo-Quinfuquena Terminal,AO,,RL,,
AOSTL,Sazaire Terminal,Sazaire Terminal,AO,,RL,0605S 01223E,
AOSZA,Soyo,Soyo,AO,,AI,,
AOTAK,Takula Terminal,Takula Terminal,AO,,RL,,
AQABA,Aboa,Aboa,AQ,,RL,7303S 01325W,
AQAPT,Arturo Prat,Arturo Prat,AQ,,RL,6230S 05941W,
AQARC,Arctowski,Arctowski,AQ,,RL,6209S 05828W,
AQART,Artigas,Artigas,AQ,,RL,6211S 05854W,
AQBHN,Bellingshausen,Bellingshausen,AQ,,RL,6211S 05857W,
AQCAS,Casey Station,Casey Station,AQ,,RL,6617S 11031E,
AQCFZ,Comandante Ferraz,Comandante Ferraz,AQ,,RL,6205S 05823W,
AQDAV,Davis Station,Davis Station,AQ,,RL,6834S 07758E,
AQDDU,Dumont d'Urville Station,Dumont d'Urville Station,AQ,,RL,6639S 14000E,
AQESC,Escudero,Escudero,AQ,,RL,6212S 05857W,
AQESP,Esperanza,Esperanza,AQ,,RL,6323S 05659W,
AQGWL,Great Wall,Great Wall,AQ,,RL,6213S 05858W,
AQHLY,Halley,Halley,AQ,,RL,7534S 02632W,
AQJBS,Jang Bogo Station,Jang Bogo Station,AQ,,RL,7436S 16412E,
AQJCP,Juan Carlos Primero,Juan Carlos Primero,AQ,,RL,6239S 06023W,
AQJUB,Jubany,Jubany,AQ,,RL,6214S 05839W,
AQKHN,Kohnen,Kohnen,AQ,,RL,7500S 00004E,
AQKSG,King Sejong,King Sejong,AQ,,RL,6213S 05847W,
AQLAW,Law Base,Law Base,AQ,,RL,6923S 07623E,
AQMAW,Mawson Station,Mawson Station,AQ,,RL,6736S 06252E,
AQMCM,McMurdo,McMurdo,AQ,,RL,7750S 16640E,
AQMIR,Mirny,Mirny,AQ,,RL,6633S 09300E,
AQMRB,Marambio,Marambio,AQ,,RL,6414S 05639W,
AQMZU,Mario Zucchelli,Mario Zucchelli,AQ,,RL,7441S 16407E,
AQOHG,General Bernardo O'higgins,General Bernardo O'higgins,AQ,,RL,6319S 05754W,
AQORC,Orcadas,Orcadas,AQ,,RL,6044S 04444W,
AQPFS,Port Foster,Port Foster,AQ,,RL,6300S 06034W,
AQPLM,Palmer,Palmer,AQ,,RL,6446S 06403W,
AQPRO,Progress,Progress,AQ,,RL,6924S 07623E,
AQROT,Rothera,Rothera,AQ,,RL,6734S 06807W,
AQSGN,Signy,Signy,AQ,,RL,6043S 04536W,
AQSMT,San Martín,San Martin,AQ,,RL,6807S 06706W,
AQSYW,Syowa,Syowa,AQ,,RL,6900S 03935E,
AQVKY,Vernadsky,Vernadsky,AQ,,RL,6514S 06415W,
AQWSA,Wasa,Wasa,AQ,,RL,7303S 01325W,
AQZGN,Zhongshan,Zhongshan,AQ,,RL,6922S 07623E,
ARACF,Arrecifes,Arrecifes,AR,B,RL,3405S 06007W,
ARASO,Arroyo Seco,Arroyo Seco,AR,,RL,3308S 06026W,
ARBHI,Bahía Blanca,Bahia Blanca,AR,B,AI,3843S 06217W,
ARBQS,Barranqueras,Barranqueras,AR,H,AI,,
ARBUE,Buenos Aires,Buenos Aires,AR,C,AI,3435S 05840W,
ARBUI,Ingeniero Buitrago,Ingeniero Buitrago,AR,B,RL,3321S 06008W,
ARBVC,Bella Vista,Bella Vista,AR,W,RL,2830S 05903W,
ARCBS,Chimbas,Chimbas,AR,J,RL,3129S 06832W,
ARCDL,Candelaria,Candelaria,AR,N,RL,2727S 05545W,
ARCHL,Choele Choel,Choele Choel,AR,R,RL,,
ARCHO,Chilecito,Chilecito,AR,F,RL,2910S 06730W,
ARCLC,Caleta Córdoba,Caleta Cordoba,AR,X,AI,4544S 06704W,
ARCMP,Campana,Campana,AR,B,AI,3409S 05857W,
ARCNQ,Corrientes,Corrientes,AR,W,AI,,
ARCOL,Colón,Colon,AR,E,AI,3213S 05808W,
ARCOU,Concepción del Uruguay,Concepcion del Uruguay,AR,E,AI,3229S 05814W,
ARCRD,Comodoro Rivadavia,Comodoro Rivadavia,AR,U,AI,,
ARCRY,Colonia Caroya,Colonia Caroya,AR,X,RL,,
ARCSA,Cabo San Antonio,Cabo San Antonio,AR,,RL,3602S 05634W,
ARCUA,Cuatreros/Bahia Blanca,Cuatreros/Bahia Blanca,AR,B,AI,,
ARCVI,Caleta Olivia,Caleta Olivia,AR,Z,AI,,
ARDGU,Del Guazu,Del Guazu,AR,E,RL,3354S 05852W,
ARDME,Diamante,Diamante,AR,R,AI,3204S 06039W,
ARDSU,Dock Sur,Dock Sur,AR,B,RL,3439S 05820W,
ARFMA,Formosa,Formosa,AR,P,AI,,
ARGEO,Agrelo,Agrelo,AR,M,RL,3307S 06853W,
ARGHU,Gualeguaychú,Gualeguaychu,AR,E,AI,3301S 05831W,
ARIBY,Ibicuy,Ibicuy,AR,E,AI,3344S 05910W,
ARINW,Ingeniero White/Bahia Blanca,Ingeniero White/Bahia Blanca,AR,B,RL,3847S 06216W,
ARIQO,Coquimbito,Coquimbito,AR,M,RL,3258S 06845W,
ARJLS,Jose Leon Suarez,Jose Leon Suarez,AR,B,RL,,
ARLAV,Lavalle,Lavalle,AR,K,RL,2812S 06508W,
ARLCU,Lujan de Cuyo,Lujan de Cuyo,AR,M,RL,3303S 06852W,
ARLPG,La Plata,La Plata,AR,B,AI,3451S 05753W,
ARLPM,La Paz,La Paz,AR,M,RL,3328S 06733W,
ARLPS,Las Palmas,Las Palmas,AR,B,RL,3401S 05907W,
ARLUJ,Luján,Lujan,AR,B,RL,3434S 05906W,
ARLZG,Luzuriaga,Luzuriaga,AR,M,RL,3257S 06849W,
ARMDQ,Mar del Plata,Mar del Plata,AR,B,AI,3803S 05732W,
ARNEC,Necochea,Necochea,AR,B,AI,,
ARNOS,Molinos,Molinos,AR,,RL,2525S 06619W,
AROVI,Olavarría,Olavarria,AR,B,RL,3653S 06020W,
AROYA,Goya,Goya,AR,W,AI,,
AROYO,Tres Arroyos,Tres Arroyos,AR,B,AI,3823S 06017W,
ARPAL,Puerto Alumbrera,Puerto Alumbrera,AR,S,RL,3239S 06045W,
ARPBG,Puerto Belgrano/Bahia Blanca,Puerto Belgrano/Bahia Blanca,AR,B,AI,,
ARPCO,Punta Colorada,Punta Colorada,AR,R,RL,4142S 06500W,
ARPCY,Pilcomayo,Pilcomayo,AR,P,AI,,
ARPEL,Puerto Eldorado,Puerto Eldorado,AR,N,RL,2621S 05441W,
ARPGV,Puerto Galvan/Bahia Blanca,Puerto Galvan/Bahia Blanca,AR,B,AI,,
ARPLA,Puerto Lavalle,Puerto Lavalle,AR,W,RL,2901S 05911W,
ARPLO,Punta Loyola,Punta Loyola,AR,,RL,,
ARPME,Punta Medanos,Punta Medanos,AR,B,RL,3650S 05640W,
ARPMY,Puerto Madryn,Puerto Madryn,AR,U,AI,4245S 06502W,
ARPNL,Puerto Nacional/Bahia Blanca,Puerto Nacional/Bahia Blanca,AR,B,AI,,
ARPP9,Pablo Podestá,Pablo Podesta,AR,B,RL,3436S 05831W,
ARPQU,Punta Quilla,Punta Quilla,AR,,RL,,
ARPRA,Paraná,Parana,AR,E,AI,3144S 06032W,
ARPRS,Puerto Rosales/Bahia Blanca,Puerto Rosales/Bahia Blanca,AR,B,AI,3856S 06204W,
ARPSS,Posadas,Posadas,AR,N,AI,,
ARPUB,Puerto Borghi,Puerto Borghi,AR,,RL,,
ARPUD,Puerto Deseado,Puerto Deseado,AR,Z,AI,4745S 06554W,
ARPWA,Puerto Wanda,Puerto Wanda,AR,N,RL,2558S 05436W,
ARQBR,Quebracho/San Lorenzo,Quebracho/San Lorenzo,AR,S,RL,3239S 06043W,
ARQQN,Quequén,Quequen,AR,B,AI,3832S 05842W,
ARRAM,Ramallo,Ramallo,AR,B,RL,,
ARRFO,Rosario de la Frontera,Rosario de la Frontera,AR,A,RL,2548S 06458W,
ARRGA,Río Grande,Rio Grande,AR,V,AI,5347S 06742W,
ARRGL,Río Gallegos,Rio Gallegos,AR,Z,AI,5138S 06913W,
ARRIC,Rio Cullen,Rio Cullen,AR,,RL,5248S 06811W,
ARRIV,Rivadavia,Rivadavia,AR,M,RL,3311S 06828W,
ARROC,Puerto Ingeniero M. Rocca,Puerto Ingeniero M. Rocca,AR,B,RL,3451S 05756W,
ARROS,Rosario,Rosario,AR,S,AI,3257S 06039W,
ARRSF,Resinfor,Resinfor,AR,S,RL,3239S 06044W,
ARRWO,Rawson,Rawson,AR,U,RL,4318S 06506W,
ARRZA,Santa Cruz,Santa Cruz,AR,Z,AI,5001S 06825W,
ARSAE,San Antonio Este,San Antonio Este,AR,R,RL,4048S 06444W,
ARSAL,Salto,Salto,AR,B,RL,,
ARSAN,Santa Ana,Santa Ana,AR,N,RL,2720S 05535W,
ARSCA,San Carlos,San Carlos,AR,M,RL,3346S 06902W,
ARSFE,San Fernando,San Fernando,AR,B,RL,,
ARSFN,Santa Fe,Santa Fe,AR,S,AI,3136S 06041W,
ARSIG,San Ignacio,San Ignacio,AR,N,RL,2716S 05534W,
ARSLO,San Lorenzo,San Lorenzo,AR,L,AI,,
ARSMA,San Martin,San Martin,AR,S,RL,3243S 06044W,
ARSMR,San Martin,San Martin,AR,M,RL,3304S 06828W,
ARSNS,San Nicolás de los Arroyos,San Nicolas de los Arroyos,AR,B,AI,3320S 06014W,
ARSPD,San Pedro,San Pedro,AR,E,RL,3341S 05910W,
ARSSJ,San Salvador de Jujuy,San Salvador de Jujuy,AR,Y,RL,2411S 06518W,
ARSSN,San Sebastián,San Sebastian,AR,V,AI,5318S 06828W,
ARSTA,Santa Rosa,Santa Rosa,AR,M,RL,3315S 06809W,
ARTIM,Timbúes,Timbues,AR,S,AM,3238S 06047W,
ARTUC,Tucumán,Tucuman,AR,T,AI,2649S 06513W,
ARTUN,Tunuyan,Tunuyan,AR,M,RL,3334S 06901W,
ARULA,San Julian,San Julian,AR,Z,AI,4918S 06743W,
ARURD,Urdurrain,Urdurrain,AR,,RL,3241S 05853W,
ARUSH,Ushuaia,Ushuaia,AR,V,AI,5448S 06818W,
ARVCN,Villa Constitución,Villa Constitucion,AR,S,AI,3314S 06020W,
ARVHE,Villa Hernandarias,Villa Hernandarias,AR,E,RL,3114S 05959W,
ARVLO,Vicente López,Vicente Lopez,AR,B,RL,3431S 05829W,
ARVMD,Villa Mercedes,Villa Mercedes,AR,J,RL,,
ARVTT,Villa del Totoral,Villa del Totoral,AR,X,RL,,
ARXPD,San Pedro,San Pedro,AR,Y,AI,,
ARZAE,Zárate,Zarate,AR,B,AI,3406S 05902W,
ASPPG,Pago Pago,Pago Pago,AS,,AI,1416N 17042W,
AT7PZ,Prinzersdorf,Prinzersdorf,AT,3,RL,4812N 01531E,
ATATK,Paternion,Paternion,AT,2,RL,4642N 01338E,
ATATN,Asten,Asten,AT,4,RL,4813N 01424E,
ATAWH,Altenwörth,Altenworth,AT,3,RL,4823N 01551E,
ATBFS,Bischofshofen,Bischofshofen,AT,5,RL,4725N 01313E,
ATBNN,Hobersbrunn,Hobersbrunn,AT,3,RL,4830N 01634E,
ATBOE,Böhlerwenk,Bohlerwenk,AT,3,RL,4759N 01445E,
ATBRI,Engabrunn,Engabrunn,AT,,RL,4827N 01545E,
ATBRZ,Bregenz,Bregenz,AT,8,RL,4730N 00946E,
ATDFC,Engerwitzdorf,Engerwitzdorf,AT,4,RL,4821N 01427E,
ATDKZ,Deutschkreutz,Deutschkreutz,AT,1,RL,4736N 01638E,
ATDOF,Hadersdorf,Hadersdorf,AT,3,RL,4827N 01543E,
ATDRA,Drasenhofen,Drasenhofen,AT,3,RL,4845N 01639W,
ATDRO,Dross,Dross,AT,3,RL,4827N 01534E,
ATDUE,Dürnstein,Durnstein,AT,,RL,4823N 01531E,
ATDWA,Deutsch Wagram,Deutsch Wagram,AT,,RL,4818N 01634E,
ATEBR,Ebreichsdorf,Ebreichsdorf,AT,3,RL,4757N 01624E,
ATEIN,Hoflein,Hoflein,AT,3,RL,4804N 01647E,
ATEPD,Erpersdorf,Erpersdorf,AT,,RL,4820N 01554E,
ATERL,Erl,Erl,AT,,RL,4740N 01210E,
ATERM,Vordernberg,Vordernberg,AT,6,RL,4728N 01500E,
ATERO,Engelmannsbrunn,Engelmannsbrunn,AT,3,RL,4827N 01553E,
ATERR,Dobermannsdorf,Dobermannsdorf,AT,,RL,4836N 01649E,
ATETZ,Rietz,Rietz,AT,7,RL,4717N 01103E,
ATEWD,Eibiswald,Eibiswald,AT,6,RL,4641N 01550E,
ATFBZ,Sankt Stefan ob Stainz,Sankt Stefan ob Stainz,AT,6,RL,4655N 01515E,
ATFG7,Achau,Achau,AT,,RL,4840N 16230W,
ATFHR,Fehring,Fehring,AT,,RL,4656N 01600E,
ATFNA,Freudenau,Freudenau,AT,9,RL,4811N 01626E,
ATFPS,Fulpmes,Fulpmes,AT,,RL,4709N 01121E,
ATFSU,Faistenau,Faistenau,AT,,RL,4746N 01313E,
ATGA6,Gamlitz,Gamlitz,AT,6,RL,4643N 01533E,
ATGDN,Gmunden,Gmunden,AT,,RL,4755N 01348E,
ATGFS,Greifenstein,Greifenstein,AT,3,RL,4820N 01614E,
ATGGU,Oggau,Oggau,AT,1,RL,4750N 01640E,
ATGHH,Haugsdorf,Haugsdorf,AT,3,RL,4842N 01604E,
ATGHJ,Krustetten,Krustetten,AT,3,RL,4822N 15400W,
ATGRN,Grein,Grein,AT,,RL,4813N 01450E,
ATGSN,Gutenstein,Gutenstein,AT,,RL,4752N 01553E,
ATHKM,Hadersdorf-Kammern,Hadersdorf-Kammern,AT,3,RL,4827N 01543E,
ATIEG,Limberg,Limberg,AT,3,RL,4835N 01552E,
ATITN,Hausleiten,Hausleiten,AT,3,RL,4823N 01606E,
ATJDD,Judendorf,Judendorf,AT,6,RL,4707N 01521E,
ATJPS,Japons,Japons,AT,3,RL,4847N 01534E,
ATKAM,Kammern im Liesingtal,Kammern im Liesingtal,AT,8,RL,4724N 01454E,
ATKFD,Knittelfeld,Knittelfeld,AT,,RL,4712N 01449E,
ATKMB,Krummnussbaum,Krummnussbaum,AT,,RL,4813N 01510E,
ATKTT,Kematen in Tirol,Kematen in Tirol,AT,,RL,4715N 01116E,
ATLKN,Falkenstein,Falkenstein,AT,3,RL,4843N 01335E,
ATLTS,Leutschach,Leutschach,AT,6,RL,4640N 01528E,
ATLTX,Hainfeld,Hainfeld,AT,3,RL,4802N 01546E,
ATLUA,Lembach,Lembach,AT,4,RL,4829N 01353E,
ATLZD,Langenzersdorf,Langenzersdorf,AT,3,RL,4818N 01621E,
ATMAB,Marbach an der Donau,Marbach an der Donau,AT,3,RL,4813N 01509E,
ATMAN,Manning,Manning,AT,4,RL,4805N 01340E,
ATMBS,Morbisch am See,Morbisch am See,AT,1,RL,4745N 01640E,
ATMKA,Markt Allhau,Markt Allhau,AT,1,RL,4714N 01605E,
ATMKC,Mitterkirchen,Mitterkirchen,AT,4,RL,4811N 01442E,
ATNAD,Neuhofen an der Ybbs,Neuhofen an der Ybbs,AT,3,RL,4803N 01451E,
ATND2,Nickelsdorf,Nickelsdorf,AT,1,RL,4756N 01704E,
ATNFN,Neufelden,Neufelden,AT,,RL,4829N 01359E,
ATNGG,Neudegg,Neudegg,AT,3,RL,4829N 01553E,
ATNNN,Donnerskirchen,Donnerskirchen,AT,1,RL,4754N 01638E,
ATNT9,Muthmannsdorf,Muthmannsdorf,AT,3,RL,4750N 01606E,
ATNUZ,Nüziders,Nuziders,AT,,RL,4711N 00948E,
ATOBU,Oberneukirchen,Oberneukirchen,AT,4,RL,,
ATOSH,Ottensheim,Ottensheim,AT,4,RL,4820N 01411E,
ATPAS,Podersdorf am See,Podersdorf am See,AT,1,RL,4751N 01650E,
ATPBU,Persenbeug,Persenbeug,AT,3,RL,4811N 01504E,
ATPET,Petzenkirchen,Petzenkirchen,AT,3,RL,4808N 01509E,
ATRAD,Radstadt,Radstadt,AT,,RL,4723N 01327E,
ATREG,Regau,Regau,AT,4,RL,4805N 01408E,
ATRHN,Ranshofen,Ranshofen,AT,,RL,4814N 01300E,
ATRHR,Rohrau,Rohrau,AT,3,RL,4804N 01651E,
ATRRF,Ruhrsdorf,Ruhrsdorf,AT,3,RL,4824N 01530E,
ATRTV,Gallbrunn,Gallbrunn,AT,,RL,,
ATSAG,Schutzen am Gebirge,Schutzen am Gebirge,AT,1,RL,4751N 01637E,
ATSAK,Sankt Aegidi,Sankt Aegidi,AT,4,RL,4829N 01345E,
ATSFT,Senftenberg,Senftenberg,AT,3,RL,4826N 01533E,
ATSGS,Sankt Georgen bei Salzburg,Sankt Georgen bei Salzburg,AT,,RL,4759N 01253E,
ATSK3,Sankt Margrethen,Sankt Margrethen,AT,2,RL,4638N 01423E,
ATSMK,Schönau im Mühlkreis,Schonau im Muhlkreis,AT,4,RL,4823N 01444E,
ATSMR,Sankt Margarethen an der Raab,Sankt Margarethen an der Raab,AT,6,RL,4703N 01545E,
ATSPG,Spannberg,Spannberg,AT,3,RL,4827N 01644E,
ATSPZ,Spitz,Spitz,AT,,RL,4822N 01525E,
ATSSS,Steinberg,Steinberg,AT,1,RL,4729N 01629E,
ATST6,Straden,Straden,AT,6,RL,4648N 01552E,
ATSTD,Steeg,Steeg,AT,,RL,4736N 01338E,
ATSUH,Sankt Ulrich,Sankt Ulrich,AT,3,RL,4836N 01646E,
ATSUS,Steinhaus,Steinhaus,AT,4,RL,4807N 01401E,
ATSVM,Sankt Veit im Mühlkreis,Sankt Veit im Muhlkreis,AT,4,RL,4828N 01409E,
ATSWH,Gross-Schweinbarth,Gross-Schweinbarth,AT,3,RL,4824N 01637E,
ATSXA,Bernhardsthal,Bernhardsthal,AT,3,RL,4841N 01652E,
ATTAM,Tamsweg,Tamsweg,AT,5,RL,4708N 01348E,
ATTEN,Hausmannstatten,Hausmannstatten,AT,6,RL,4659N 01530E,
ATTFS,Terfens,Terfens,AT,7,RL,4719N 01139E,
ATTHS,Theiss,Theiss,AT,3,RL,4823N 01541E,
ATTKP,Taufkirchen an der Pram,Taufkirchen an der Pram,AT,,RL,4825N 01332E,
ATTMR,Traismauer,Traismauer,AT,,RL,4820N 01544E,
ATTTL,Schrattenthal,Schrattenthal,AT,3,RL,4842N 01554E,
ATVEL,Velden,Velden,AT,2,RL,4637N 01403E,
ATWDF,Weitendorf,Weitendorf,AT,6,RL,4653N 01528E,
ATWEU,Weinburg,Weinburg,AT,3,RL,4806N 01531E,
ATWSE,Wallsee,Wallsee,AT,3,RL,4810N 01443E,
ATWUL,Wulkaprodersdorf,Wulkaprodersdorf,AT,1,RL,4748N 01630E,
ATXAE,Oehling,Oehling,AT,3,RL,4806N 01448E,
ATXXX,RIS Inland waterways,RIS Inland waterways,AT,,AI,,
ATZIN,Inzersdorf an der Traisen,Inzersdorf an der Traisen,AT,3,RL,4819N 01540E,
ATZLF,Jetzelsdorf,Jetzelsdorf,AT,3,RL,4842N 01603E,
ATZNG,Zobing,Zobing,AT,3,RL,4829N 01541E,
ATZRF,Ketzelsdorf,Ketzelsdorf,AT,3,RL,4839N 01639E,
AU5CI,Selby,Selby,AU,VIC,RL,3755S 14523E,
AUABP,Abbot Point,Abbot Point,AU,QLD,AC,1954S 14805E,
AUADL,Adelaide,Adelaide,AU,SA,AC,3455S 13835E,
AUAGS,Augusta,Augusta,AU,WA,RL,3419S 11510E,
AUALD,Aldgate,Aldgate,AU,SA,RL,3501S 13844E,
AUALH,Albany,Albany,AU,WA,AC,,
AUALI,Australind,Australind,AU,WA,RL,3317S 11543E,
AUALP,Abell Point,Abell Point,AU,QLD,AC,2016S 14843E,
AUAMR,Amrun,Amrun,AU,QLD,AA,1255S 14137E,
AUANN,Annandale,Annandale,AU,NSW,RL,3353S 15110E,
AUAPP,Applecross,Applecross,AU,WA,RL,3201S 11550E,
AUARD,Ardrossan,Ardrossan,AU,SA,AC,,
AUASB,Ashburton,Ashburton,AU,WA,AM,2141S 11500E,
AUASH,Ashton,Ashton,AU,SA,RL,3456S 13844E,
AUATT,Attadale,Attadale,AU,WA,RL,3201S 11547E,
AUBAA,Balhannah,Balhannah,AU,SA,RL,3459S 13850E,
AUBAE,Baerami,Baerami,AU,NSW,RL,3224S 15029E,
AUBAH,Ballast Head,Ballast Head,AU,SA,AC,,
AUBAL,Balnarring,Balnarring,AU,VIC,RL,3822S 14508E,
AUBAR,Barry Beach,Barry Beach,AU,VIC,RL,3842S 14623E,
AUBBG,Bing Bong,Bing Bong,AU,NT,RL,1536S 13621E,
AUBBL,Beelbangera,Beelbangera,AU,NSW,RL,3416S 14606E,
AUBBY,Bremer Bay,Bremer Bay,AU,WA,RL,3423S 11922E,
AUBCH,Beachport,Beachport,AU,SA,AC,,
AUBDB,Bundaberg,Bundaberg,AU,QLD,AC,,
AUBDY,Bomaderry,Bomaderry,AU,NSW,RL,3451S 15037E,
AUBE9,Belrose,Belrose,AU,NSW,RL,3344S 15113E,
AUBEL,Bell Bay,Bell Bay,AU,TAS,AC,,
AUBFD,Beresfield,Beresfield,AU,NSW,RL,3248S 15139E,
AUBIC,Bicheno,Bicheno,AU,TAS,RL,4152S 14817E,
AUBKE,Berkeley Vale,Berkeley Vale,AU,NSW,RL,3321S 15126E,
AUBLP,Black Point,Black Point,AU,NT,RL,1109S 13209E,
AUBME,Broome,Broome,AU,WA,AI,,
AUBMW,Broadmeadows,Broadmeadows,AU,VIC,AC,,
AUBNE,Brisbane,Brisbane,AU,QLD,AC,2728S 15301E,
AUBNK,Ballina,Ballina,AU,NSW,AC,,
AUBNN,Bannockburn,Bannockburn,AU,VIC,RL,3803S 14410E,
AUBNY,Blayney,Blayney,AU,NSW,RL,3332S 14915E,
AUBOB,Bobin,Bobin,AU,NSW,RL,3143S 15217E,
AUBOD,Boondall,Boondall,AU,QLD,RL,2720S 15303E,
AUBOL,Bridgewater-on-Loddon,Bridgewater-on-Loddon,AU,VIC,RL,3636S 14357E,
AUBOO,Booby Island,Booby Island,AU,QLD,RL,1036S 14155E,
AUBOT,Boort,Boort,AU,VIC,RL,3607S 14343E,
AUBOU,Boundary Bend,Boundary Bend,AU,NSW,RL,3442S 14309E,
AUBOV,Blacktip Terminal,Blacktip Terminal,AU,NT,RL,1424S 12921E,
AUBOY,Boyer,Boyer,AU,TAS,RL,4250S 14718E,
AUBPO,Bridport,Bridport,AU,TAS,RL,4100S 14724E,
AUBRR,Berrys Creek,Berrys Creek,AU,VIC,RL,3825S 14604E,
AUBRT,Bathurst Island,Bathurst Island,AU,NT,AI,,
AUBSA,Brighton-Le-Sands,Brighton-Le-Sands,AU,NSW,RL,3357S 15109E,
AUBTB,Botany Bay,Botany Bay,AU,NSW,AC,,
AUBUC,Burketown,Burketown,AU,QLD,AI,1744S 13932E,
AUBUL,Bulli,Bulli,AU,NSW,RL,3418S 15055E,
AUBUS,Busselton,Busselton,AU,WA,AC,,
AUBUV,Buffalo Venture,Buffalo Venture,AU,NT,AC,,
AUBUY,Bunbury,Bunbury,AU,WA,AC,,
AUBVD,Belvidere,Belvidere,AU,SA,RL,3518S 13856E,
AUBWB,Barrow Island,Barrow Island,AU,WA,AC,,
AUBWI,Bulwer,Bulwer,AU,QLD,RL,2704S 15322E,
AUBWT,Burnie,Burnie,AU,TAS,AC,,
AUBYP,Beauty Point,Beauty Point,AU,TAS,AC,,
AUBYY,Bushy Park,Bushy Park,AU,VIC,RL,3752S 14702E,
AUC8R,Cromer,Cromer,AU,SA,RL,3446S 13900E,
AUCAL,Caloundra Head,Caloundra Head,AU,QLD,AC,,
AUCAP,Capalaba,Capalaba,AU,QLD,RL,2731S 15311E,
AUCAR,Carina Heights,Carina Heights,AU,QLD,RL,2730S 15305E,
AUCBA,Corio Bay,Corio Bay,AU,VIC,AC,3807S 14426E,
AUCBO,Carboor,Carboor,AU,VIC,RL,3638S 14633E,
AUCBR,Canberra,Canberra,AU,ACT,AA,,
AUCCU,Cape Cuvier,Cape Cuvier,AU,WA,AC,,
AUCDN,Clarendon,Clarendon,AU,SA,RL,3507S 13838E,
AUCFS,Coffs Harbour,Coffs Harbour,AU,NSW,AC,,
AUCHA,Chatswood,Chatswood,AU,NSW,RL,,
AUCHB,Catherine Hill Bay,Catherine Hill Bay,AU,NSW,AC,,
AUCHE,Chermside,Chermside,AU,QLD,RL,2723S 15310E,
AUCHV,Challis Venture (oil terminal),Challis Venture (oil terminal),AU,NT,AC,1207S 12501E,
AUCLF,Carlingford,Carlingford,AU,NSW,RL,3347S 15103E,
AUCLL,Collan Islands,Collan Islands,AU,WA,AC,,
AUCLM,Claremont,Claremont,AU,WA,RL,3159S 11547E,
AUCLN,Cape Leeuwin,Cape Leeuwin,AU,WA,AC,,
AUCLR,Clarence River,Clarence River,AU,NSW,AC,,
AUCLT,Cape Lambert,Cape Lambert,AU,WA,AC,,
AUCMB,Cambridge,Cambridge,AU,TAS,RL,4250S 14727E,
AUCMO,Como,Como,AU,NSW,RL,3400S 15104E,
AUCMP,Camperdown,Camperdown,AU,NSW,RL,3353S 15110E,
AUCN6,Chinderah,Chinderah,AU,NSW,RL,2814S 15333E,
AUCNS,Cairns,Cairns,AU,QLD,AC,,
AUCNW,Coonawarra,Coonawarra,AU,SA,RL,3718S 14049E,
AUCOO,Coomera,Coomera,AU,QLD,RL,2753S 15318E,
AUCOP,Cossack Pioneer (oil terminal),Cossack Pioneer (oil terminal),AU,WA,AC,1935S 11627E,
AUCOU,Coolum,Coolum,AU,QLD,RL,2633S 15305E,
AUCOW,Cowaramup,Cowaramup,AU,,RL,3352S 11505E,
AUCPN,Cape Preston,Cape Preston,AU,WA,AC,,
AUCPR,Coorparoo,Coorparoo,AU,QLD,RL,2730S 15303E,
AUCQP,Cape Flattery,Cape Flattery,AU,QLD,AI,,
AUCRF,Crafers,Crafers,AU,SA,RL,3500S 13842E,
AUCRL,Coral Bay,Coral Bay,AU,WA,RL,2308S 11346E,
AUCRS,Coral Sea,Coral Sea,AU,,RL,1905S 15054E,
AUCRU,Cronulla,Cronulla,AU,NSW,RL,3403S 15109E,
AUCRV,Coromandel Valley,Coromandel Valley,AU,SA,RL,3503S 13837E,
AUCST,Coldstream,Coldstream,AU,VIC,RL,3743S 14522E,
AUCTE,Cottesloe,Cottesloe,AU,WA,RL,3200S 11546E,
AUCTH,Thevenard Island,Thevenard Island,AU,WA,RL,2127S 11459E,
AUCTI,Cockatoo Island,Cockatoo Island,AU,WA,RL,1606S 12337E,
AUCTN,Cooktown,Cooktown,AU,QLD,AC,,
AUCTT,Cottles Bridge,Cottles Bridge,AU,VIC,RL,3738S 14513E,
AUCUN,Caufield North,Caufield North,AU,VIC,RL,3752S 01451E,
AUCVL,Clovelly,Clovelly,AU,NSW,RL,3354S 15115E,
AUCVN,Cleveland,Cleveland,AU,QLD,RL,2732S 15316E,
AUCVQ,Carnarvon,Carnarvon,AU,WA,AC,,
AUCVS,Caversham,Caversham,AU,WA,RL,3153S 11558E,
AUDA5,Twowells,Twowells,AU,SA,RL,3436S 13830E,
AUDAA,Darra,Darra,AU,QLD,AC,,
AUDAL,Dalton,Dalton,AU,NSW,RL,3443S 14911E,
AUDAM,Dampier,Dampier,AU,WA,AC,,
AUDAR,Dardanup,Dardanup,AU,WA,RL,3324S 11545E,
AUDFE,Longwood,Longwood,AU,SA,RL,,
AUDGA,Tea Gardens,Tea Gardens,AU,NSW,RL,3240S 15209E,
AUDHI,Dhipirrinjura,Dhipirrinjura,AU,NT,RL,1215S 13505E,
AUDIA,Diamond Creek,Diamond Creek,AU,VIC,RL,3740S 14509E,
AUDIL,Cowandilla,Cowandilla,AU,SA,RL,3455S 13833E,
AUDIT,Dalrymple Islet,Dalrymple Islet,AU,,RL,0936S 14318E,
AUDLP,Arndell Park,Arndell Park,AU,NSW,RL,3347S 15052E,
AUDON,Cape Don,Cape Don,AU,NT,RL,1119S 13145E,
AUDPO,Devonport,Devonport,AU,TAS,AC,,
AUDRB,Derby,Derby,AU,WA,AC,,
AUDRW,Darwin,Darwin,AU,NT,AC,1227S 13050E,
AUDRY,Drysdale,Drysdale,AU,VIC,RL,3810S 14434E,
AUDSW,Padstow,Padstow,AU,NSW,RL,3357S 15102E,
AUEDB,Edithburgh,Edithburgh,AU,SA,AC,,
AUEDE,Eden Valley,Eden Valley,AU,SA,RL,3439S 13906E,
AUELB,Elizabeth Bay,Elizabeth Bay,AU,NT,RL,1154S 13633E,
AUELE,Electrona,Electrona,AU,TAS,AC,,
AUELT,Eltham,Eltham,AU,VIC,RL,3744S 14509E,
AUEPR,Esperance,Esperance,AU,WA,AC,,
AUEVL,Evans Landing,Evans Landing,AU,QLD,RL,1240S 14151E,
AUEXM,Exmouth Gulf,Exmouth Gulf,AU,WA,AI,,
AUFIN,Findon,Findon,AU,SA,RL,3454S 13832E,
AUFIS,Fisherman Islands,Fisherman Islands,AU,QLD,UR,,
AUFLD,Frankland,Frankland,AU,WA,RL,3422S 11404E,
AUFLN,Flynn,Flynn,AU,VIC,RL,3810S 14641E,
AUFRE,Fremantle,Fremantle,AU,WA,AC,,
AUFRY,Port Fairy,Port Fairy,AU,VIC,RL,3822S 14214E,
AUFWT,Freshwater,Freshwater,AU,NSW,RL,3346S 15117E,
AUGBT,Garbutt,Garbutt,AU,QLD,RL,1916S 14646E,
AUGEE,George Town,George Town,AU,TAS,AC,,
AUGEM,Gembrook,Gembrook,AU,VIC,RL,3757S 14533E,
AUGET,Geraldton,Geraldton,AU,WA,AC,,
AUGEX,Geelong,Geelong,AU,VIC,AC,,
AUGLL,Glebe Island,Glebe Island,AU,NSW,UR,,
AUGLT,Gladstone,Gladstone,AU,QLD,AC,,
AUGOA,Goolwa,Goolwa,AU,SA,RL,3530S 13847E,
AUGOH,Gove Harbour,Gove Harbour,AU,NT,RL,1213S 13640E,
AUGOI,Goods Is,Goods Is,AU,QLD,AC,,
AUGOR,Gordon,Gordon,AU,VIC,RL,3735S 14406E,
AUGOV,Gove,Gove,AU,NT,AC,,
AUGRB,Gravelly Beach,Gravelly Beach,AU,TAS,RL,4118S 14658E,
AUGRH,Greenhead,Greenhead,AU,WA,AC,,
AUGRK,Greenock,Greenock,AU,SA,RL,3428S 13855E,
AUGRU,Gruyere,Gruyere,AU,VIC,RL,3744S 14527E,
AUGRV,Griffin Venture (oil terminal),Griffin Venture (oil terminal),AU,WA,AC,2113S 11438E,
AUGTE,Groote Eylandt,Groote Eylandt,AU,NT,AC,,
AUGTW,Great Western,Great Western,AU,VIC,RL,3709S 14251E,
AUGTY,Kingsford,Kingsford,AU,NSW,RL,,
AUGUM,Gumeracha,Gumeracha,AU,SA,RL,3450S 13853E,
AUGUR,The Gurdies,The Gurdies,AU,VIC,RL,3822S 14533E,
AUHAH,Hahndorf,Hahndorf,AU,SA,RL,3502S 13848E,
AUHAM,Hampton,Hampton,AU,VIC,RL,3820S 14515E,
AUHAS,Hastings,Hastings,AU,VIC,RL,3818S 14515E,
AUHBA,Hobart,Hobart,AU,TAS,AC,4252S 14718E,
AUHBE,Heatherbrae,Heatherbrae,AU,NSW,RL,3247S 15144E,
AUHDD,Hoddles Creek,Hoddles Creek,AU,VIC,RL,3750S 14535E,
AUHFR,Henderson,Henderson,AU,WA,RL,3210S 11546E,
AUHNK,Hinchinbrook Island,Hinchinbrook Island,AU,QLD,AC,1823S 14617E,
AUHOT,Hope Tun,Hope Tun,AU,WA,AC,,
AUHPP,Happy Valley,Happy Valley,AU,SA,RL,3505S 13832E,
AUHPT,Hay Point,Hay Point,AU,QLD,AC,,
AUHTH,Heathcote,Heathcote,AU,VIC,RL,3655S 14443E,
AUHTT,Halletts Cove,Halletts Cove,AU,SA,RL,3504S 13830E,
AUHWD,Hanwood,Hanwood,AU,NSW,RL,3420S 14602E,
AUHYI,Hardy Island,Hardy Island,AU,NT,UR,,
AUIGF,Ingle Farm,Ingle Farm,AU,SA,RL,3450S 13838E,
AUIPS,Ipswich,Ipswich,AU,QLD,AC,,
AUIRY,Irymple,Irymple,AU,VIC,RL,3415S 14210E,
AUJML,Laurieton,Laurieton,AU,NSW,RL,3139S 15248E,
AUJOV,Jabiru Venture (oil terminal),Jabiru Venture (oil terminal),AU,NT,RL,,
AUKAN,Kangarilla,Kangarilla,AU,SA,RL,3509S 13839E,
AUKAY,Kayena,Kayena,AU,TAS,RL,4111S 14653E,
AUKEI,Keith,Keith,AU,SA,RL,3606S 14021E,
AUKGC,Kingscote,Kingscote,AU,SA,AC,,
AUKIB,King Bay,King Bay,AU,WA,AC,,
AUKIT,Kingston,Kingston,AU,SA,AC,,
AUKJH,Welland,Welland,AU,SA,RL,3454S 13832E,
AUKLL,Maryknoll,Maryknoll,AU,VIC,RL,3855S 14536E,
AUKLP,Klein Point,Klein Point,AU,SA,AC,,
AUKNG,Kensington Gardens,Kensington Gardens,AU,,RL,3492S 13866E,
AUKOI,Koolan Island,Koolan Island,AU,WA,AC,,
AUKRB,Karumba,Karumba,AU,QLD,AC,1729S 14050E,
AUKTR,Katherine,Katherine,AU,NT,AC,,
AUKUR,Kurnell,Kurnell,AU,NSW,AC,,
AUKWI,Kwinana,Kwinana,AU,WA,AC,,
AULAB,Lady Barron,Lady Barron,AU,TAS,AC,,
AULAN,Langarra,Langarra,AU,NT,RL,1205S 13521E,
AULDH,Lord Howe Is,Lord Howe Is,AU,NSW,AC,,
AULEN,Lakes Entrance,Lakes Entrance,AU,VIC,RL,3753S 14759E,
AULGT,Legendre Terminal,Legendre Terminal,AU,WA,AC,,
AULKU,Torrensville,Torrensville,AU,SA,RL,,
AULME,Bangholme,Bangholme,AU,VIC,RL,,
AULMQ,Lake Macquarie,Lake Macquarie,AU,NSW,RL,3304S 15136E,
AULOW,Lisarow,Lisarow,AU,NSW,RL,3323S 15122E,
AULST,Launceston,Launceston,AU,TAS,AC,,
AULUB,Lucky Bay,Lucky Bay,AU,SA,RL,3341S 13655E,
AULUC,Lucinda,Lucinda,AU,QLD,AC,,
AULYD,Lilydale,Lilydale,AU,VIC,RL,3745S 14522E,
AUMAR,Marrickville,Marrickville,AU,NSW,RL,3355S 15110E,
AUMBH,Maryborough,Maryborough,AU,QLD,AC,,
AUMBY,Maribyrnong,Maribyrnong,AU,VIC,RL,3747S 14453E,
AUMDC,Mordialloc,Mordialloc,AU,VIC,RL,3801S 14505E,
AUMEL,Melbourne,Melbourne,AU,VIC,AC,3749S 14458E,
AUMHW,Mount Hawthorn,Mount Hawthorn,AU,WA,RL,3155S 11550E,
AUMIB,Milner Bay,Milner Bay,AU,NT,AC,,
AUMID,Midland,Midland,AU,WA,RL,3153N 11559W,
AUMIL,Milperra,Milperra,AU,NSW,RL,,
AUMKY,Mackay,Mackay,AU,QLD,AC,2109S 14912E,
AUMLI,Melville Island,Melville Island,AU,NT,AC,1133S 13056E,
AUMLL,Mooloolaba,Mooloolaba,AU,QLD,RL,2641S 15308E,
AUMOK,Moorook,Moorook,AU,SA,RL,3417S 14021E,
AUMON,Montara Field,Montara Field,AU,NT,RL,1265S 12405E,
AUMOU,Mourilyan,Mourilyan,AU,QLD,AC,,
AUMOW,Mowbray Heights,Mowbray Heights,AU,TAS,RL,4123S 14708E,
AUMQI,Macquarie Island,Macquarie Island,AU,TAS,AC,5429S 15856E,
AUMRK,Macquarie Park,Macquarie Park,AU,NSW,RL,3346S 15107E,
AUMRS,Melrose,Melrose,AU,SA,AC,,
AUMWA,Mulwala,Mulwala,AU,NSW,RL,3600S 14600E,
AUNB2,North Bridge,North Bridge,AU,NSW,RL,3348S 15113E,
AUNEQ,Nericon,Nericon,AU,NSW,RL,3412S 14602E,
AUNGH,Nganhurra,Nganhurra,AU,WA,RL,2129S 11400E,
AUNHU,Nhulunbuy,Nhulunbuy,AU,NT,RL,1211S 13647E,
AUNIV,Ningaloo Vision,Ningaloo Vision,AU,,RL,2124S 11405E,
AUNLK,New Norfolk,New Norfolk,AU,TAS,RL,4247S 14704E,
AUNSB,Broke,Broke,AU,NSW,RL,3245S 15106E,
AUNTE,Northern Endeavour,Northern Endeavour,AU,NT,AC,,
AUNTL,Newcastle,Newcastle,AU,NSW,AI,,
AUOKF,Oak Flats,Oak Flats,AU,NSW,RL,3433S 15049E,
AUONS,Onslow,Onslow,AU,WA,AI,2139S 11506E,
AUOSB,Osborne Island,Osborne Island,AU,WA,AC,,
AUP6D,Aspendale,Aspendale,AU,VIC,RL,3802S 14506E,
AUPAE,Port Adelaide,Port Adelaide,AU,SA,AC,,
AUPAG,Paddington,Paddington,AU,NSW,RL,3353S 15113E,
AUPAL,Palmerston,Palmerston,AU,NT,RL,1228S 13050E,
AUPAU,Port Arthur,Port Arthur,AU,TAS,AC,,
AUPBN,Port of Brisbane,Port of Brisbane,AU,QLD,RL,2723S 15310E,
AUPBT,Port Botany,Port Botany,AU,NSW,AC,,
AUPBY,Port Bonython,Port Bonython,AU,SA,AC,,
AUPCT,Port Curtis,Port Curtis,AU,QLD,AC,,
AUPDI,Port Denison,Port Denison,AU,WA,RL,2916S 11456E,
AUPEL,Pelican Point,Pelican Point,AU,SA,AC,,
AUPEN,Pendle Hills,Pendle Hills,AU,NSW,RL,3348S 15057E,
AUPER,Perth,Perth,AU,WA,AC,3157S 11551E,
AUPEX,Exmouth,Exmouth,AU,WA,AC,,
AUPGI,Port Giles,Port Giles,AU,SA,AC,,
AUPHE,Port Hedland,Port Hedland,AU,WA,AC,,
AUPHP,Point Henry Pier/Melbourne,Point Henry Pier/Melbourne,AU,VIC,RL,3807S 14426E,
AUPHR,Prahran,Prahran,AU,VIC,RL,3751S 14500E,
AUPHU,Port Huon,Port Huon,AU,TAS,AC,,
AUPIC,Picton,Picton,AU,NSW,RL,3411S 15036E,
AUPIS,Phillip Island,Phillip Island,AU,VIC,RL,3829S 14514E,
AUPJK,Port Jackson,Port Jackson,AU,NSW,AC,,
AUPKL,Port Kembla,Port Kembla,AU,NSW,AC,,
AUPKY,Port Kenny,Port Kenny,AU,SA,RL,3310S 13441E,
AUPLA,Port Latta,Port Latta,AU,TAS,AC,,
AUPLO,Port Lincoln,Port Lincoln,AU,SA,AC,,
AUPMK,Palm Island,Palm Island,AU,QLD,AC,,
AUPOR,Port Melbourne,Port Melbourne,AU,VIC,RL,3750S 14456E,
AUPPI,Port Pirie,Port Pirie,AU,SA,AC,,
AUPQQ,Port Macquarie,Port Macquarie,AU,NSW,AC,,
AUPRB,Proper Bay,Proper Bay,AU,SA,AC,,
AUPRC,Price,Price,AU,SA,AC,,
AUPSM,Point Samson,Point Samson,AU,WA,AC,,
AUPST,Port Stanvac,Port Stanvac,AU,SA,AC,,
AUPSY,Port Stanley,Port Stanley,AU,TAS,AC,,
AUPTD,Port Dalrymple,Port Dalrymple,AU,QLD,UR,,
AUPTI,Port Douglas,Port Douglas,AU,QLD,AC,,
AUPTJ,Portland,Portland,AU,VIC,AC,,
AUPTL,Port Alma,Port Alma,AU,QLD,AC,,
AUPTW,Port Willunga,Port Willunga,AU,SA,RL,3516S 13827E,
AUPUG,Port Augusta,Port Augusta,AU,SA,AC,,
AUPWI,Point Wilson,Point Wilson,AU,VIC,AC,,
AUPWL,Port Walcott,Port Walcott,AU,WA,AC,,
AUPWR,Port Warrender,Port Warrender,AU,WA,AC,,
AUPYE,Pyrenees,Pyrenees,AU,VIC,RL,3705S 14329E,
AUPYR,Pyrmont,Pyrmont,AU,NSW,RL,3352S 15111E,
AUPYT,Pleystowe,Pleystowe,AU,QLD,RL,2109S 14901E,
AUQDN,Eden,Eden,AU,NSW,AC,,
AURAB,Rapid Bay,Rapid Bay,AU,SA,AC,,
AURAF,Raffles Bay,Raffles Bay,AU,NT,RL,1116S 13223E,
AURBU,Roebourne,Roebourne,AU,WA,AC,,
AURCM,Richmond,Richmond,AU,QLD,AC,,
AURDN,Risdon,Risdon,AU,TAS,AC,,
AURDS,Rhodes,Rhodes,AU,NSW,RL,3350S 15105E,
AUREV,Revesby,Revesby,AU,NSW,RL,3357S 15100E,
AURLL,Reynella,Reynella,AU,SA,RL,3606S 13832E,
AURNB,Rosslyn Bay,Rosslyn Bay,AU,QLD,RL,2310S 15047E,
AUROB,Robe,Robe,AU,SA,RL,3711S 13945E,
AUROK,Rockhampton,Rockhampton,AU,QLD,AC,,
AUROZ,Rozelle,Rozelle,AU,NSW,RL,3351S 15110E,
AURTS,Rottnest Island,Rottnest Island,AU,WA,AC,,
AURYP,Rocky Point,Rocky Point,AU,WA,RL,3330S 12359E,
AUSBN,South Brisbane,South Brisbane,AU,QLD,RL,2728S 15301E,
AUSCL,Clare,Clare,AU,SA,RL,3350S 13836E,
AUSCY,Scoresby,Scoresby,AU,VIC,RL,3754S 14513E,
AUSGT,Sandgate,Sandgate,AU,NSW,RL,3252S 15142E,
AUSHB,Shark Bay,Shark Bay,AU,WA,AC,,
AUSHC,Crux,Crux,AU,WA,RL,1257S 12426E,
AUSKA,Skardon River,Skardon River,AU,QLD,RL,1145S 14201E,
AUSKV,Skua Venture (oil terminal),Skua Venture (oil terminal),AU,NT,AC,,
AUSKY,Skye,Skye,AU,SA,RL,,
AUSMR,Seventeen Mile Rocks/Brisbane,Seventeen Mile Rocks/Brisbane,AU,QLD,RL,2733S 15257E,
AUSMT,Saladin Marine Terminal,Saladin Marine Terminal,AU,WA,AC,,
AUSOL,Shea Oak Log,Shea Oak Log,AU,SA,RL,3431S 13849E,
AUSPB,Spring Bay,Spring Bay,AU,TAS,AC,,
AUSPO,Spreyton,Spreyton,AU,TAS,RL,4113S 14621E,
AUSRN,Strahan,Strahan,AU,TAS,AC,,
AUSSH,Sellicks Hill,Sellicks Hill,AU,SA,RL,,
AUSTA,Stanley,Stanley,AU,TAS,AC,,
AUSTG,Stag Platform,Stag Platform,AU,WA,AC,,
AUSTR,South Trees,South Trees,AU,QLD,RL,2354S 15117E,
AUSUH,Surry Hills,Surry Hills,AU,NSW,RL,3353S 15113E,
AUSWR,South West Rocks,South West Rocks,AU,NSW,AC,,
AUSYD,Sydney,Sydney,AU,NSW,AC,3351S 15112E,
AUSYL,Sylvania,Sylvania,AU,NSW,RL,3401S 15106E,
AUT3P,Port Hacking,Port Hacking,AU,NSW,RL,3404S 15108E,
AUTHE,Thevenard,Thevenard,AU,SA,AC,,
AUTHS,Tweed Heads South,Tweed Heads South,AU,NSW,RL,2812S 15332E,
AUTIS,Thursday Island,Thursday Island,AU,QLD,AC,,
AUTOB,Towford Bay,Towford Bay,AU,,AC,,
AUTOL,Toombul,Toombul,AU,QLD,RL,2724S 15303E,
AUTOR,Toronto,Toronto,AU,NSW,RL,3300S 15136E,
AUTRB,Trial Bay,Trial Bay,AU,NSW,AC,,
AUTRD,Tooradin,Tooradin,AU,VIC,RL,3813S 14523E,
AUTRI,Troughton Island,Troughton Island,AU,WA,RL,1345S 12608E,
AUTSV,Townsville,Townsville,AU,QLD,AI,,
AUTTS,Blackmans Bay,Blackmans Bay,AU,TAS,RL,4259S 14719E,
AUULA,Ulladulla,Ulladulla,AU,NSW,RL,3521S 15025E,
AUULT,Ultimo,Ultimo,AU,NSW,RL,,
AUUMB,Umbakumba,Umbakumba,AU,NT,RL,1351S 13648E,
AUURN,Urangan,Urangan,AU,QLD,AC,,
AUUSL,Useless Loop,Useless Loop,AU,WA,AC,,
AUVAR,Varanus Island,Varanus Island,AU,WA,AC,,
AUVGH,Van Gogh Terminal,Van Gogh Terminal,AU,,RL,2124S 11405E,
AUVIB,Boronia,Boronia,AU,VIC,RL,,
AUVIC,Newtown,Newtown,AU,VIC,RL,3742S 14339E,
AUVIT,Wishart,Wishart,AU,VIC,RL,,
AUWAL,Wallaroo,Wallaroo,AU,SA,AC,,
AUWAZ,Warwick,Warwick,AU,QLD,AC,,
AUWBT,Woollybutt (Oil facility),Woollybutt (Oil facility),AU,WA,RL,2103S 11452E,
AUWEI,Weipa,Weipa,AU,QLD,AC,,
AUWEP,Westernport,Westernport,AU,VIC,AC,,
AUWHL,Welshpool,Welshpool,AU,VIC,AC,3840S 14626E,
AUWIH,Wingham,Wingham,AU,NSW,RL,3152S 15222E,
AUWMB,Warrnambool,Warrnambool,AU,VIC,AC,,
AUWNB,Withnell Bay,Withnell Bay,AU,WA,RL,2035S 11647E,
AUWNT,Wandoo Terminal,Wandoo Terminal,AU,WA,AC,,
AUWOO,Woolloomooloo,Woolloomooloo,AU,NSW,RL,3352S 15113E,
AUWOT,Wonthaggi,Wonthaggi,AU,VIC,AC,,
AUWRB,Werribee,Werribee,AU,VIC,RL,3754S 14439E,
AUWSI,Whitsunday Island,Whitsunday Island,AU,QLD,RL,2015S 14901E,
AUWSN,Warners Bay,Warners Bay,AU,NSW,RL,3258S 15139E,
AUWTN,Webberton,Webberton,AU,WA,RL,2845S 11437E,
AUWTW,Waterways,Waterways,AU,VIC,RL,3800S 14507E,
AUWWP,Wentworth Point,Wentworth Point,AU,NSW,RL,3350S 15104E,
AUWYA,Whyalla,Whyalla,AU,SA,AC,,
AUWYN,Wyndham,Wyndham,AU,WA,AC,,
AUYAM,Yampi,Yampi,AU,WA,AC,,
AUYBA,Yamba,Yamba,AU,NSW,RL,,
AUYRR,Yarra Junction,Yarra Junction,AU,VIC,RL,3747S 14537E,
AUZBO,Bowen,Bowen,AU,QLD,AC,,
AWAUA,Aruba,Aruba,AW,,AI,1230N 06958W,
AWBAR,Barcadera,Barcadera,AW,,RL,1229N 06959W,
AWBUS,Bushiribana,Bushiribana,AW,,RL,1233N 06958W,
AWDEU,Druif,Druif,AW,,RL,,
AWORJ,Oranjestad,Oranjestad,AW,,AI,,
AWSNL,Sint Nicolaas,Sint Nicolaas,AW,,AI,,
AXMHQ,Maarianhamina (Mariehamn),Maarianhamina (Mariehamn),AX,,AI,6006N 01957E,Mariehamn (Maarianhamina)
AZALA,Alat,Alat,AZ,BA,AM,3957N 04924E,
AZBAK,Baku,Baku,AZ,,AI,,
AZKMZ,Khachmaz,Khachmaz,AZ,XAC,RL,4159N 04735E,
AZQDG,Qaradag,Qaradag,AZ,,RL,4015N 04936E,
AZSHI,Shirvan,Shirvan,AZ,AGU,RL,3955N 04855E,
AZSUQ,Sumqayit,Sumqayit,AZ,SM,RL,4035N 04940E,
BA4CA,Cazin,Cazin,BA,BIH,RL,4458N 01556E,
BABIR,Biracevac,Biracevac,BA,,RL,,
BADOJ,Domaljevac,Domaljevac,BA,,RL,4503N 01834E,
BAFOJ,Fojnica,Fojnica,BA,,RL,4357N 01754E,
BAJBA,Jablanica,Jablanica,BA,,RL,4339N 01745E,
BAMAG,Maglaj,Maglaj,BA,BIH,RL,4432N 01805E,
BANEM,Neum,Neum,BA,,RL,4255N 01737E,
BASMT,Sanski Most,Sanski Most,BA,,RL,4446N 01640E,
BAVGS,Vogosca,Vogosca,BA,,RL,4354N 01821E,
BAZNK,Zvornik,Zvornik,BA,,RL,4423N 01906E,
BBBGI,Bridgetown,Bridgetown,BB,,AI,,
BBSTM,Saint Michael,Saint Michael,BB,08,RL,1307N 05936W,
BDASJ,Ashuganj,Ashuganj,BD,04,RL,2402N 09101E,
BDBNP,Benapole,Benapole,BD,,RL,2303N 08854E,
BDBZL,Barisal,Barisal,BD,,AI,,
BDCGP,Chattogram,Chattogram,BD,10,AI,2220N 09150E,
BDCHL,Chalna,Chalna,BD,,QQ,,
BDKHL,Khulna,Khulna,BD,,AI,,
BDMGL,Mongla,Mongla,BD,,RL,,
BDMUN,Munshiganj,Munshiganj,BD,35,RL,2333N 09032E,
BDNAR,Narayanganj,Narayanganj,BD,,QQ,,
BDPAY,Payra Port,Payra Port,BD,06,AA,2156N 09016E,
BDPCR,Panchashar,Panchashar,BD,40,RL,2334N 09030E,
BDPGN,Pangaon,Pangaon,BD,13,RL,2339N 09027E,
BE7PD,Athis,Athis,BE,WHT,RL,5022N 00346E,
BE9IR,Eben-Emael,Eben-Emael,BE,WLG,RL,5048N 00540E,
BEAAB,Aalst,Aalst,BE,VOV,RN,5056N 00402E,
BEAAL,Aalter,Aalter,BE,VOV,RN,5105N 00327E,
BEABK,Albertkanaal ports,Albertkanaal ports,BE,,AI,,
BEADK,Adinkerke,Adinkerke,BE,VWV,RN,5104N 00236E,
BEAEJ,Arendonk,Arendonk,BE,VAN,RN,5119N 00505E,
BEAFN,Afsnee,Afsnee,BE,VOV,RN,5102N 00340E,
BEAGT,Argenteau,Argenteau,BE,WLG,RN,5042N 00542E,
BEAHE,Antheit,Antheit,BE,WLG,RN,5033N 00513E,
BEAMY,Amay,Amay,BE,WLG,RN,5033N 00519E,
BEANB,Angleur,Angleur,BE,WLG,RN,5037N 00535E,
BEAND,Andenne,Andenne,BE,WNA,RL,5029N 00506E,
BEANH,Anhée,Anhee,BE,WNA,RN,5019N 00453E,
BEANR,Antwerpen,Antwerpen,BE,VAN,AI,5113N 00425E,
BEAPL,Appels,Appels,BE,VOV,RN,5102N 00404E,
BEAPS,Ampsin,Ampsin,BE,WLG,RN,5032N 00517E,
BEAPT,Appelterre-Eichem,Appelterre-Eichem,BE,VOV,RL,5049N 00358E,
BEASP,Asper,Asper,BE,VOV,RN,5055N 00339E,
BEASR,Anseremme,Anseremme,BE,WNA,RN,5015N 00454E,
BEAST,Astene,Astene,BE,VOV,RL,5059N 00333E,
BEATH,Ath,Ath,BE,WHT,RN,5037N 00346E,
BEATO,Antoing,Antoing,BE,WHT,RN,5034N 00327E,
BEAVE,Annevoie,Annevoie,BE,WNA,RN,5020N 00450E,
BEAVG,Anvaing,Anvaing,BE,WAL,RL,,
BEAVL,Avelgem,Avelgem,BE,VWV,RN,5046N 00326E,
BEAVS,Auvelais,Auvelais,BE,WNA,RN,5027N 00437E,
BEBAI,Baillonville,Baillonville,BE,WAL,RL,5017N 00520E,
BEBAN,Ben-Ahin,Ben-Ahin,BE,WLG,RN,5031N 00510E,
BEBAT,Battel,Battel,BE,VAN,RN,5103N 00427E,
BEBAZ,Bazel,Bazel,BE,VOV,RN,5109N 00418E,
BEBBG,Blankenberge,Blankenberge,BE,VWV,RN,5119N 00308E,
BEBCM,Berchem,Berchem,BE,VOV,RL,5047N 00330E,
BEBCR,Bellecourt,Bellecourt,BE,WHT,RN,5029N 00415E,
BEBDU,Baudour,Baudour,BE,WHT,RN,5029N 00349E,
BEBER,Beerse,Beerse,BE,VAN,RN,5119N 00452E,
BEBGK,Balgerhoek,Balgerhoek,BE,VOV,RL,5112N 00331E,
BEBGN,Briegden,Briegden,BE,VLI,RN,5052N 00537E,
BEBGS,Brugge (Bruges),Brugge (Bruges),BE,VWV,RN,5113N 00314E,
BEBHE,Boekhoute,Boekhoute,BE,VOV,RN,5115N 00343E,
BEBHR,Bléharies,Bleharies,BE,WHT,RN,5031N 00324E,
BEBHU,Buggenhout,Buggenhout,BE,VOV,RN,5101N 00412E,
BEBLE,Balen,Balen,BE,VAN,RN,5110N 00509E,
BEBLO,Beloeil,Beloeil,BE,WHT,RN,5033N 00343E,
BEBLT,Blaton,Blaton,BE,WHT,RN,5030N 00339E,
BEBMB,Boortmeerbeek,Boortmeerbeek,BE,VBR,RL,5059N 00434E,
BEBNU,Berneau,Berneau,BE,WLG,RN,5045N 00544E,
BEBO2,Bougnies,Bougnies,BE,WHT,RL,5023N 00356E,
BEBOA,Bas-Oha,Bas-Oha,BE,WLG,RN,5031N 00511E,
BEBOC,Bocholt,Bocholt,BE,VLI,RN,5110N 00535E,
BEBOM,Boom,Boom,BE,VAN,RN,5105N 00422E,
BEBON,Bornem,Bornem,BE,VAN,RN,5106N 00414E,
BEBOO,Boorsem,Boorsem,BE,VLI,RN,5056N 00543E,
BEBRE,Bree,Bree,BE,VLI,RN,5108N 00536E,
BEBRM,Beernem,Beernem,BE,VWV,RN,5109N 00320E,
BEBRT,Berendrecht,Berendrecht,BE,VAN,RN,5120N 00419E,
BEBRU,Brussel (Bruxelles),Brussel (Bruxelles),BE,BRU,AI,5050N 00420E,Bruxelles (Brussel)
BEBRY,Bruyelle,Bruyelle,BE,WHT,RN,5033N 00325E,
BEBSE,Bissegem,Bissegem,BE,VWV,RN,5049N 00313E,
BEBSI,Labuissière,Labuissiere,BE,WHT,RN,5019N 00410E,
BEBSR,Baasrode,Baasrode,BE,VOV,RL,5102N 00410E,
BEBSU,Bossuit,Bossuit,BE,VWV,RN,5045N 00324E,
BEBTX,Bertrix,Bertrix,BE,WLX,RN,4951N 00515E,
BEBUD,Burcht,Burcht,BE,VAN,RN,5112N 00421E,
BEBVE,Bever,Bever,BE,VBR,RN,5043N 00356E,
BEBVM,Bouvignes-sur-Meuse,Bouvignes-sur-Meuse,BE,WNA,RN,5016N 00454E,
BEBVO,Beverlo,Beverlo,BE,VLI,RN,5105N 00512E,
BEBWN,Warneton,Warneton,BE,WHT,RN,5045N 00257E,
BECBQ,Clabecq,Clabecq,BE,WBR,RN,5041N 00413E,
BECCS,Courcelles,Courcelles,BE,WHT,RL,5028N 00422E,
BECLN,Calonne,Calonne,BE,WHT,RN,5034N 00326E,
BECOM,Comines,Comines,BE,WHT,RN,5046N 00259E,
BECOU,Couillet,Couillet,BE,WHT,RN,5023N 00427E,
BECRA,Cheratte,Cheratte,BE,WLG,RN,5041N 00540E,
BECRL,Charleroi,Charleroi,BE,WHT,AI,5025N 00426E,
BECRQ,Chercq,Chercq,BE,WHT,RN,5035N 00324E,
BECTA,Chertal,Chertal,BE,WLG,RL,5041N 00540E,
BECTL,Châtelineau,Chatelineau,BE,WHT,RN,5025N 00431E,
BEDDR,Dendermonde,Dendermonde,BE,VOV,RN,5102N 00407E,
BEDEG,Deurne,Deurne,BE,VAN,RN,5113N 00428E,
BEDEL,Doel,Doel,BE,VOV,RN,5119N 00416E,
BEDEZ,Deinze,Deinze,BE,VOV,RN,5059N 00332E,
BEDGN,Drongen,Drongen,BE,VOV,RL,5103N 00340E,
BEDIA,Dinant,Dinant,BE,WNA,RN,5016N 00455E,
BEDIK,Diksmuide,Diksmuide,BE,VWV,RN,5102N 00252E,
BEDKN,Daknam,Daknam,BE,VOV,RL,5108N 00359E,
BEDLS,Dilsen,Dilsen,BE,VLI,RN,5102N 00544E,
BEDNB,Denderbelle,Denderbelle,BE,VOV,RL,5100N 00405E,
BEDPE,De Pinte,De Pinte,BE,VOV,RN,5100N 00339E,
BEDPK,Diepenbeek,Diepenbeek,BE,VLI,RN,5054N 00524E,
BEDPY,Dampremy,Dampremy,BE,WHT,RN,5025N 00424E,
BEDRW,Denderleeuw,Denderleeuw,BE,VOV,RN,5053N 00404E,
BEDSE,Dessel,Dessel,BE,VAN,RN,5114N 00507E,
BEDSL,Desselgem,Desselgem,BE,VWV,RN,5053N 00321E,
BEDUF,Duffel,Duffel,BE,VAN,RN,5106N 00431E,
BEDXN,Deux-Acren,Deux-Acren,BE,WHT,RN,5044N 00351E,
BEEAM,Ename,Ename,BE,VOV,RL,5051N 00338E,
BEEBM,Emblem,Emblem,BE,VAN,RN,5110N 00436E,
BEEBZ,Eigenbilzen,Eigenbilzen,BE,VLI,RN,5052N 00535E,
BEECH,Mechelen,Mechelen,BE,VAN,RN,5102N 00428E,
BEEEK,Eeklo,Eeklo,BE,VOV,RN,5111N 00334E,
BEEET,Éthe,Ethe,BE,WLX,RL,4935N 00535E,
BEEFS,Escanaffles,Escanaffles,BE,WHT,RN,5045N 00326E,
BEEHT,Eindhout,Eindhout,BE,VAN,RN,5106N 00500E,
BEEIN,Eine,Eine,BE,VOV,RN,5052N 00337E,
BEEKE,Ekeren,Ekeren,BE,VAN,RN,5117N 00425E,
BEEKS,Eksaarde,Eksaarde,BE,VOV,RL,5109N 00358E,
BEELS,Melsen,Melsen,BE,VOV,RL,5058N 00342E,
BEEMP,Estaimpuis,Estaimpuis,BE,WHT,RL,5042N 00315E,
BEENG,Engis,Engis,BE,WLG,RN,5035N 00525E,
BEEQE,Eke,Eke,BE,VOV,RL,5057N 00338E,
BEEQM,Esquelmes,Esquelmes,BE,WHT,RN,5040N 00320E,
BEERE,Ertvelde,Ertvelde,BE,VOV,RN,5111N 00345E,
BEESD,Eisden,Eisden,BE,VLI,RN,5059N 00543E,
BEEVM,Evergem,Evergem,BE,VOV,RN,5107N 00342E,
BEFCS,Farciennes,Farciennes,BE,WHT,RN,5026N 00433E,
BEFEY,Feluy,Feluy,BE,WHT,RN,5034N 00415E,
BEFFX,Floriffoux,Floriffoux,BE,WNA,RN,5027N 00446E,
BEFLN,Flône,Flone,BE,WLG,RN,5034N 00520E,
BEFLO,Floreffe,Floreffe,BE,WNA,RN,5026N 00447E,
BEFMA,Flémalle,Flemalle,BE,WLG,RN,5036N 00528E,
BEFNR,Franière,Franiere,BE,WNA,RL,5026N 00444E,
BEFRM,Fortem,Fortem,BE,VWV,RN,5101N 00244E,
BEFVT,Fontaine-Valmont,Fontaine-Valmont,BE,WHT,RN,5019N 00412E,
BEFWI,Flawinne,Flawinne,BE,WNA,RN,5028N 00448E,
BEGBB,Grobbendonk,Grobbendonk,BE,VAN,RN,5112N 00443E,
BEGBH,Genenbos,Genenbos,BE,VLI,RL,5101N 00514E,
BEGBU,Gentbrugge,Gentbrugge,BE,VOV,RN,5103N 00345E,
BEGDE,Godsheide,Godsheide,BE,VLI,RN,5056N 00523E,
BEGDN,Godinne,Godinne,BE,WNA,RN,5021N 00452E,
BEGEA,Geraardsbergen,Geraardsbergen,BE,VOV,RL,5046N 00352E,
BEGEL,Geel,Geel,BE,VAN,RL,5110N 00500E,
BEGGM,Grembergen,Grembergen,BE,VOV,RN,5103N 00406E,
BEGHI,Saint-Ghislain,Saint-Ghislain,BE,WHT,RN,5027N 00349E,
BEGHL,Ghlin,Ghlin,BE,WHT,RN,5028N 00353E,
BEGLK,Gellik,Gellik,BE,VLI,RN,5053N 00536E,
BEGNE,Gent (Ghent),Gent (Ghent),BE,VOV,AI,5103N 00343E,
BEGNK,Genk,Genk,BE,VLI,RN,5058N 00530E,
BEGOS,Gosselies,Gosselies,BE,WHT,RN,5028N 00425E,
BEGRB,Grimbergen,Grimbergen,BE,VBR,RN,5056N 00423E,
BEGRO,Groot Bijgaarden,Groot Bijgaarden,BE,BRU,RL,5052N 00416E,
BEGVR,Gavere,Gavere,BE,VOV,RL,5056N 00340E,
BEHAM,Hamsehoeven,Hamsehoeven,BE,VLI,RN,5107N 00511E,
BEHAR,Haren,Haren,BE,VBR,RL,5053N 00425E,
BEHBE,Hansbeke,Hansbeke,BE,VOV,RN,5104N 00332E,
BEHBN,Hoboken,Hoboken,BE,VAN,RN,5110N 00421E,
BEHCS,Harchies,Harchies,BE,WHT,RN,5029N 00341E,
BEHCT,Haccourt,Haccourt,BE,WLG,RL,5044N 00540E,
BEHDK,Heindonk,Heindonk,BE,VAN,RN,5104N 00424E,
BEHEE,Heer,Heer,BE,WNA,RN,5010N 00450E,
BEHEJ,Harelbeke,Harelbeke,BE,VWV,RN,5051N 00318E,
BEHER,Herentals,Herentals,BE,VAN,RN,5111N 00450E,
BEHET,Herent,Herent,BE,VLI,RL,5112N 00527E,
BEHEX,Hemiksem,Hemiksem,BE,VAN,RN,5109N 00421E,
BEHFB,Halle,Halle,BE,VBR,RN,5044N 00414E,
BEHGA,Houdeng-Aimeries,Houdeng-Aimeries,BE,WHT,RN,5029N 00408E,
BEHGG,Houdeng-Goegnies,Houdeng-Goegnies,BE,WHT,RN,5029N 00409E,
BEHKN,Helkijn,Helkijn,BE,VWV,RN,5044N 00323E,
BEHLU,Halluin,Halluin,BE,VWV,RL,5047N 00308E,
BEHMB,Ham-sur-Sambre,Ham-sur-Sambre,BE,WNA,RL,5026N 00440E,
BEHMH,Hermalle-sous-Huy,Hermalle-sous-Huy,BE,WLG,RN,5033N 00522E,
BEHMM,Hamme,Hamme,BE,VOV,RL,5105N 00332E,
BEHNA,Handzame,Handzame,BE,VWV,RL,5101N 00300E,
BEHNS,Hensies,Hensies,BE,WHT,RN,5026N 00340E,
BEHOL,Hollain,Hollain,BE,WHT,RN,5032N 00325E,
BEHPD,Hastière-par-delà,Hastiere-par-dela,BE,WNA,RN,5013N 00450E,
BEHRE,Havré,Havre,BE,WHT,RN,5028N 00402E,
BEHRP,Hourpes,Hourpes,BE,WHT,RN,5022N 00417E,
BEHRS,Herstal,Herstal,BE,WLG,RN,5040N 00538E,
BEHSD,Hofstade,Hofstade,BE,VOV,RN,5058N 00402E,
BEHSL,Sint-Huibrechts-Lille,Sint-Huibrechts-Lille,BE,VLI,RN,5113N 00529E,
BEHSS,Hasselt,Hasselt,BE,VLI,RN,5056N 00520E,
BEHTJ,Hautrage,Hautrage,BE,WHT,RN,5029N 00345E,
BEHTM,Hermeton-sur-Meuse,Hermeton-sur-Meuse,BE,WNA,RL,5012N 00449E,
BEHUM,Humbeek,Humbeek,BE,VBR,RN,5058N 00423E,
BEHUX,Houx,Houx,BE,WNA,RL,5018N 00454E,
BEHUY,Huy,Huy,BE,WLG,RL,5031N 00514E,
BEHVE,Hever,Hever,BE,VBR,RN,5100N 00433E,
BEHYB,Herdersem,Herdersem,BE,VOV,RN,5058N 00404E,
BEIAI,Denderhoutem,Denderhoutem,BE,VOV,RL,,
BEIGE,Ingelmunster,Ingelmunster,BE,VWV,RN,5055N 00315E,
BEISR,Isières,Isieres,BE,WHT,RN,5040N 00349E,
BEITR,Itter (Ittre),Itter (Ittre),BE,WBR,RN,5039N 00416E,Ittre (Itter)
BEIZG,Izegem,Izegem,BE,VWV,RN,5055N 00312E,
BEJAK,Jupille-sur-Meuse,Jupille-sur-Meuse,BE,WLG,RL,5039N 00538E,
BEJAM,Jambes,Jambes,BE,WNA,RL,5027N 00453E,
BEJAV,Java,Java,BE,WLG,RN,5031N 00509E,
BEJKP,Sint-Jacobs-Kapelle,Sint-Jacobs-Kapelle,BE,VWV,RL,5100N 00249E,
BEJPS,Jemeppe-sur-Sambre,Jemeppe-sur-Sambre,BE,WNA,RN,5028N 00440E,
BEKAI,Kain,Kain,BE,WHT,RN,5038N 00322E,
BEKAN,Canne (Kanne),Canne (Kanne),BE,VLI,RN,5049N 00540E,Kanne (Canne)
BEKCT,Kachtem,Kachtem,BE,VWV,RL,5056N 00311E,
BEKDE,Kieldrecht,Kieldrecht,BE,VOV,RN,5117N 00410E,
BEKEK,Kruibeke,Kruibeke,BE,VOV,RN,5110N 00419E,
BEKHN,Kerkhove,Kerkhove,BE,VWV,RN,5048N 00330E,
BEKJK,Kortrijk,Kortrijk,BE,VWV,AI,5050N 00316E,
BEKLE,Kaulille,Kaulille,BE,VLI,RL,5111N 00531E,
BEKMH,Kampenhout,Kampenhout,BE,VBR,RN,5057N 00433E,
BEKNS,Knesselaere,Knesselaere,BE,VOV,RN,5108N 00325E,
BEKOU,Kallo,Kallo,BE,VOV,RN,5115N 00417E,
BEKPB,Kapelle-op-den-Bos,Kapelle-op-den-Bos,BE,VBR,RN,5101N 00422E,
BEKRN,Kuringen,Kuringen,BE,VLI,RL,5057N 00518E,
BEKRO,Kinrooi,Kinrooi,BE,VLI,RN,5109N 00545E,
BEKSN,Kessenich,Kessenich,BE,VLI,RN,5109N 00549E,
BEKSR,Kluisbergen,Kluisbergen,BE,VOV,RN,5047N 00331E,
BEKUU,Kuurne,Kuurne,BE,VWV,RN,5051N 00317E,
BEKVE,Klein Veerle,Klein Veerle,BE,VAN,RN,5120N 00440E,
BEKWA,Kwaadmechelen,Kwaadmechelen,BE,VLI,RL,5106N 00508E,
BELAN,Lanaken,Lanaken,BE,VLI,RN,5053N 00539E,
BELAW,Lauwe,Lauwe,BE,VWV,RL,5048N 00311E,
BELBE,Lembeek,Lembeek,BE,VBR,RN,5043N 00413E,
BELBS,Lobbes,Lobbes,BE,WHT,RL,5021N 00415E,
BELDS,Landelies,Landelies,BE,WHT,RN,5023N 00421E,
BELES,Lessines,Lessines,BE,WHT,RN,5043N 00350E,
BELEU,Leuven,Leuven,BE,VBR,RN,5053N 00442E,
BELFE,Leffinge,Leffinge,BE,VWV,RN,5110N 00253E,
BELGB,Langerbrugge,Langerbrugge,BE,VOV,RN,5107N 00344E,
BELGG,Liège,Liege,BE,WLG,AI,5038N 00534E,
BELGM,Landegem,Landegem,BE,VOV,RL,5103N 00334E,
BELGO,Langerlo,Langerlo,BE,VLI,RN,5057N 00530E,
BELHK,Liefkenshoek,Liefkenshoek,BE,VOV,RN,5101N 00353E,
BELIE,Lier,Lier,BE,VAN,RN,5108N 00434E,
BELIL,Lillo,Lillo,BE,VAN,RN,5118N 00418E,
BELIX,Lixhe,Lixhe,BE,WLG,RN,5045N 00540E,
BELML,Lommel,Lommel,BE,VLI,RN,5114N 00518E,
BELNK,Lanklaar,Lanklaar,BE,VLI,RN,5101N 00543E,
BELNY,Lanaye (Ternaaien),Lanaye (Ternaaien),BE,WLG,RN,5047N 00541E,Ternaaien (Lanaye)
BELOK,Lokeren,Lokeren,BE,VOV,RL,5106N 00359E,
BELOT,Lot,Lot,BE,VBR,RN,5046N 00416E,
BELOZ,Lozen,Lozen,BE,VLI,RN,5112N 00534E,
BELPG,Leopoldsburg,Leopoldsburg,BE,VLI,RN,5107N 00515E,
BELPI,Laplaigne,Laplaigne,BE,WHT,RN,5031N 00326E,
BELQA,Lanquesaint,Lanquesaint,BE,WHT,RL,5039N 00348E,
BELRG,Ledeberg,Ledeberg,BE,VOV,RN,5102N 00345E,
BELSG,Lissewege,Lissewege,BE,VWV,RN,5118N 00311E,
BELUI,Lustin,Lustin,BE,WNA,RL,5023N 00454E,
BELUM,Lummen,Lummen,BE,VLI,RN,5059N 00512E,
BELUZ,Ladeuze,Ladeuze,BE,WHT,RL,5034N 00346E,
BEMAN,Manage,Manage,BE,WHT,RN,5030N 00413E,
BEMAP,Marchienne-au-Pont,Marchienne-au-Pont,BE,WHT,RN,5024N 00423E,
BEMBY,Maubray,Maubray,BE,WHT,RL,5033N 00330E,
BEMEE,Meer,Meer,BE,VAN,RN,5127N 00444E,
BEMEG,Meilegem,Meilegem,BE,VOV,RL,5054N 00342E,
BEMEH,Meerhout,Meerhout,BE,VAN,RN,5108N 00505E,
BEMEL,Melle,Melle,BE,VOV,RN,5100N 00348E,
BEMEN,Menen,Menen,BE,VWV,RN,5048N 00307E,
BEMEW,Moerbeke-Waas,Moerbeke-Waas,BE,VOV,RN,5110N 00356E,
BEMFF,Maffle,Maffle,BE,WHT,RN,5037N 00348E,
BEMGM,Meigem,Meigem,BE,VOV,RL,5101N 00332E,
BEMGN,Moignelée,Moignelee,BE,WNA,RL,5027N 00435E,
BEMGS,Montignies-sur-Sambre,Montignies-sur-Sambre,BE,WHT,RN,5024N 00430E,
BEMHN,Massenhoven,Massenhoven,BE,VAN,RN,5112N 00437E,
BEMLD,Marche-les-Dames,Marche-les-Dames,BE,WNA,RL,5029N 00458E,
BEMLO,Mol,Mol,BE,VAN,RL,5111N 00506E,
BEMLY,Marly,Marly,BE,VBR,RN,5053N 00423E,
BEMMN,Maasmechelen,Maasmechelen,BE,VLI,RN,5049N 00540E,
BEMNO,Moen,Moen,BE,VWV,RN,5046N 00324E,
BEMQS,Mons,Mons,BE,WHT,RL,5027N 00356E,
BEMRB,Moerbrugge,Moerbrugge,BE,VWV,RL,5110N 00316E,
BEMRD,Merendree,Merendree,BE,VOV,RN,5105N 00335E,
BEMRG,Maurage,Maurage,BE,WHT,RN,5027N 00405E,
BEMRK,Merksem,Merksem,BE,VAN,RN,5115N 00427E,
BEMRL,Merelbeke,Merelbeke,BE,VOV,RN,5100N 00345E,
BEMRM,Merkem,Merkem,BE,VWV,RN,5057N 00251E,
BEMRO,Mornimont,Mornimont,BE,WNA,RL,5027N 00442E,
BEMSI,Monsin,Monsin,BE,WLG,RN,5040N 00538E,
BEMSJ,Molenbeek-Saint-Jean (Sint-Jans-Molenbeek)/Brussel (Bruxelles),Molenbeek-Saint-Jean (Sint-Jans-Molenbeek)/Brussel (Bruxelles),BE,BRU,RN,5051N 00419E,Sint-Jans-Molenbeek (Molenbeek-Saint-Jean)/Brussel (Bruxelles)
BEMSK,Maaseik,Maaseik,BE,VLI,RN,5106N 00548E,
BEMSP,Mespelare,Mespelare,BE,VOV,RL,5100N 00404E,
BEMSR,Maisières,Maisieres,BE,WHT,RN,5029N 00357E,
BEMSS,Monceau-sur-Sambre,Monceau-sur-Sambre,BE,WHT,RN,5025N 00422E,
BEMUI,Muizen,Muizen,BE,VAN,RL,5101N 00431E,
BEMZK,Moerzeke,Moerzeke,BE,VOV,RL,5104N 00409E,
BENAM,Namur,Namur,BE,WNA,RN,5028N 00452E,
BENBA,Nimy,Nimy,BE,WHT,RN,5028N 00357E,
BENFE,Neffe,Neffe,BE,WNA,RL,5014N 00455E,
BENHA,Neerharen,Neerharen,BE,VLI,RL,5055N 00541E,
BENHY,Neuville-sous-Huy,Neuville-sous-Huy,BE,WLG,RL,5032N 00517E,
BENIE,Nieuwpoort,Nieuwpoort,BE,VWV,RN,5108N 00245E,
BENIL,Niel,Niel,BE,VAN,RN,5107N 00420E,
BENMC,Namêche,Nameche,BE,WNA,RL,5028N 00500E,
BENNV,Ninove,Ninove,BE,VOV,RL,5050N 00401E,
BENRP,Neerpelt,Neerpelt,BE,VLI,RN,5113N 00525E,
BENRT,Neeroeteren,Neeroeteren,BE,VLI,RN,5105N 00542E,
BENRY,Renory,Renory,BE,WLG,RN,5036N 00533E,
BENVH,Neder-Over-Heembeek,Neder-Over-Heembeek,BE,VBR,RN,5054N 00423E,
BENVL,Nevele,Nevele,BE,VOV,RN,5102N 00333E,
BENVN,Noeveren,Noeveren,BE,VAN,RN,5106N 00421E,
BENYL,Nijlen,Nijlen,BE,VAN,RN,5110N 00439E,
BEOBG,Oudenburg,Oudenburg,BE,VWV,RN,5111N 00300E,
BEOBR,Obourg,Obourg,BE,WHT,RN,5028N 00400E,
BEOBT,Ombret-Rawsa,Ombret-Rawsa,BE,WLG,RN,5033N 00520E,
BEODE,Auderghem (Oudergem)/Brussel (Bruxelles),Auderghem (Oudergem)/Brussel (Bruxelles),BE,BRU,RN,5049N 00426E,Oudergem (Auderghem)/Brussel (Bruxelles)
BEOEL,Oelegem,Oelegem,BE,VAN,RN,5113N 00435E,
BEOEV,Oevel,Oevel,BE,VAN,RN,5108N 00453E,
BEOGS,Ollignies,Ollignies,BE,WHT,RN,5041N 00351E,
BEOHN,Ophoven,Ophoven,BE,VLI,RN,5107N 00548E,
BEOKG,Okegem,Okegem,BE,VOV,RL,5051N 00403E,
BEOKP,Oostkamp,Oostkamp,BE,VWV,RL,5109N 00314E,
BEOLE,Overboelare,Overboelare,BE,VOV,RN,5045N 00351E,
BEOLN,Olen,Olen,BE,VAN,RN,5109N 00451E,
BEOOG,Ooigem,Ooigem,BE,VWV,RL,5053N 00320E,
BEOPI,Opitter,Opitter,BE,VLI,RL,5107N 00539E,
BEOPY,Oupeye,Oupeye,BE,WLG,RN,5042N 00539E,
BEOQC,Oisquercq,Oisquercq,BE,WBR,RN,5040N 00413E,
BEORR,Orroir,Orroir,BE,WHT,RL,5045N 00328E,
BEOSG,Oeselgem,Oeselgem,BE,VWV,RL,5056N 00326E,
BEOST,Oostende (Ostend),Oostende (Ostend),BE,VWV,AI,5112N 00255E,Ostend (Oostende)
BEOTH,Oud-Turnhout,Oud-Turnhout,BE,VAN,RN,5119N 00459E,
BEOTK,Oostkerke,Oostkerke,BE,VWV,RL,5117N 00317E,
BEOTL,Oosterlo,Oosterlo,BE,VAN,RL,5107N 00458E,
BEOUD,Oudenaarde,Oudenaarde,BE,VOV,RN,5051N 00336E,
BEOUG,Ougrée,Ougree,BE,WLG,RN,5036N 00532E,
BEOVE,Overpelt,Overpelt,BE,VLI,RL,5113N 00525E,
BEOZL,Onkerzele,Onkerzele,BE,VOV,RL,5047N 00354E,
BEPAL,Paal,Paal,BE,VLI,RN,5102N 00511E,
BEPCL,Pont-à-Celles,Pont-a-Celles,BE,WHT,RL,5030N 00421E,
BEPCQ,Pecq,Pecq,BE,WHT,RN,5041N 00320E,
BEPES,Péronnes,Peronnes,BE,WHT,RL,5033N 00326E,
BEPFE,Profondeville,Profondeville,BE,WNA,RN,5023N 00452E,
BEPKH,Pollinkhove,Pollinkhove,BE,VWV,RL,5058N 00244E,
BEPLB,Péronnes/Binche,Peronnes/Binche,BE,WHT,RN,5026N 00408E,
BEPLO,Pont-de-Loup,Pont-de-Loup,BE,WHT,RN,5025N 00432E,
BEPLY,Petit-Lanaye,Petit-Lanaye,BE,WLG,RL,5047N 00541E,
BEPME,Pommeroeul,Pommeroeul,BE,WHT,RN,5027N 00342E,
BEPML,Pamel,Pamel,BE,VBR,RL,5050N 00404E,
BEPTP,Pijp Tabak,Pijp Tabak,BE,VAN,RN,5114N 00421E,
BEPTS,Pottes,Pottes,BE,WHT,RN,5044N 00324E,
BEPUU,Puurs,Puurs,BE,VAN,RN,5105N 00417E,
BERAR,La Roche-en-Ardenne,La Roche-en-Ardenne,BE,WLX,RN,5011N 00535E,
BERBE,Roesbrugge,Roesbrugge,BE,VWV,RN,5055N 00237E,
BERBX,Rebaix,Rebaix,BE,WHT,RN,5039N 00347E,
BERCI,Ramegnies-Chin,Ramegnies-Chin,BE,WHT,RN,5039N 00319E,
BERCL,Richelle,Richelle,BE,WLG,RL,5043N 00541E,
BERCT,Roucourt,Roucourt,BE,WHT,RN,5032N 00335E,
BEREK,Rekkem,Rekkem,BE,VOV,RN,5050N 00337E,
BEREQ,Erquelinnes,Erquelinnes,BE,WHT,RN,5018N 00407E,
BERGE,Reninge,Reninge,BE,VWV,RN,5057N 00247E,
BERHA,Roesbrugge-Haringe,Roesbrugge-Haringe,BE,VWV,RN,5055N 00237E,
BERIE,Rieme,Rieme,BE,VOV,RN,5110N 00347E,
BERIJ,Rijkevorsel,Rijkevorsel,BE,VAN,RN,5121N 00446E,
BERIN,Beringen,Beringen,BE,VLI,RN,5103N 00513E,
BERJT,Rocourt,Rocourt,BE,WAL,RL,5041N 00533E,
BEROE,Roeselare,Roeselare,BE,VWV,RN,5057N 00308E,
BEROS,Roselies,Roselies,BE,WHT,RL,5026N 00435E,
BEROU,Le Roeulx,Le Roeulx,BE,WHT,RN,5030N 00406E,
BEROX,Roux,Roux,BE,WHT,RN,5026N 00423E,
BERPM,Rupelmonde,Rupelmonde,BE,VOV,RL,5108N 00417E,
BERQS,Ronquières,Ronquieres,BE,WHT,RL,5036N 00413E,
BERTI,Retie,Retie,BE,VAN,RN,5116N 00504E,
BERUE,Ruien,Ruien,BE,VOV,RN,5046N 00329E,
BERUI,Ruisbroek,Ruisbroek,BE,VBR,RN,5047N 00418E,
BERUS,Rumst,Rumst,BE,VAN,RN,5105N 00425E,
BERVE,Rivière,Riviere,BE,WNA,RL,5021N 00452E,
BERVS,Ravels,Ravels,BE,VAN,RN,5122N 00500E,
BESAN,Sint-Andries,Sint-Andries,BE,VWV,RN,5111N 00311E,
BESAS,Sint-Amands,Sint-Amands,BE,VAN,RN,5103N 00412E,
BESBE,Steenbrugge,Steenbrugge,BE,VWV,RN,5111N 00314E,
BESBG,Stambruges,Stambruges,BE,WHT,RN,5030N 00343E,
BESCE,Schilde,Schilde,BE,VAN,RN,5114N 00434E,
BESCT,Schoten,Schoten,BE,VAN,RN,5115N 00430E,
BESDP,Steendorp,Steendorp,BE,VOV,RN,5108N 00416E,
BESDT,Soudromont,Soudromont,BE,WHT,RN,5031N 00415E,
BESEN,Seneffe,Seneffe,BE,WHT,RN,5031N 00415E,
BESES,Seilles,Seilles,BE,WNA,RN,5030N 00504E,
BESGM,Stasegem,Stasegem,BE,VWV,RL,5050N 00318E,
BESGX,Sclaigneaux,Sclaigneaux,BE,WNA,RN,5030N 00500E,
BESHB,Schellebelle,Schellebelle,BE,VOV,RN,5101N 00356E,
BESHL,Schelle,Schelle,BE,VAN,RN,5108N 00420E,
BESHR,Schelderode,Schelderode,BE,VOV,RL,5058N 00343E,
BESJG,Sint-Job-in-'t-Goor,Sint-Job-in-'t-Goor,BE,VAN,RN,5118N 00434E,
BESJO,Sint-Jozef-Olen,Sint-Jozef-Olen,BE,VAN,RN,5111N 00453E,
BESJR,Sint-Joris,Sint-Joris,BE,VWV,RN,5108N 00246E,
BESKA,Sint Katelijne Waver,Sint Katelijne Waver,BE,,RL,,
BESKR,Stokrooie,Stokrooie,BE,VLI,RN,5058N 00516E,
BESLJ,Sas-Slijkens,Sas-Slijkens,BE,VWV,RL,5113N 00257E,
BESLN,Sint-Lenaarts,Sint-Lenaarts,BE,VAN,RN,5121N 00441E,
BESLS,Salles,Salles,BE,WHT,RL,5003N 00415E,
BESLY,Sclayn,Sclayn,BE,WNA,RN,5029N 00502E,
BESML,Sint-Martens-Latem,Sint-Martens-Latem,BE,VOV,RN,5101N 00338E,
BESNE,Schoonaarde,Schoonaarde,BE,VOV,RN,5100N 00401E,
BESPE,Scheepsdale,Scheepsdale,BE,VWV,RN,5113N 00312E,
BESPI,Espierres (Spiere),Espierres (Spiere),BE,VWV,RN,5043N 00321E,Spiere (Espierres)
BESSB,Solre-sur-Sambre,Solre-sur-Sambre,BE,WHT,RL,5018N 00408E,
BESSK,Snaaskerke,Snaaskerke,BE,VWV,RN,5111N 00256E,
BESSN,Sclessin,Sclessin,BE,WLG,RN,5037N 00533E,
BESSO,Samson,Samson,BE,WNA,RL,5028N 00459E,
BESTT,Statte,Statte,BE,WLG,RL,5032N 00513E,
BESVG,Ruisbroek,Ruisbroek,BE,VAN,RN,5105N 00420E,
BESVN,Stevensvennen,Stevensvennen,BE,VLI,RN,5113N 00514E,
BETBE,Tournebride,Tournebride,BE,VLI,RN,5054N 00541E,
BETDK,Terdonk,Terdonk,BE,VOV,RN,5109N 00347E,
BETER,Ternat,Ternat,BE,VBR,RN,5052N 00411E,
BETES,Tessenderlo,Tessenderlo,BE,VLI,RN,5104N 00505E,
BETET,Tertre,Tertre,BE,WHT,RN,5028N 00348E,
BETFN,Teralfene,Teralfene,BE,VBR,RL,5054N 00406E,
BETGE,Tergnée,Tergnee,BE,WHT,RN,5026N 00433E,
BETGL,Tongerlo,Tongerlo,BE,VLI,RN,5108N 00540E,
BETGN,Terhagen,Terhagen,BE,VAN,RN,5105N 00424E,
BETHE,Thieu,Thieu,BE,WHT,RN,5028N 00405E,
BETHG,Tihange,Tihange,BE,WLG,RN,5032N 00516E,
BETHU,Thuin,Thuin,BE,WHT,RN,5020N 00417E,
BETIL,Tielrode,Tielrode,BE,VOV,RN,5107N 00411E,
BETIS,Tisselt,Tisselt,BE,VAN,RL,5102N 00422E,
BETLK,Tildonk,Tildonk,BE,VBR,RN,5057N 00438E,
BETLR,Tilleur,Tilleur,BE,WLG,RL,5037N 00532E,
BETMS,Tamines,Tamines,BE,WNA,RN,5026N 00436E,
BETOB,Thorntonbank,Thorntonbank,BE,,RL,5138N 00255E,
BETRG,Thorembais-les-Beguines,Thorembais-les-Beguines,BE,WBR,RL,,
BETRN,Doornik (Tournai),Doornik (Tournai),BE,WHT,RN,5036N 00323E,Tournai (Doornik)
BETSE,Temse,Temse,BE,VOV,RN,5108N 00413E,
BETSL,Tourinnes-St-Lambert,Tourinnes-St-Lambert,BE,WAL,RL,5038N 00443E,
BETTJ,Heultje,Heultje,BE,BRU,RL,,
BETUR,Turnhout,Turnhout,BE,VAN,RN,5119N 00457E,
BEUIT,Uitbergen,Uitbergen,BE,VOV,RN,5101N 00357E,
BEVBG,Verbrande Brug,Verbrande Brug,BE,VBR,RN,5057N 00425E,
BEVEU,Veurne,Veurne,BE,VWV,RN,5104N 00240E,
BEVGL,Virginal-Samme,Virginal-Samme,BE,WBR,RN,5038N 00411E,
BEVHN,Vroenhoven,Vroenhoven,BE,VLI,RN,5049N 00538E,
BEVIL,Vilvoorde,Vilvoorde,BE,VBR,RN,5056N 00426E,
BEVIT,Sankt Vith,Sankt Vith,BE,,RL,5040N 00642E,
BEVLX,Vaulx,Vaulx,BE,WHT,RL,5004N 00422E,
BEVSB,Val Saint-Lambert,Val Saint-Lambert,BE,WLG,RL,5035N 00529E,
BEVSH,Ville-sur-Haine,Ville-sur-Haine,BE,WHT,RN,5028N 00403E,
BEVSL,Viersel,Viersel,BE,VAN,RN,5111N 00438E,
BEVVI,Viesville,Viesville,BE,WHT,RL,5029N 00424E,
BEVWZ,Veldwezelt,Veldwezelt,BE,VLI,RN,5052N 00538E,
BEVZI,Vezin,Vezin,BE,WNA,RL,5030N 00501E,
BEW5R,Awirs,Awirs,BE,WLG,RL,5036N 00524E,
BEWAA,Waasmunster,Waasmunster,BE,VOV,RN,5106N 00405E,
BEWAH,Hoves,Hoves,BE,WAL,RL,,
BEWAN,Wanze,Wanze,BE,WLG,RN,5032N 00513E,
BEWAR,Waregem,Waregem,BE,VWV,RN,5053N 00325E,
BEWBR,Maransart,Maransart,BE,WBR,RL,5040N 00427E,
BEWCG,Warcoing,Warcoing,BE,WHT,RL,5042N 00320E,
BEWDG,Wondelgem,Wondelgem,BE,VOV,RN,5105N 00343E,
BEWDM,Waardamme,Waardamme,BE,VWV,RL,5107N 00313E,
BEWEE,Wingene,Wingene,BE,VWV,RN,5104N 00316E,
BEWEL,Wellen,Wellen,BE,VLI,RN,5051N 00519E,
BEWER,Wervik,Wervik,BE,VWV,RN,5047N 00302E,
BEWET,Wetteren,Wetteren,BE,VOV,RN,5100N 00353E,
BEWEV,Wevelgem,Wevelgem,BE,VWV,RN,5048N 00310E,
BEWGL,Wijgmaal,Wijgmaal,BE,VBR,RN,5056N 00442E,
BEWHT,Blaregnies,Blaregnies,BE,WHT,RL,5021N 00353E,
BEWIH,Wichelen,Wichelen,BE,VOV,RN,5100N 00359E,
BEWIP,Wépion,Wepion,BE,WNA,RN,5025N 00452E,
BEWIR,Wiers,Wiers,BE,WHT,RN,5030N 00332E,
BEWJG,Wijnegem,Wijnegem,BE,VAN,RN,5114N 00432E,
BEWLB,Willebroek,Willebroek,BE,VAN,RL,5104N 00422E,
BEWLM,Walem,Walem,BE,VAN,RL,5104N 00428E,
BEWLP,Wulpen,Wulpen,BE,VWV,RL,5106N 00242E,
BEWLT,Waulsort,Waulsort,BE,WNA,RN,5013N 00452E,
BEWND,Wandre,Wandre,BE,WLG,RN,5040N 00539E,
BEWTH,Wintham,Wintham,BE,VAN,RN,5106N 00418E,
BEXXX,RIS Inland waterways,RIS Inland waterways,BE,,AI,,
BEYRT,Ivoz-Ramet,Ivoz-Ramet,BE,WLG,RN,5035N 00526E,
BEYVO,Yvoir,Yvoir,BE,WNA,RN,5020N 00453E,
BEZBR,Zandbergen,Zandbergen,BE,VOV,RN,5048N 00358E,
BEZEE,Zeebrugge,Zeebrugge,BE,VWV,AI,5120N 00312E,
BEZEL,Zelzate,Zelzate,BE,VOV,AI,5112N 00349E,
BEZER,Seraing,Seraing,BE,WLG,RN,5036N 00529E,
BEZET,Zemst,Zemst,BE,VBR,RL,5059N 00428E,
BEZGM,Zingem,Zingem,BE,VOV,RN,5054N 00339E,
BEZLE,Zele,Zele,BE,VOV,RN,5104N 00402E,
BEZOD,Zolder,Zolder,BE,VLI,RN,5101N 00518E,
BEZRM,Zomergem,Zomergem,BE,VOV,RN,5107N 00333E,
BEZTL,Zutendaal,Zutendaal,BE,VLI,RN,5056N 00534E,
BEZUL,Zulte,Zulte,BE,VOV,RN,5055N 00326E,
BEZUN,Zuen (Zuun),Zuen (Zuun),BE,VBR,RN,5047N 00416E,Zuun (Zuen)
BEZVD,Zandvoorde,Zandvoorde,BE,VWV,RL,5112N 00258E,
BEZVT,Zandvliet,Zandvliet,BE,VAN,RN,5122N 00418E,
BEZWE,Zwevegem,Zwevegem,BE,VWV,RN,5048N 00320E,
BEZWL,Zwijndrecht,Zwijndrecht,BE,VAN,RN,5113N 00420E,
BEZWN,Zwijnaarde,Zwijnaarde,BE,VOV,RN,5100N 00343E,
BFOB2,Ziniaré,Ziniare,BF,OUB,RL,1235N 00118W,
BG4IG,Ignatievo,Ignatievo,BG,03,RL,4315N 02746E,
BGAKH,Akhtopol,Akhtopol,BG,,RL,4206N 02757E,
BGBAL,Balchik,Balchik,BG,,RL,4325N 02810E,
BGBOJ,Burgas,Burgas,BG,,AC,,
BGBSL,Byala Slatina,Byala Slatina,BG,,RL,4328N 02357E,
BGGUR,Gurkovo,Gurkovo,BG,24,RL,4239N 02547E,
BGKUK,Kuklen,Kuklen,BG,16,RL,4202N 02447E,
BGMAB,Marchevo,Marchevo,BG,01,RL,4136N 02348E,
BGNES,Nessebar,Nessebar,BG,,RL,4239N 02744E,
BGNPO,Nikopol,Nikopol,BG,15,RL,4341N 02453E,
BGOKH,Oryakhovo,Oryakhovo,BG,,RL,4344N 02357E,
BGPOD,Podayva,Podayva,BG,17,RL,,
BGRDU,Ruse,Ruse,BG,,AC,4351N 02558E,
BGS3W,Straldzha,Straldzha,BG,28,RL,4236N 02641E,
BGSLS,Silistra,Silistra,BG,,AI,,
BGSOM,Somovit,Somovit,BG,,QQ,,
BGSOZ,Sozopol,Sozopol,BG,,RL,4225N 02742E,
BGSVI,Svistov,Svistov,BG,,AC,,
BGVAR,Varna,Varna,BG,,AI,,
BGVAZ,Varna-Zapad,Varna-Zapad,BG,,QQ,,
BGVID,Vidin,Vidin,BG,,AI,,
BGVT4,Byala Cherkva,Byala Cherkva,BG,04,RL,4312N 02518E,
BGXXX,RIS Inland waterways,RIS Inland waterways,BG,,AI,,
BHAHD,Al Hidd,Al Hidd,BH,15,AA,2614N 05039E,
BHGBQ,Al Muharraq,Al Muharraq,BH,15,AA,2615N 05036E,
BHKBS,Khalifa Bin Salman Port,Khalifa Bin Salman Port,BH,15,AA,2612N 05037E,
BHMIN,Mina Sulman Port,Mina Sulman Port,BH,13,AA,2612N 05037E,
BHSIT,Sitrah,Sitrah,BH,16,AA,2608N 05037E,
BICBK,Cibitoke,Cibitoke,BI,BM,RL,0320S 02922E,
BJCOO,Cotonou,Cotonou,BJ,,AI,,
BJPTN,Porto-Novo,Porto-Novo,BJ,OU,RL,0629N 00237E,
BJSEM,Seme Terminal,Seme Terminal,BJ,,RL,,
BLSBH,Saint-Barthélemy,Saint-Barthelemy,BL,,AI,1754N 06251W,
BMBDA,Hamilton,Hamilton,BM,,AI,,
BMFPT,Freeport,Freeport,BM,,QQ,,
BMHBI,Harbour Island,Harbour Island,BM,,RL,2530N 07638W,
BMKWF,Kings Wharf,Kings Wharf,BM,,RL,,
BMSAN,Sandys,Sandys,BM,,RL,3218N 06452W,
BMSEV,Devonshire,Devonshire,BM,,RL,3218N 06445W,
BMSGE,Saint George,Saint George,BM,,RL,3223N 06441W,
BMSOU,Southampton,Southampton,BM,,RL,3215N 06451W,
BNBWN,Bandar Seri Begawan,Bandar Seri Begawan,BN,BM,AI,0453N 11456E,
BNKUB,Kuala Belait,Kuala Belait,BN,,AI,,
BNLUM,Lumut,Lumut,BN,,QQ,,
BNMUA,Muara,Muara,BN,,QQ,,
BNSER,Seria,Seria,BN,,QQ,,
BNTAS,Tanjong Selirong,Tanjong Selirong,BN,TE,AS,0454N 11507E,
BOCPB,Copacabana,Copacabana,BO,L,AC,1609S 06905W,
BOGUQ,Guaqui,Guaqui,BO,L,AI,1635S 06852W,
BOHTJ,Huatajata,Huatajata,BO,L,RL,1610S 06844W,
BOPBU,Puerto Busch,Puerto Busch,BO,S,AI,2002S 05758W,
BOPPR,Puerto Pérez,Puerto Perez,BO,L,AC,1616S 06838W,
BOPSZ,Puerto Suárez,Puerto Suarez,BO,S,AI,1857S 05748W,
BOPTC,Puerto Carabuco,Puerto Carabuco,BO,L,RL,1545S 06904W,
BOPUR,Puerto Rico,Puerto Rico,BO,N,RL,1105S 06738W,
BOQJR,Puerto Quijarro,Puerto Quijarro,BO,S,AI,1747S 05746W,
BORBQ,Rurrenabaque,Rurrenabaque,BO,B,AI,1428S 06734W,
BORIB,Riberalta,Riberalta,BO,B,AI,1059S 06606W,
BOTDD,Trinidad,Trinidad,BO,B,AI,1450S 06454W,
BQBON,Bonaire,Bonaire,BQ,,AI,1207N 06816W,
BQEUX,Sint Eustatius,Sint Eustatius,BQ,,AI,1729N 06258W,
BQGOT,Goto,Goto,BQ,,RL,1213N 06823W,
BQKRA,Kralendijk,Kralendijk,BQ,,AI,1209N 06816W,
BQRIN,Dorp Rincón,Dorp Rincon,BQ,,RL,1214N 06820W,
BQSAB,Saba,Saba,BQ,,AI,1738N 06314W,
BRAAR,Acará,Acara,BR,PA,AA,0157S 04812W,
BRABZ,Armação dos Búzios,Armacao dos Buzios,BR,RJ,AA,2245S 04153W,
BRACT,Alcântara,Alcantara,BR,MA,AA,0224S 04425W,
BRACX,Açu Pt / São João da Barra,Acu Pt / Sao Joao da Barra,BR,RJ,AA,2149S 04101W,
BRADR,Angra dos Reis,Angra dos Reis,BR,RJ,AA,2300S 04419W,
BRAFU,Afuá,Afua,BR,PA,AA,0009S 05023W,
BRAJU,Aracaju,Aracaju,BR,SE,AA,1054S 03702W,
BRALT,Alenquer,Alenquer,BR,PA,AA,0157S 05444W,
BRAMM,Almeirim,Almeirim,BR,PA,AA,0131S 05234W,
BRANA,Ananindeua,Ananindeua,BR,PA,AA,0122S 04822W,
BRANH,Anhembi,Anhembi,BR,SP,AA,2247S 04807W,
BRANS,Araguatins,Araguatins,BR,TO,AA,0539S 04807W,
BRANT,Antonina,Antonina,BR,PR,AA,2525S 04842W,
BRARB,Aratu Pt / Candeias,Aratu Pt / Candeias,BR,BA,AA,1247S 03830W,
BRARE,Areia Branca,Areia Branca,BR,RN,AA,0457S 03707W,
BRARU,Araçatuba,Aracatuba,BR,SP,AA,2112S 05026W,
BRATM,Altamira,Altamira,BR,PA,AA,0312S 05212W,
BRAUN,Aruanã,Aruana,BR,GO,AA,1454S 05104W,
BRAUS,Autazes,Autazes,BR,AM,AA,0334S 05908W,
BRBAC,Balneário Camboriú,Balneario Camboriu,BR,SC,AA,2659S 04838W,
BRBAR,Barra dos Coqueiros,Barra dos Coqueiros,BR,SE,AA,1054S 03702W,
BRBAZ,Barcelos,Barcelos,BR,AM,AA,0058S 06255W,
BRBCE,Bacabeira,Bacabeira,BR,MA,AA,0259S 04418W,
BRBCT,Benjamin Constant,Benjamin Constant,BR,AM,AA,0422S 07001W,
BRBEA,Barreirinha,Barreirinha,BR,AM,AA,0247S 05704W,
BRBEI,Beruri,Beruri,BR,AM,AA,0353S 06122W,
BRBEL,Belém,Belem,BR,PA,AA,0127S 04829W,
BRBIR,Bariri,Bariri,BR,SP,AA,2204S 04844W,
BRBLE,Belmonte,Belmonte,BR,BA,AA,1551S 03852W,
BRBOB,Borba,Borba,BR,AM,AA,0423S 05935W,
BRBQQ,Barra,Barra,BR,BA,AA,1105S 04308W,
BRBSS,Balsas,Balsas,BR,MA,AA,0731S 04602W,
BRBVI,Benevides,Benevides,BR,PA,AA,0121S 04814W,
BRBVR,Boa Vista do Ramos,Boa Vista do Ramos,BR,AM,AA,0258S 05735W,
BRBVS,Breves,Breves,BR,PA,AA,0141S 05028W,
BRCAN,Canoas,Canoas,BR,RS,AA,2955S 05110W,
BRCAR,Coari,Coari,BR,AM,AA,0405S 06308W,
BRCCS,Conchas,Conchas,BR,SP,AA,2300S 04800W,
BRCCX,Cáceres,Caceres,BR,MT,AA,1604S 05740W,
BRCCY,Caracaraí,Caracarai,BR,RR,AA,0148N 06108W,
BRCDA,Codajás,Codajas,BR,AM,AA,0350S 06203W,
BRCDO,Cabedelo Pt / João Pessoa,Cabedelo Pt / Joao Pessoa,BR,PB,AA,0658S 03450W,
BRCFO,Cabo Frio,Cabo Frio,BR,RJ,AA,2252S 04201W,
BRCGA,Conceição do Araguaia,Conceicao do Araguaia,BR,PA,AA,0815S 04915W,
BRCGZ,Campos dos Goytacazes,Campos dos Goytacazes,BR,RJ,AA,2145S 04119W,
BRCHE,Chaves,Chaves,BR,PA,AA,0009S 04959W,
BRCHI,Cachoeira do Arari,Cachoeira do Arari,BR,PA,AA,0100S 04857W,
BRCLN,Carolina,Carolina,BR,MA,AA,0719S 04728W,
BRCMA,Cametá,Cameta,BR,PA,AA,0214S 04929W,
BRCMG,Corumbá,Corumba,BR,MS,AA,1900S 05738W,
BRCPR,Cachoeira do Piriá,Cachoeira do Piria,BR,PA,AA,0145S 04632W,
BRCQD,Charqueadas,Charqueadas,BR,RS,AA,2957S 05137W,
BRCRL,Caravelas,Caravelas,BR,BA,AA,1744S 03915W,
BRCRY,Carauari,Carauari,BR,AM,AA,0452S 06653W,
BRCSL,Cachoeira do Sul,Cachoeira do Sul,BR,RS,AA,3002S 05253W,
BRCTM,Canutama,Canutama,BR,AM,AA,0631S 06423W,
BRCUO,Cubatão,Cubatao,BR,SP,AA,2353S 04625W,
BRCVZ,Careiro da Várzea,Careiro da Varzea,BR,AM,AA,0311S 05949W,
BRCZS,Cruzeiro do Sul,Cruzeiro do Sul,BR,AC,AA,0737S 07240W,
BRDCS,Duque de Caxias,Duque de Caxias,BR,RJ,AA,2247S 04318W,
BRERN,Eirunepé,Eirunepe,BR,AM,AA,0640S 06951W,
BRETA,Estrela,Estrela,BR,RS,AA,2930S 05158W,
BRFBA,Fonte Boa,Fonte Boa,BR,AM,AA,0230S 06605W,
BRFEN,Fernando de Noronha,Fernando de Noronha,BR,PE,AA,0351S 03226W,
BRFNO,Forno Pt / Arraial do Cabo,Forno Pt / Arraial do Cabo,BR,RJ,AA,2258S 04201W,
BRFOR,Fortaleza,Fortaleza,BR,CE,AA,0343S 03835W,
BRGIA,Guaíra,Guaira,BR,PR,AA,2405S 05414W,
BRGIB,Guaíba,Guaiba,BR,RS,AA,3006S 05118W,
BRGJM,Guajará-Mirim,Guajara-Mirim,BR,RO,AA,1046S 06519W,
BRGJR,Guajará,Guajara,BR,AM,AA,0732S 07234W,
BRGNS,Galinhos,Galinhos,BR,RN,AA,0505S 03616W,
BRGRP,Gurupá,Gurupa,BR,PA,AA,0124S 05138W,
BRGUA,Guamaré,Guamare,BR,RN,AA,0506S 03619W,
BRGUJ,Guarujá,Guaruja,BR,SP,AA,2359S 04614W,
BRHMA,Humaitá,Humaita,BR,AM,AA,0730S 06301W,
BRIAR,Itacoatiara,Itacoatiara,BR,AM,AA,0308S 05826W,
BRIBB,Imbituba,Imbituba,BR,SC,AA,2814S 04840W,
BRIBE,Ilhabela,Ilhabela,BR,SP,AA,2347S 04521W,
BRIBT,Ibotirama,Ibotirama,BR,BA,AA,1211S 04313W,
BRIGU,Foz do Iguaçu,Foz do Iguacu,BR,PR,AA,2532S 05435W,
BRIIM,Itapemirim,Itapemirim,BR,ES,AA,2100S 04050W,
BRIMP,Imperatriz,Imperatriz,BR,MA,AA,0531S 04728W,
BRIOA,Itapoá,Itapoa,BR,SC,AA,2600S 04836W,
BRIOS,Ilhéus,Ilheus,BR,BA,AA,1447S 03902W,
BRIPG,Itapiranga,Itapiranga,BR,AM,AA,0244S 05802W,
BRIQI,Itaqui Pt / São Luís,Itaqui Pt / Sao Luis,BR,MA,AA,0234S 04422W,
BRIRB,Iranduba,Iranduba,BR,AM,AA,0316S 06011W,
BRISA,Ilha Solteira,Ilha Solteira,BR,SP,AA,2025S 05120W,
BRITB,Itaituba,Itaituba,BR,PA,AA,0415S 05559W,
BRITJ,Itajaí,Itajai,BR,SC,AA,2654S 04839W,
BRITQ,Itaqui,Itaqui,BR,RS,AA,2907S 05633W,
BRIXA,Ipixuna,Ipixuna,BR,AM,AA,0703S 07141W,
BRJAG,Jaguarão,Jaguarao,BR,RS,AA,3233S 05322W,
BRJAU,Jaú,Jau,BR,SP,AA,2217S 04833W,
BRJUR,Juruti,Juruti,BR,PA,AA,0209S 05605W,
BRJZO,Juazeiro,Juazeiro,BR,BA,AA,0924S 04030W,
BRLDR,Ladário,Ladario,BR,MS,AA,1900S 05736W,
BRLJI,Laranjal do Jari,Laranjal do Jari,BR,AP,AA,0051S 05232W,
BRLRS,Linhares,Linhares,BR,ES,AA,1923S 04003W,
BRMAB,Marabá,Maraba,BR,PA,AA,0521S 04908W,
BRMAO,Manaus,Manaus,BR,AM,AA,0308S 06001W,
BRMAR,Maragogipe,Maragogipe,BR,BA,AA,1246S 03855W,
BRMAS,Maués,Maues,BR,AM,AA,0323S 05742W,
BRMCP,Santana Pt / Macapá,Santana Pt / Macapa,BR,AP,AA,0003S 05110W,
BRMCU,Macau,Macau,BR,RN,AA,0506S 03638W,
BRMCZ,Maceió,Maceio,BR,AL,AA,0939S 03542W,
BRMDD,Madre de Deus,Madre de Deus,BR,BA,AA,1244S 03836W,
BRMEA,Macaé,Macae,BR,RJ,AA,2222S 04146W,
BRMGT,Mangaratiba,Mangaratiba,BR,RJ,AA,2257S 04402W,
BRMNV,Mundo Novo,Mundo Novo,BR,MS,AA,2356S 05416W,
BRMNX,Manicoré,Manicore,BR,AM,AA,0548S 06117W,
BRMOS,Mossoró,Mossoro,BR,RN,AA,0511S 03721W,
BRMOU,Moju,Moju,BR,PA,AA,0153S 04846W,
BRMPR,Manacapuru,Manacapuru,BR,AM,AA,0317S 06037W,
BRMQR,Manaquiri,Manaquiri,BR,AM,AA,0325S 06027W,
BRMRC,Maricá,Marica,BR,RJ,AA,2255S 04249W,
BRMTE,Monte Alegre,Monte Alegre,BR,PA,AA,0200S 05404W,
BRNAA,Nhamundá,Nhamunda,BR,AM,AA,0211S 05643W,
BRNAO,Novo Airão,Novo Airao,BR,AM,AA,0237S 06056W,
BRNAT,Natal,Natal,BR,RN,AA,0545S 03515W,
BRNON,Nova Olinda do Norte,Nova Olinda do Norte,BR,AM,AA,0353S 05905W,
BRNOR,Praia Norte,Praia Norte,BR,TO,AA,0523S 04748W,
BRNTR,Niterói,Niteroi,BR,RJ,AA,2253S 04304W,
BRNVP,Novo Aripuanã,Novo Aripuana,BR,AM,AA,0507S 06022W,
BRNVT,Navegantes,Navegantes,BR,SC,AA,2653S 04838W,
BROBI,Óbidos,Obidos,BR,PA,AA,0154S 05530W,
BRORX,Oriximiná,Oriximina,BR,PA,AA,0145S 05551W,
BRPBD,Pato Bragado,Pato Bragado,BR,PR,AA,2437S 05413W,
BRPBO,Porto Belo,Porto Belo,BR,SC,AA,2708S 04836W,
BRPDM,Porto de Moz,Porto de Moz,BR,PA,AA,0144S 05214W,
BRPEC,Pecém Pt / São Gonçalo do Amarante,Pecem Pt / Sao Goncalo do Amarante,BR,CE,AA,0331S 03852W,
BRPEO,Presidente Epitácio,Presidente Epitacio,BR,SP,AA,2146S 05206W,
BRPET,Pelotas,Pelotas,BR,RS,AA,3143S 05220W,
BRPIN,Parintins,Parintins,BR,AM,AA,0237S 05644W,
BRPIP,Pirapora,Pirapora,BR,MG,AA,1720S 04457W,
BRPKY,Presidente Kennedy,Presidente Kennedy,BR,ES,AA,2106S 04103W,
BRPMA,Ponta da Madeira Pt / São Luís,Ponta da Madeira Pt / Sao Luis,BR,MA,AA,0232S 04421W,
BRPMH,Porto Murtinho,Porto Murtinho,BR,MS,AA,2142S 05753W,
BRPNG,Paranaguá,Paranagua,BR,PR,AA,2530S 04831W,
BRPNS,Pederneiras,Pederneiras,BR,SP,AA,2221S 04846W,
BRPNX,Panorama,Panorama,BR,SP,AA,2121S 05151W,
BRPNZ,Petrolina,Petrolina,BR,PE,AA,0923S 04029W,
BRPOA,Porto Alegre,Porto Alegre,BR,RS,AA,3001S 05113W,
BRPOL,Portel,Portel,BR,PA,AA,0156S 05049W,
BRPOU,Ponta do Ubu Pt / Anchieta,Ponta do Ubu Pt / Anchieta,BR,ES,AA,2046S 04034W,
BRPPN,Pontal do Paraná,Pontal do Parana,BR,PR,AA,2535S 04826W,
BRPRH,Prainha,Prainha,BR,PA,AA,0148S 05328W,
BRPRM,Praia Mole Pt / Vitória,Praia Mole Pt / Vitoria,BR,ES,AA,2018S 04013W,
BRPRU,Paracuru,Paracuru,BR,CE,AA,0324S 03901W,
BRPVH,Porto Velho,Porto Velho,BR,RO,AA,0846S 06349W,
BRPWA,Porto Acre,Porto Acre,BR,AC,AA,0936S 06732W,
BRPWR,Porto Walter,Porto Walter,BR,AC,AA,0815S 07244W,
BRRBR,Rio Branco,Rio Branco,BR,AC,AA,0958S 06748W,
BRRCH,Barra do Riacho Pt / Aracruz,Barra do Riacho Pt / Aracruz,BR,ES,AA,1951S 04002W,
BRREC,Recife,Recife,BR,PE,AA,0803S 03453W,
BRRGC,Araguacema,Araguacema,BR,TO,AA,0848S 04933W,
BRRIG,Rio Grande,Rio Grande,BR,RS,AA,3203S 05205W,
BRRIO,Rio de Janeiro,Rio de Janeiro,BR,RJ,AA,2252S 04313W,
BRRPO,Rio Pardo,Rio Pardo,BR,RS,AA,2959S 05222W,
BRSEF,Senador José Porfírio,Senador Jose Porfirio,BR,PA,AA,0235S 05157W,
BRSER,Serra,Serra,BR,ES,AA,2009S 04016W,
BRSFS,São Francisco do Sul,Sao Francisco do Sul,BR,SC,AA,2614S 04838W,
BRSGM,São Miguel do Guamá,Sao Miguel do Guama,BR,PA,AA,0137S 04728W,
BRSGO,São Gonçalo,Sao Goncalo,BR,RJ,AA,2249S 04301W,
BRSIR,Santa Isabel do Rio Negro,Santa Isabel do Rio Negro,BR,AM,AA,0025S 06501W,
BRSLV,Salvaterra,Salvaterra,BR,PA,AA,0045S 04830W,
BRSMS,São Mateus,Sao Mateus,BR,ES,AA,1843S 03951W,
BRSNH,Santa Helena,Santa Helena,BR,PR,AA,2451S 05420W,
BRSPB,Itaguaí Pt = Sepetiba Pt / Itaguaí,Itaguai Pt = Sepetiba Pt / Itaguai,BR,RJ,AA,2252S 04346W,
BRSPD,São Pedro,Sao Pedro,BR,SP,AA,2232S 04754W,
BRSPV,São Paulo de Olivença,Sao Paulo de Olivenca,BR,AM,AA,0327S 06856W,
BRSSA,Salvador,Salvador,BR,BA,AA,1300S 03829W,
BRSSB,São Sebastião do Uatumã,Sao Sebastiao do Uatuma,BR,AM,AA,0234S 05752W,
BRSSI,São Simão,Sao Simao,BR,GO,AA,1859S 05032W,
BRSSO,São Sebastião,Sao Sebastiao,BR,SP,AA,2348S 04524W,
BRSSR,Santa Maria da Serra,Santa Maria da Serra,BR,SP,AA,2234S 04809W,
BRSSZ,Santos,Santos,BR,SP,AA,2356S 04619W,
BRSTM,Santarém,Santarem,BR,PA,AA,0226S 05443W,
BRSTU,Santa Terezinha de Itaipu,Santa Terezinha de Itaipu,BR,PR,AA,2526S 05423W,
BRSUA,Suape Pt / Ipojuca,Suape Pt / Ipojuca,BR,PE,AA,0824S 03458W,
BRSUE,Soure,Soure,BR,PA,AA,0043S 04830W,
BRSVP,Santa Vitória do Palmar,Santa Vitoria do Palmar,BR,RS,AA,3331S 05322W,
BRTAQ,Taquari,Taquari,BR,RS,AA,2948S 05151W,
BRTBT,Tabatinga,Tabatinga,BR,AM,AA,0413S 06956W,
BRTFF,Tefé,Tefe,BR,AM,AA,0320S 06442W,
BRTFO,Triunfo,Triunfo,BR,RS,AA,2956S 05142W,
BRTLD,Tailândia,Tailandia,BR,PA,AA,0256S 04857W,
BRTLG,Três Lagoas,Tres Lagoas,BR,MS,AA,2047S 05142W,
BRTMT,Porto Trombetas / Oriximiná,Porto Trombetas / Oriximina,BR,PA,AA,0128S 05623W,
BRTNS,Tonantins,Tonantins,BR,AM,AA,0251S 06746W,
BRTPW,Tapauá,Tapaua,BR,AM,AA,0537S 06311W,
BRTRM,Tramandaí,Tramandai,BR,RS,AA,2959S 05007W,
BRTRO,Terra Roxa,Terra Roxa,BR,PR,AA,2410S 05405W,
BRTST,Terra Santa,Terra Santa,BR,PA,AA,0206S 05629W,
BRTUB,Tubarão Pt / Vitória,Tubarao Pt / Vitoria,BR,ES,AA,2016S 04013W,
BRUBT,Ubatuba,Ubatuba,BR,SP,AA,2326S 04504W,
BRURT,Urucurituba,Urucurituba,BR,AM,AA,0308S 05809W,
BRVDC,Vila do Conde Pt / Barcarena,Vila do Conde Pt / Barcarena,BR,PA,AA,0131S 04843W,
BRVDX,Vitória do Xingu,Vitoria do Xingu,BR,PA,AA,0253S 05200W,
BRVGR,Várzea Grande,Varzea Grande,BR,MT,AA,1539S 05608W,
BRVIE,Vila Bela da Santíssima Trindade,Vila Bela da Santissima Trindade,BR,MT,AA,1500S 05957W,
BRVIX,Vitória,Vitoria,BR,ES,AA,2019S 04019W,
BRVVE,Vila Velha,Vila Velha,BR,ES,AA,2020S 04017W,
BRXAA,Xambioá,Xambioa,BR,TO,AA,0624S 04831W,
BRXQI,Xique-Xique,Xique-Xique,BR,BA,AA,1049S 04243W,
BRYTR,Itamarati,Itamarati,BR,AM,AA,0626S 06814W,
BSASD,"Andros Town, Andros Island","Andros Town, Andros Island",BS,,AI,,
BSBKC,Bock Cay,Bock Cay,BS,EX,RL,2349N 07610W,
BSCBT,Cockburn Town,Cockburn Town,BS,SS,RL,2402N 07431W,
BSCCZ,"Chub Cay, Berry Islands","Chub Cay, Berry Islands",BS,,AI,,
BSCEL,Cape Eleuthera,Cape Eleuthera,BS,SE,AI,2449N 07621W,
BSCLP,Clifton Point,Clifton Point,BS,,RL,2500N 07732W,
BSCOC,Little Stirrup Cay,Little Stirrup Cay,BS,BY,RL,2549N 07756W,
BSCOX,Congo Town,Congo Town,BS,SA,AI,2409N 07732W,
BSCRI,Crooked Island,Crooked Island,BS,,AI,,
BSELE,Eleuthera Island,Eleuthera Island,BS,,RL,,
BSEXU,Great Exuma Island,Great Exuma Island,BS,EX,RL,2332N 07550W,
BSFPO,"Freeport, Grand Bahama","Freeport, Grand Bahama",BS,,AI,,
BSGGT,"George Town, Great Exuma Island","George Town, Great Exuma Island",BS,,AI,,
BSGHB,"Governors Harbour, Eleuthera","Governors Harbour, Eleuthera",BS,,AI,,
BSGHC,Great Harbour Cay,Great Harbour Cay,BS,BY,AI,2545N 07750W,
BSGOC,Gorda Cay,Gorda Cay,BS,,RL,2605N 07732W,
BSGSC,Great Stirrup Cay,Great Stirrup Cay,BS,BY,RL,2550N 07754W,
BSGTC,Green Turtle Cay,Green Turtle Cay,BS,HT,AI,2645N 07720W,
BSHBI,Harbour Island,Harbour Island,BS,HI,AI,2530N 07638W,
BSHMC,Little San Salvador,Little San Salvador,BS,,RL,2435N 07555W,
BSIGA,Inagua,Inagua,BS,,AI,,
BSLUC,Lucaya,Lucaya,BS,FP,RL,2631N 07838W,
BSMAT,Matthew Town,Matthew Town,BS,,RL,,
BSMHH,Marsh Harbour,Marsh Harbour,BS,CO,AI,2632N 07658W,
BSMYG,Mayaguana Island,Mayaguana Island,BS,,AI,,
BSNAS,Nassau,Nassau,BS,,AI,2505N 07721W,
BSOCE,Ocean Cay,Ocean Cay,BS,,RL,,
BSRSD,Rock Sound,Rock Sound,BS,SE,AS,2454N 07612W,
BSSAQ,San Andros,San Andros,BS,NS,AI,2504N 07803W,
BSSML,Stella Maris,Stella Maris,BS,LI,AI,2336N 07518W,
BSSRP,South Riding Point,South Riding Point,BS,,RL,,
BSTBI,The Bight,The Bight,BS,CI,AI,2419N 07524W,
BSTCB,"Treasure Cay, Great Abaco Island","Treasure Cay, Great Abaco Island",BS,,AI,,
BSWKR,Walker's Cay,Walker's Cay,BS,,AI,,
BSWTD,West End,West End,BS,FP,AI,2641N 07858W,
BSZSA,San Salvador Island,San Salvador Island,BS,,AI,,
BWDUK,Dukwi,Dukwi,BW,CE,RL,2035S 02632E,
BWMAH,Mahalapye,Mahalapye,BW,,RL,2306S 02650E,
BYKLK,Kletsk,Kletsk,BY,,RL,5303N 02637E,
BYKYC,Kostyukovichi,Kostyukovichi,BY,,RL,5321N 03203E,
BYPIK,Pinsk,Pinsk,BY,,RL,5207N 02605E,
BYRYA,Rechytsa,Rechytsa,BY,,RL,5221N 03024E,
BYSNM,Slonim,Slonim,BY,,RL,5306N 02519E,
BYVAW,Vawkavysk,Vawkavysk,BY,,RL,5309N 02426E,
BZBAR,Barranco,Barranco,BZ,,RL,1600N 08855W,
BZBGK,Big Creek,Big Creek,BZ,SC,RL,1631N 08824W,
BZBZE,Belize City,Belize City,BZ,,AI,,
BZCOL,Colinto,Colinto,BZ,,QQ,,
BZDGA,Dangriga,Dangriga,BZ,,RL,1658N 08813W,
CAAAB,Lac La Biche,Lac La Biche,CA,AB,RL,5446N 11157W,
CAAAL,Alert Bay,Alert Bay,CA,BC,AI,,
CAABL,Amberly,Amberly,CA,ON,RL,4403N 08143W,
CAABR,Rocky View County,Rocky View County,CA,AB,RL,5111N 11356W,
CAAGU,Aguathuna,Aguathuna,CA,NL,RL,4833N 05846W,
CAAHL,Apple Hill,Apple Hill,CA,ON,RL,,
CAALK,Adlavik,Adlavik,CA,NL,AS,5455N 05855W,
CAALO,L'Anse-au-Loup,L'Anse-au-Loup,CA,NL,RL,5131N 05650W,
CAALV,Atholville,Atholville,CA,NB,RL,4759N 06643W,
CAAMH,Amherstburg,Amherstburg,CA,ON,AS,,
CAANB,Andys Bay,Andys Bay,CA,BC,AS,,
CAANZ,Anzac,Anzac,CA,AB,RL,5626N 11102W,
CAARB,Arctic Bay,Arctic Bay,CA,NU,AS,7302N 08510W,
CAARC,Arnold's Cove,Arnold's Cove,CA,NL,AS,4746N 05359W,
CAARI,Arichat,Arichat,CA,NS,RL,4531N 06101W,
CAASQ,Asquith,Asquith,CA,SK,RL,5207N 10713W,
CAAVO,Avondale,Avondale,CA,NL,AS,4725N 05312W,
CAAVP,Avonport,Avonport,CA,NS,RL,4506N 06415W,
CABAA,Bala,Bala,CA,ON,RL,4500N 07936W,
CABAD,Baddeck,Baddeck,CA,NS,RL,,
CABAM,Bamberton,Bamberton,CA,BC,RL,,
CABAN,Barrington,Barrington,CA,NS,RL,4334N 06534W,
CABAT,Bathurst,Bathurst,CA,NB,AS,,
CABAY,Bayside (St Roberts),Bayside (St Roberts),CA,NB,AS,,
CABBB,Blubber Bay,Blubber Bay,CA,BC,AS,,
CABBU,Bay Bulls,Bay Bulls,CA,NL,AS,4720N 05250W,
CABBY,Blind Bay,Blind Bay,CA,BC,AS,,
CABC2,Bow City,Bow City,CA,AB,RL,5025N 11216W,
CABCK,Brockville,Brockville,CA,ON,AC,,
CABCO,Baie Comeau,Baie Comeau,CA,QC,AS,,
CABCT,Bancroft,Bancroft,CA,ON,RL,,
CABCV,Beale Cove,Beale Cove,CA,BC,AS,,
CABDF,Bedford,Bedford,CA,NS,RL,4443N 06341W,
CABDR,Bald Rock,Bald Rock,CA,NS,RL,4428N 06334W,
CABEA,Beaver Cove,Beaver Cove,CA,BC,RL,5031N 12652W,
CABEC,Bécancour,Becancour,CA,QC,AS,4620N 07226W,
CABEH,Beaver Harbour,Beaver Harbour,CA,NB,RL,,
CABEL,Belledune,Belledune,CA,NB,AS,,
CABFR,Beresford,Beresford,CA,NB,RL,4741N 06542W,
CABGT,Bagotville,Bagotville,CA,QC,AC,,
CABIN,Burrard Inlet,Burrard Inlet,CA,BC,RL,4918N 12311W,
CABJO,Baie-Johan-Beetz,Baie-Johan-Beetz,CA,QC,AS,5018N 06250W,
CABKA,Brocket,Brocket,CA,AB,RL,4933N 11346W,
CABKN,Brooklyn,Brooklyn,CA,NS,RL,,
CABLC,Bella Coola,Bella Coola,CA,BC,AS,,
CABLD,Belwood,Belwood,CA,ON,RL,4346N 08020W,
CABLH,Blacks Harbour,Blacks Harbour,CA,NB,AS,,
CABLK,Baker Lake,Baker Lake,CA,NU,RL,6419N 09602W,
CABLL,Beloeil,Beloeil,CA,QC,AS,,
CABLR,Blind River,Blind River,CA,ON,RL,,
CABLV,Belleville,Belleville,CA,ON,AS,,
CABNI,Bowen Island,Bowen Island,CA,BC,RL,4922N 12320W,
CABOB,Bobcaygeon,Bobcaygeon,CA,ON,RL,4432N 07833W,
CABOJ,Saint-Bruno-Lac-Saint-Jean,Saint-Bruno-Lac-Saint-Jean,CA,,RL,4828N 07140W,
CABOR,Borden,Borden,CA,PE,RL,4615N 06342W,
CABPO,Beach Point,Beach Point,CA,PE,RL,4601N 06229W,
CABRD,Brentwood Bay,Brentwood Bay,CA,BC,RL,4835N 12327W,
CABRI,Britannia Beach,Britannia Beach,CA,BC,RL,,
CABRL,Burlington,Burlington,CA,ON,AS,,
CABRT,Broughton Is,Broughton Is,CA,NU,AS,,
CABRW,Bridgewater,Bridgewater,CA,NS,RL,,
CABSK,Blackstock,Blackstock,CA,ON,RL,4406N 07847W,
CABST,"Bayside, Charlotte","Bayside, Charlotte",CA,NB,RL,4508N 06707W,
CABTF,Butterfly Bay,Butterfly Bay,CA,BC,AS,,
CABTH,Bath,Bath,CA,ON,AS,,
CABTT,Britt,Britt,CA,ON,AS,,
CABUA,Bull Arm,Bull Arm,CA,NL,RL,4750N 05352W,
CABUE,Bouctouche,Bouctouche,CA,NB,RL,4628N 06443W,
CABUI,Burin,Burin,CA,NL,AC,4703N 05511W,
CABUK,Burks Falls,Burks Falls,CA,ON,RL,4538N 07927W,
CABUO,Burgeo,Burgeo,CA,NL,RL,4736N 05738W,
CABUS,Burnside,Burnside,CA,NL,AS,4842N 05348W,
CABVE,Baie Verte,Baie Verte,CA,NL,AS,4955N 05611W,
CABWD,Botwood,Botwood,CA,NL,AS,4909N 05522W,
CABWV,Bowmanville,Bowmanville,CA,ON,AS,,
CABYR,Bay Roberts,Bay Roberts,CA,NL,AS,4735N 05318W,
CACAC,Cap-Chat,Cap-Chat,CA,QC,RL,4905N 06641W,
CACAH,Canso,Canso,CA,NS,RL,4520N 06100W,
CACAM,Campbell River,Campbell River,CA,BC,AS,5001N 12515W,
CACAQ,Caraquet,Caraquet,CA,NB,AS,,
CACAT,Catalina,Catalina,CA,NL,AC,4831N 05305W,
CACAU,Coal Harbour,Coal Harbour,CA,BC,RL,5036N 12735W,
CACBC,Come By Chance,Come By Chance,CA,NL,AS,4751N 05359W,
CACBF,Campbellford,Campbellford,CA,ON,RL,4418N 07747W,
CACBG,Cobourg,Cobourg,CA,ON,RL,4358N 07810W,
CACBK,Corner Brook,Corner Brook,CA,NL,AS,4857N 05756W,
CACBY,Carberry,Carberry,CA,MB,RL,4952N 09921W,
CACCB,Cowichan Bay,Cowichan Bay,CA,BC,AS,,
CACCI,Crystal City,Crystal City,CA,MB,RL,4908N 09857W,
CACCV,Comfort Cove,Comfort Cove,CA,NL,RL,4920N 05452W,
CACDN,Cardinal,Cardinal,CA,ON,AS,,
CACDO,Cape Dorset,Cape Dorset,CA,NU,AS,,
CACFL,Cooper Cliff,Cooper Cliff,CA,ON,RL,,
CACHA,Charlottetown,Charlottetown,CA,PE,AS,4614N 06308W,
CACHI,Chicoutimi,Chicoutimi,CA,QC,AS,,
CACHM,Chemainus,Chemainus,CA,BC,AS,,
CACHN,Chatham,Chatham,CA,NB,AS,,
CACHR,Chandler,Chandler,CA,QC,AS,,
CACHS,Cohasset,Cohasset,CA,NS,AS,,
CACHT,Chéticamp,Cheticamp,CA,NS,RL,4637N 06101W,
CACHV,Churchill,Churchill,CA,MB,AS,5846N 09411W,
CACIL,Change Islands,Change Islands,CA,NL,RL,4940N 05425W,
CACLB,Colborne,Colborne,CA,ON,AS,,
CACLC,Clarke City,Clarke City,CA,QC,AS,,
CACLE,Clarenville,Clarenville,CA,NL,AS,4809N 05358W,
CACLH,Clark's Harbour,Clark's Harbour,CA,NS,AS,4327N 06538W,
CACLR,Clyde River,Clyde River,CA,NU,AS,,
CACLT,Carleton,Carleton,CA,QC,RL,,
CACMV,Carmanville,Carmanville,CA,NL,RL,4922N 05416W,
CACOC,Contrecoeur,Contrecoeur,CA,QC,RL,,
CACOH,Country Harbour,Country Harbour,CA,NS,RL,,
CACOL,Collingwood,Collingwood,CA,ON,AS,,
CACOM,Campbellton,Campbellton,CA,NB,AC,,
CACOP,Coppermine,Coppermine,CA,NU,RL,,
CACOR,Corunna,Corunna,CA,ON,AS,,
CACOU,Courtenay,Courtenay,CA,BC,AS,,
CACOX,Comox,Comox,CA,BC,RL,,
CACPB,Campobello,Campobello,CA,NB,AS,,
CACPT,Canaport,Canaport,CA,NB,RL,,
CACPY,Cape Ray,Cape Ray,CA,NL,RL,4738N 05918W,
CACQ5,Preissac,Preissac,CA,QC,RL,4824N 07822W,
CACQA,Coteau du Lac,Coteau du Lac,CA,QC,RL,,
CACQT,Conquitlam,Conquitlam,CA,BC,RL,4914N 12249W,
CACRA,Cranford,Cranford,CA,AB,RL,4945N 11221W,
CACRB,Carbonear,Carbonear,CA,NL,RL,4744N 05315W,
CACRO,Crofton,Crofton,CA,BC,AS,,
CACRR,Courtright,Courtright,CA,ON,AS,,
CACSC,Côte-Sainte-Catherine,Cote-Sainte-Catherine,CA,QC,AS,,
CACSI,Cap-St-Ignace,Cap-St-Ignace,CA,QC,RL,4702N 07027W,
CACSJ,Coniston,Coniston,CA,ON,RL,4629N 08051W,
CACSN,Clarkson,Clarkson,CA,ON,AS,,
CACST,Chester,Chester,CA,NS,RL,,
CACTR,Chestermere,Chestermere,CA,AB,RL,5102N 11349W,
CACUM,Cumberland Bay,Cumberland Bay,CA,NB,RL,,
CACVA,Cleveland,Cleveland,CA,NS,RL,4439N 06400W,
CACWH,Cow Head,Cow Head,CA,NL,RL,4954N 05747W,
CACWI,Cornwallis Is,Cornwallis Is,CA,NU,AS,,
CACWL,Cornwall,Cornwall,CA,ON,AS,,
CACWT,Clearwater,Clearwater,CA,BC,RL,5139N 12002W,
CACYP,Coley's Point,Coley's Point,CA,NL,AS,4735N 05316W,
CADCS,Dorchester,Dorchester,CA,ON,RL,4259N 08104W,
CADDS,Saint-Davids,Saint-Davids,CA,ON,RL,,
CADEB,Deception Bay,Deception Bay,CA,QC,RL,,
CADEI,Deer Island,Deer Island,CA,NB,AI,4458N 06658W,
CADEL,Delta,Delta,CA,BC,AS,4905N 12300W,
CADHS,Dalhousie,Dalhousie,CA,NB,AS,,
CADIG,Digby,Digby,CA,NS,AC,,
CADIL,Dildo,Dildo,CA,NL,AS,4733N 05333W,
CADLN,Dublin,Dublin,CA,ON,RL,4330N 08117W,
CADSA,Denman Island,Denman Island,CA,BC,RL,4933N 12448W,
CADWL,Dingwall,Dingwall,CA,NS,RL,4654N 06028W,
CAEBY,English Bay,English Bay,CA,BC,RL,4916N 12310W,
CAEDC,Edwards Cove,Edwards Cove,CA,NL,RL,5650N 06230W,
CAEDI,Grande-Digue,Grande-Digue,CA,NB,RL,4617N 06433W,
CAEEK,Belleisle Creek,Belleisle Creek,CA,NB,RL,,
CAEIW,Wellington,Wellington,CA,PE,RL,,
CAEND,Endako,Endako,CA,BC,RL,5405N 12501W,
CAENE,Erieau,Erieau,CA,ON,AS,,
CAESQ,Esquimalt,Esquimalt,CA,BC,AS,,
CAESX,Point-Escuminac,Point-Escuminac,CA,NB,RL,,
CAETA,East Angus,East Angus,CA,QC,RL,4529N 07140W,
CAETN,Etang-du-Nord,Etang-du-Nord,CA,QC,RL,4722N 06156W,
CAETZ,Etzikom,Etzikom,CA,AB,RL,4929N 11106W,
CAEWT,Newton,Newton,CA,MB,RL,4956N 09804W,
CAFAL,Fort Albany,Fort Albany,CA,ON,AI,,
CAFAP,Father Point,Father Point,CA,QC,RL,,
CAFCM,Kuujjuaq,Kuujjuaq,CA,QC,AI,5806N 06824W,
CAFFS,Fort Frances,Fort Frances,CA,ON,AC,4836N 09324W,
CAFKN,Fort Franklin,Fort Franklin,CA,NT,RL,6511N 12325W,
CAFLR,Fall River,Fall River,CA,NS,RL,4449N 06337W,
CAFLY,Fort Langley,Fort Langley,CA,BC,RL,4910N 12234W,
CAFMA,Fort MacKay,Fort MacKay,CA,AB,RL,5711N 11138W,
CAFOG,Fogo,Fogo,CA,NL,AS,4943N 05417W,
CAFOR,Fortune,Fortune,CA,NL,AS,4704N 05550W,
CAFRE,Fredericton,Fredericton,CA,NB,AS,4557N 06639W,
CAFRR,Fraser River,Fraser River,CA,BC,AS,,
CAFRV,Forestville,Forestville,CA,QC,AS,,
CAFSD,Fraser-Surrey Docks,Fraser-Surrey Docks,CA,BC,RL,4907N 12244W,
CAFSI,Fort Simpson,Fort Simpson,CA,NT,AI,,
CAFSM,Fort Smith,Fort Smith,CA,NT,AI,,
CAFWL,Fort William,Fort William,CA,ON,RL,4824N 08914W,
CAFWS,Fraser Wharves,Fraser Wharves,CA,BC,RL,5058N 11912W,
CAGAN,Gander,Gander,CA,NL,AS,4857N 05433W,
CAGBT,Godbout,Godbout,CA,QC,AS,,
CAGCA,Gros Cacouna,Gros Cacouna,CA,QC,AS,,
CAGGS,Ganges,Ganges,CA,BC,AS,,
CAGLB,Glace Bay,Glace Bay,CA,NS,RL,4612N 05958W,
CAGLT,Galt,Galt,CA,ON,RL,4321N 08018W,
CAGMA,Grand Manan,Grand Manan,CA,NB,AS,4442N 06648W,
CAGNN,Rockport,Rockport,CA,ON,RL,4433N 07616W,
CAGOH,Goderich,Goderich,CA,ON,AS,,
CAGOO,Goose Bay,Goose Bay,CA,NL,AS,5324N 06010W,
CAGOR,Gold River,Gold River,CA,BC,AS,,
CAGPD,Port-Daniel - Gascons,Port-Daniel - Gascons,CA,QC,RL,4810N 06455W,
CAGPE,Gaspé,Gaspe,CA,QC,AS,4850N 06429W,
CAGRB,Grand Bank,Grand Bank,CA,NL,AS,4706N 05547W,
CAGRS,Grindstone,Grindstone,CA,QC,AS,,
CAHAB,Hall Beach,Hall Beach,CA,NU,AS,,
CAHAL,Halifax,Halifax,CA,NS,AS,,
CAHAM,Hamilton,Hamilton,CA,ON,AS,,
CAHAR,Harriet Harbour,Harriet Harbour,CA,BC,RL,5218N 13124W,
CAHBN,Hebron,Hebron,CA,NL,RL,5812N 06238W,
CAHBR,Harbour Breton,Harbour Breton,CA,NL,RL,4729N 05550W,
CAHCC,Hacketts Cove,Hacketts Cove,CA,NS,RL,4434N 06356W,
CAHEB,Hébertville,Hebertville,CA,QC,RL,4823N 07141W,
CAHHB,Hants Harbour,Hants Harbour,CA,NL,RL,4801N 05316W,
CAHIB,Hibernia,Hibernia,CA,NS,AS,4420N 06459W,
CAHID,Hilda,Hilda,CA,AB,RL,,
CAHLI,Herschel Island,Herschel Island,CA,YT,RL,6934N 13904W,
CAHMM,Hemmingford,Hemmingford,CA,QC,RL,4503N 07336W,
CAHMP,Hampden,Hampden,CA,NL,RL,4932N 05652W,
CAHOD,Holyrood,Holyrood,CA,NL,AS,4723N 05308W,
CAHON,Harwood,Harwood,CA,ON,RL,4408N 07811W,
CAHOP,Hopedale,Hopedale,CA,NL,AI,5527N 06013W,
CAHPT,Hantsport,Hantsport,CA,NS,AS,,
CAHRE,Harbour Grace,Harbour Grace,CA,NL,AS,4741N 05315W,
CAHRF,Horsefly,Horsefly,CA,BC,RL,5220N 12125W,
CAHSP,Havre-Saint-Pierre,Havre-Saint-Pierre,CA,QC,AS,,
CAHVR,Hanover,Hanover,CA,ON,RL,4408N 08101W,
CAHWS,Howe Sound,Howe Sound,CA,BC,AS,,
CAIAM,Indian Arm,Indian Arm,CA,BC,RL,4922N 12252W,
CAIGL,Igloolik,Igloolik,CA,NU,AS,6922N 08149W,
CAIKM,Inkerman,Inkerman,CA,ON,RL,4502N 07524W,
CAILS,L'Île-des-Soeurs (Nuns Island),L'Ile-des-Soeurs (Nuns Island),CA,QC,RL,4518N 07402W,
CAIOC,Ioco,Ioco,CA,BC,AS,,
CAION,Iona,Iona,CA,NS,AS,,
CAIQL,Iqaluit,Iqaluit,CA,NU,RL,6344N 06830W,
CAISL,Island Lake,Island Lake,CA,MB,RL,5352N 09440W,
CAIVM,Invermere,Invermere,CA,BC,RL,5031N 11602W,
CAIVN,Irvine,Irvine,CA,AB,RL,4957N 11016W,
CAJAC,Jackson Arm,Jackson Arm,CA,NL,RL,4952N 05648W,
CAJEG,Jemseg,Jemseg,CA,NB,RL,4549N 06606W,
CAJEI,Jervis Inlet,Jervis Inlet,CA,BC,AS,,
CAKEE,Keene,Keene,CA,ON,RL,4415N 07810W,
CAKHO,Key Harbour,Key Harbour,CA,ON,RL,4553N 08044W,
CAKIN,Kingston,Kingston,CA,ON,AS,,
CAKKR,Kinkora,Kinkora,CA,PE,RL,0463N 06360W,
CAKLO,Kaslo,Kaslo,CA,BC,RL,4954N 11655W,
CAKLY,Killarney,Killarney,CA,ON,AS,,
CAKNE,Kinnear's Mills,Kinnear's Mills,CA,QC,RL,4613N 07123W,
CAKOV,Kovik Bay,Kovik Bay,CA,QC,AS,6133N 07744W,
CAKTM,Kitimat,Kitimat,CA,BC,AS,,
CAKVL,Kingsville,Kingsville,CA,ON,AS,,
CAKWI,King William Is,King William Is,CA,NU,AS,,
CALAC,Lachine/Montreal,Lachine/Montreal,CA,QC,RL,,
CALAD,Ladysmith,Ladysmith,CA,BC,AI,,
CALAH,Lake Harbour,Lake Harbour,CA,NU,AS,,
CALAW,Lakeview,Lakeview,CA,ON,AS,,
CALAY,Lower Argyle,Lower Argyle,CA,NS,AM,4344N 06550W,
CALB3,L'Anse-à-Beaufils,L'Anse-a-Beaufils,CA,QC,RL,4828N 06418W,
CALCH,Lachute,Lachute,CA,QC,AS,,
CALCO,Lacolle,Lacolle,CA,QC,AS,,
CALCP,Lockeport,Lockeport,CA,NS,RL,4342N 06507W,
CALCV,Lower Cove,Lower Cove,CA,NL,RL,4831N 05900W,
CALDN,Ladner,Ladner,CA,BC,AS,,
CALDS,Lansdowne,Lansdowne,CA,ON,RL,5213N 08753W,
CALDT,Lac-Drolet,Lac-Drolet,CA,QC,RL,4543N 07051W,
CALEV,Lévis,Levis,CA,QC,AC,4648N 07110W,
CALIC,Little Current,Little Current,CA,ON,AS,,
CALIN,Little Narrows,Little Narrows,CA,NS,AS,,
CALIV,Liverpool,Liverpool,CA,NS,AS,,
CALLF,Clifford,Clifford,CA,ON,RL,4358N 08058W,
CALMD,Lomond,Lomond,CA,NL,RL,4927N 05746W,
CALMN,Leamington,Leamington,CA,ON,AS,,
CALMW,La Salle,La Salle,CA,MB,RL,4942N 09716W,
CALNG,Langley,Langley,CA,BC,AS,,
CALOB,Lobo,Lobo,CA,ON,RL,4300N 08125W,
CALOH,Long Harbour,Long Harbour,CA,NL,AS,4726N 05348W,
CALOP,Long Pond,Long Pond,CA,NL,AS,4800N 05555W,
CALOU,Louisbourg,Louisbourg,CA,NS,AS,4555N 05959W,
CALSE,Lakeshore,Lakeshore,CA,ON,RL,4217N 08244W,
CALUN,Lunenburg,Lunenburg,CA,NS,AS,,
CALVH,Laverlochère,Laverlochere,CA,QC,RL,4725N 07917W,
CALWB,Lowbanks,Lowbanks,CA,ON,RL,4252N 07927W,
CALWH,Lower Woods Harbour,Lower Woods Harbour,CA,NS,RL,4331N 06544W,
CALWP,Lewisporte,Lewisporte,CA,NL,AS,4914N 05504W,
CALZV,Lantzville,Lantzville,CA,BC,RL,4915N 12405W,
CAMAB,Mabou,Mabou,CA,NS,RL,4604N 06123W,
CAMAG,Magog,Magog,CA,QC,AS,4516N 07209W,
CAMAR,Marathon,Marathon,CA,ON,AS,,
CAMBR,Main Brook,Main Brook,CA,NL,AS,5111N 05601W,
CAMDB,Meldrum Bay,Meldrum Bay,CA,ON,AS,,
CAMEB,Menzies Bay,Menzies Bay,CA,BC,AS,,
CAMET,Meteghan,Meteghan,CA,NS,AS,,
CAMFD,Meaford,Meaford,CA,ON,RL,4436N 08036W,
CAMGD,Magdalen Is,Magdalen Is,CA,QC,AS,,
CAMGH,Merigomish,Merigomish,CA,NS,RL,4537N 06225W,
CAMGT,Sainte-Marguerite,Sainte-Marguerite,CA,QC,RL,,
CAMHB,Mahone Bay,Mahone Bay,CA,NS,AS,,
CAMHN,Les Mechins,Les Mechins,CA,QC,RL,4900N 06658W,
CAMIB,Mission,Mission,CA,BC,RL,4908N 12218W,
CAMID,Midland,Midland,CA,ON,RL,,
CAMIH,Michipicoten,Michipicoten,CA,ON,AS,,
CAMIR,Miramichi,Miramichi,CA,NB,RL,,
CAMLK,Millbank,Millbank,CA,NB,RL,4703N 06527W,
CAMNE,Matane,Matane,CA,QC,AS,,
CAMNI,Milne Inlet Port,Milne Inlet Port,CA,NU,RL,7153N 08055W,
CAMNT,Moncton,Moncton,CA,NB,AC,,
CAMOB,Morrisburg,Morrisburg,CA,ON,AS,,
CAMOL,Mont-Louis,Mont-Louis,CA,QC,AS,4913N 06545W,
CAMOU,Moosonee,Moosonee,CA,ON,AI,,
CAMRE,Montréal-Est,Montreal-Est,CA,QC,RL,4538N 07330W,
CAMRI,Maple Ridge,Maple Ridge,CA,BC,AS,,
CAMSS,Masset,Masset,CA,BC,AI,,
CAMSV,Minesville,Minesville,CA,NS,RL,4441N 06322W,
CAMSW,Metiskow,Metiskow,CA,AB,RL,5224N 11038W,
CAMTI,Malartic,Malartic,CA,QC,RL,4808N 07807W,
CAMTN,Marystown,Marystown,CA,NL,AS,4710N 05510W,
CAMTO,Minto,Minto,CA,NB,RL,4605N 06604W,
CAMTQ,Mactaquac,Mactaquac,CA,NB,RL,,
CAMTR,Montreal,Montreal,CA,QC,AS,,
CAMUL,Mulgrave,Mulgrave,CA,NS,AS,,
CAMUS,Musquodoboit Harbour,Musquodoboit Harbour,CA,NS,RL,4447N 06308W,
CAMYO,Mindemoya,Mindemoya,CA,ON,RL,4544N 08210W,
CANAF,North Arm Fraser,North Arm Fraser,CA,BC,AS,,
CANAI,Nain,Nain,CA,NL,AI,5633N 06141W,
CANAK,Nakusp,Nakusp,CA,BC,RL,5014N 11748W,
CANAN,Nanticoke,Nanticoke,CA,ON,AS,4248N 08004W,
CANBC,Notre-Dame-du-Bon-Conseil,Notre-Dame-du-Bon-Conseil,CA,QC,RL,4600N 07221W,
CANCT,Newcastle,Newcastle,CA,NB,AS,,
CANCV,Norman's Cove,Norman's Cove,CA,NL,RL,4733N 05340W,
CANDL,Notre-Dame-de-Lourdes,Notre-Dame-de-Lourdes,CA,MB,RL,4932N 09833W,
CANGL,New Glasgow,New Glasgow,CA,NS,AS,,
CANIA,Niagara Falls,Niagara Falls,CA,ON,AS,,
CANLS,Nelson,Nelson,CA,BC,RL,4929N 11718W,
CANMT,Naramata,Naramata,CA,BC,RL,4936N 11935W,
CANNE,Nanoose Bay,Nanoose Bay,CA,BC,RL,,
CANNO,Nanaimo,Nanaimo,CA,BC,AS,,
CANOL,Niagara-on-the-Lake,Niagara-on-the-Lake,CA,ON,AS,4315N 07904W,
CANON,Shannon,Shannon,CA,QC,RL,,
CANRB,North Bend,North Bend,CA,BC,RL,4953N 12128W,
CANRC,New Richmond,New Richmond,CA,QC,AS,,
CANS3,Neil's Harbour,Neil's Harbour,CA,NS,RL,4615N 06033W,
CANSY,North Sydney,North Sydney,CA,NS,AS,,
CANTR,Bantry,Bantry,CA,AB,RL,5029N 11144W,
CANVK,Nanisivik,Nanisivik,CA,NU,AS,,
CANWE,New Westminster,New Westminster,CA,BC,AS,,
CANWP,Argentia,Argentia,CA,NL,AI,4718N 05400W,
CAOAJ,Oakville,Oakville,CA,MB,RL,4955N 09800W,
CAOAK,Oakville,Oakville,CA,ON,AS,,
CAODE,Odessa,Odessa,CA,ON,RL,4416N 07643W,
CAOFA,Ocean Falls,Ocean Falls,CA,BC,AI,,
CAOLS,Orléans,Orleans,CA,ON,RL,4527N 07532W,
CAOON,Halton Hills,Halton Hills,CA,ON,RL,4337N 07957W,
CAOPE,Port Hope,Port Hope,CA,ON,AS,,
CAOSH,Oshawa,Oshawa,CA,ON,AS,,
CAOTT,Ottawa,Ottawa,CA,ON,AC,,
CAOVR,Oliver,Oliver,CA,BC,RL,4910N 11933W,
CAOWS,Owen Sound,Owen Sound,CA,ON,AS,,
CAPAB,Port Alberni,Port Alberni,CA,BC,AS,,
CAPAC,Port Alice,Port Alice,CA,BC,AS,,
CAPAF,Port-Alfred,Port-Alfred,CA,QC,AS,4820N 07053W,
CAPAP,Port au Port,Port au Port,CA,NL,RL,4833N 05843W,
CAPAQ,Pointe-aux-Basques,Pointe-aux-Basques,CA,QC,AS,,
CAPAR,Parrsboro,Parrsboro,CA,NS,RL,,
CAPAS,Paspebiac,Paspebiac,CA,QC,AS,,
CAPBQ,Channel-Port aux Basques,Channel-Port aux Basques,CA,NL,AS,4734N 05909W,
CAPCA,Port-Cartier,Port-Cartier,CA,QC,AS,5001N 06652W,
CAPCO,Port Colborne,Port Colborne,CA,ON,AS,,
CAPCR,Port Credit,Port Credit,CA,ON,AS,,
CAPDI,Pond Inlet,Pond Inlet,CA,NU,AS,,
CAPDL,Port-Daniel,Port-Daniel,CA,QC,RL,4811N 06459W,
CAPDO,Saint-Pierre-de-l'Île-d'Orléans,Saint-Pierre-de-l'Ile-d'Orleans,CA,QC,RL,,
CAPDV,Port Dover,Port Dover,CA,ON,RL,,
CAPEH,Pender Harbour,Pender Harbour,CA,BC,AS,,
CAPEL,Port Elgin,Port Elgin,CA,NB,RL,4602N 06405W,
CAPEW,Point Edward,Point Edward,CA,ON,RL,4300N 08224W,
CAPFT,Pointe-Fortune,Pointe-Fortune,CA,QC,RL,4534N 07422W,
CAPHL,Philipsburg,Philipsburg,CA,QC,RL,4502N 07304W,
CAPHM,Pohénégamook,Pohenegamook,CA,QC,RL,4729N 06917W,
CAPHW,Port Hawkesbury,Port Hawkesbury,CA,NS,AS,,
CAPHY,Port Hardy,Port Hardy,CA,BC,AS,,
CAPIC,Picton,Picton,CA,ON,AS,,
CAPMA,Port McNeill,Port McNeill,CA,BC,AI,5035N 12706W,
CAPME,Port-Menier,Port-Menier,CA,QC,AI,4949N 06421W,
CAPML,Port Mellon,Port Mellon,CA,BC,AS,,
CAPMO,Port Moody/Vancouver,Port Moody/Vancouver,CA,BC,RL,,
CAPNE,Port Nelson,Port Nelson,CA,MB,RL,,
CAPNO,Pointe Noire,Pointe Noire,CA,QC,RL,5009N 06629W,
CAPNT,Pangnirtung,Pangnirtung,CA,NU,AS,,
CAPOA,Port Arthur,Port Arthur,CA,ON,AS,,
CAPOI,Pointe-Claire,Pointe-Claire,CA,QC,RL,4526N 07344W,
CAPOP,Pointe-au-Pic,Pointe-au-Pic,CA,QC,AS,,
CAPOU,Pouce Coupe,Pouce Coupe,CA,BC,RL,,
CAPOW,Powell River,Powell River,CA,BC,AS,,
CAPPC,Pointe au Pic,Pointe au Pic,CA,QC,AS,,
CAPPT,Prospect,Prospect,CA,NS,RL,4428N 06347W,
CAPRE,Prescott,Prescott,CA,ON,AS,,
CAPRG,Prince George,Prince George,CA,BC,AS,,
CAPRP,Port Perry,Port Perry,CA,ON,RL,,
CAPRR,Prince Rupert,Prince Rupert,CA,BC,AS,,
CAPRS,Parry Sound,Parry Sound,CA,ON,AS,,
CAPSI,Port Simpson,Port Simpson,CA,BC,AS,,
CAPST,Port Stanley,Port Stanley,CA,ON,AS,,
CAPSV,Pleasantville,Pleasantville,CA,NS,RL,4420N 06426W,
CAPTA,Tahsis,Tahsis,CA,BC,AS,,
CAPTB,Patricia Bay,Patricia Bay,CA,BC,AS,,
CAPTD,Portugal Cove,Portugal Cove,CA,NL,AS,4738N 05251W,
CAPTE,Port Edward,Port Edward,CA,BC,AS,,
CAPTH,Penetanguishene,Penetanguishene,CA,ON,RL,4446N 07956W,
CAPTN,Portneuf,Portneuf,CA,QC,AS,,
CAPTO,Pictou,Pictou,CA,NS,AS,,
CAPTU,Point Tupper,Point Tupper,CA,NS,RL,4536N 06122W,
CAPUG,Pugwash,Pugwash,CA,NS,AS,,
CAPWE,Port Weller,Port Weller,CA,ON,RL,4313N 07913W,
CAPXT,Pointe-aux-Trembles,Pointe-aux-Trembles,CA,QC,AS,4539N 07329W,
CAQCH,Queen Charlotte,Queen Charlotte,CA,BC,RL,5315N 13204W,
CAQCS,Saint-Bernard-de-Michaudville,Saint-Bernard-de-Michaudville,CA,QC,RL,,
CAQLE,Les Escoumins,Les Escoumins,CA,QC,RL,4821N 06925W,
CAQTS,Quatsino,Quatsino,CA,BC,AS,,
CAQUE,Quebec,Quebec,CA,QC,AS,,
CARAM,Ramea,Ramea,CA,NL,AS,4731N 05725W,
CARBN,Robinsons,Robinsons,CA,NL,RL,4815N 05847W,
CARBY,Red Bay,Red Bay,CA,NL,RL,5144N 05625W,
CARCD,Rockwood,Rockwood,CA,ON,RL,4337N 08008W,
CARDL,Rivière-du-Loup,Riviere-du-Loup,CA,QC,AS,4750N 06932W,
CAREB,Resolute Bay,Resolute Bay,CA,NU,AS,,
CAREL,La Relance,La Relance,CA,QC,RL,5009N 06627W,
CARIM,Rimouski,Rimouski,CA,QC,AS,,
CARIT,Rankin Inlet,Rankin Inlet,CA,NU,RL,6249N 09204W,
CAROA,Roaches Line,Roaches Line,CA,NL,RL,,
CAROD,Roddickton,Roddickton,CA,NL,AS,5051N 05607W,
CARPO,Rossport,Rossport,CA,ON,RL,4850N 08731W,
CARRC,Red Rock,Red Rock,CA,ON,RL,4857N 08817W,
CARRE,Château-Richer,Chateau-Richer,CA,QC,RL,4658N 07101W,
CARSV,Robertsonville,Robertsonville,CA,QC,RL,4608N 07113W,
CARTB,Robert's Bank,Robert's Bank,CA,BC,RL,4904N 12310W,
CARUI,Rupert Inlet,Rupert Inlet,CA,BC,AS,,
CARUS,Ruskin,Ruskin,CA,BC,RL,,
CAS8A,Saint Albert,Saint Albert,CA,AB,RL,5338N 11338W,
CASAD,Saint-Andrews,Saint-Andrews,CA,NB,AS,,
CASAG,Saguenay,Saguenay,CA,QC,AA,4825N 07104W,
CASAT,Saint-Anthony,Saint-Anthony,CA,NL,AI,5123N 05536W,
CASAU,Saint-Augustin,Saint-Augustin,CA,QC,RL,5114N 05839W,
CASBD,Saint-Bernard,Saint-Bernard,CA,QC,RL,,
CASBH,Sandy Beach,Sandy Beach,CA,QC,RL,4849N 06425W,
CASBU,Shelburne,Shelburne,CA,NS,AS,,
CASCA,Saint-Catharines,Saint-Catharines,CA,ON,AS,4310N 07914W,
CASCP,Saint-Christophe-d'Arthabaska,Saint-Christophe-d'Arthabaska,CA,QC,RL,4602N 07155W,
CASCT,Sainte-Catherine,Sainte-Catherine,CA,QC,RL,4524N 07335W,
CASDM,Sainte-Anne-des-Monts,Sainte-Anne-des-Monts,CA,QC,RL,4907N 06629W,
CASDN,Saint-Damien-de-Brandon,Saint-Damien-de-Brandon,CA,QC,RL,4620N 07329W,
CASDY,Sidney,Sidney,CA,BC,AS,,
CASEB,Seven Islands Bay,Seven Islands Bay,CA,NL,AS,5925N 06345W,
CASED,Sedgewick,Sedgewick,CA,AB,RL,5246N 11141W,
CASEI,Sept-Iles,Sept-Iles,CA,QC,AS,5012N 06623W,
CASEL,Selkirk,Selkirk,CA,MB,AS,,
CASEM,Seldom,Seldom,CA,NL,AS,4936N 05410W,
CASEU,Saint-Eustache,Saint-Eustache,CA,QC,RL,4534N 07354W,
CASF2,Sanford,Sanford,CA,MB,RL,4940N 09726W,
CASFI,Sainte-Famille,Sainte-Famille,CA,QC,RL,4658N 07058W,
CASFR,Saint-François-du-Lac,Saint-Francois-du-Lac,CA,QC,RL,4604N 07250W,
CASFX,Saint-Félix-de-Valois,Saint-Felix-de-Valois,CA,QC,RL,4610N 07324W,
CASHE,Shediac,Shediac,CA,NB,AS,,
CASHH,Sheet Harbour,Sheet Harbour,CA,NS,AS,4456N 06232W,
CASHP,Shippegan,Shippegan,CA,NB,AS,,
CASHV,Shannonville,Shannonville,CA,ON,RL,,
CASIC,Simcoe,Simcoe,CA,ON,AC,,
CASID,Saint-Isidore,Saint-Isidore,CA,ON,RL,,
CASIM,Imperial,Imperial,CA,SK,RL,5120N 10526W,
CASIO,Sicamous,Sicamous,CA,BC,RL,5050N 11859W,
CASJB,Saint-John,Saint-John,CA,NB,AS,4516N 06604W,
CASJF,Saint-John's,Saint-John's,CA,NL,AS,4734N 05244W,
CASKE,Saint-Anne-de-Kent,Saint-Anne-de-Kent,CA,NB,RL,,
CASKI,Charlotte (Skidegate),Charlotte (Skidegate),CA,BC,AS,,
CASKL,Lower Sackville,Lower Sackville,CA,NS,RL,4635N 04144W,
CASLB,Shelburne,Shelburne,CA,ON,RL,4404N 08012W,
CASLK,Split Lake,Split Lake,CA,MB,RL,5615N 09606W,
CASLT,Saint-Lambert,Saint-Lambert,CA,QC,AS,4529N 07330W,
CASLW,Saint-Lawrence,Saint-Lawrence,CA,NL,AS,4654N 05524W,
CASMS,Saint-Marys,Saint-Marys,CA,NL,AS,4655N 05335W,
CASMT,Stormont,Stormont,CA,NS,RL,4513N 06144W,
CASNI,Sarnia,Sarnia,CA,ON,AS,,
CASNV,Shaunavon,Shaunavon,CA,SK,RL,4939N 10824W,
CASOM,Sombra,Sombra,CA,ON,AS,,
CASOO,Sooke,Sooke,CA,BC,AS,,
CASOR,Sorel,Sorel,CA,QC,AS,,
CASOU,Souris,Souris,CA,PE,AS,,
CASPA,Saint-Pascal,Saint-Pascal,CA,QC,RL,4732N 06948W,
CASPD,Springdale,Springdale,CA,NL,AS,4929N 05606W,
CASPI,Saint-Pierre,Saint-Pierre,CA,QC,RL,4527N 07338W,
CASPN,Spaniards Bay,Spaniards Bay,CA,NL,RL,4737N 05318W,
CASPR,Spragge,Spragge,CA,ON,AS,,
CASQA,Squamish,Squamish,CA,BC,AS,,
CASRA,Saint-Roch-de-l'Achigan,Saint-Roch-de-l'Achigan,CA,QC,RL,4551N 07335W,
CASRO,Saint-Romuald-d'Etchemin,Saint-Romuald-d'Etchemin,CA,QC,AS,4645N 07114W,
CASRS,Saint-Peters,Saint-Peters,CA,NS,RL,4539N 06052W,
CASSM,Sault-Sainte-Marie,Sault-Sainte-Marie,CA,ON,AS,,
CASSP,Sandspit,Sandspit,CA,BC,AS,,
CASST,Saint-Shotts,Saint-Shotts,CA,NL,RL,4638N 05336W,
CAST3,Saint-Félix-de-Kingsey,Saint-Felix-de-Kingsey,CA,QC,RL,4548N 07211W,
CAST6,Sorel-Tracy,Sorel-Tracy,CA,QC,RL,,
CASTC,Stoney Creek,Stoney Creek,CA,ON,AS,,
CASTD,Saint-Armand,Saint-Armand,CA,QC,RL,4501N 07302W,
CASTH,Saint-Thomas,Saint-Thomas,CA,ON,AS,,
CASTK,Stockton,Stockton,CA,MB,RL,4935N 09927W,
CASTS,Saint-Stephen,Saint-Stephen,CA,NB,AS,,
CASTV,Stephenville,Stephenville,CA,NL,AS,4833N 05834W,
CASTW,Stewart,Stewart,CA,BC,AS,,
CASUD,Sudbury,Sudbury,CA,ON,AS,,
CASUM,Summerside,Summerside,CA,PE,AS,,
CASUY,Surrey,Surrey,CA,BC,AS,,
CASVD,Sainte-Victoire-de-Sorel,Sainte-Victoire-de-Sorel,CA,QC,RL,4600N 07310W,
CASYD,Sydney,Sydney,CA,NS,AS,,
CASYI,Stoney Island,Stoney Island,CA,NS,RL,4328N 06534W,
CASYL,Sylvan Lake,Sylvan Lake,CA,AB,RL,5219N 11405W,
CASYW,Sayward,Sayward,CA,BC,RL,5021N 12555W,
CASZT,Saint-Zotique,Saint-Zotique,CA,QC,RL,4514N 07415W,
CATAD,Tadoussac,Tadoussac,CA,QC,AS,,
CATAS,Tasu,Tasu,CA,BC,AI,,
CATBY,Thornbury,Thornbury,CA,ON,RL,4433N 08027W,
CATCV,Tilt Cove,Tilt Cove,CA,NL,RL,4953N 05537W,
CATEX,Texada Island,Texada Island,CA,BC,AS,,
CATHA,Thamesford,Thamesford,CA,ON,RL,4303N 08059W,
CATHD,Thorold,Thorold,CA,ON,AS,,
CATHH,Three Hills,Three Hills,CA,AB,RL,5142N 11316W,
CATHL,Thornhill,Thornhill,CA,ON,AS,,
CATHU,Thunder Bay,Thunder Bay,CA,ON,AS,,
CATJN,Tring Jonction,Tring Jonction,CA,QC,RL,4616N 07100W,
CATLB,Tilbury Is,Tilbury Is,CA,BC,AS,,
CATNG,Tingwick,Tingwick,CA,QC,RL,,
CATOR,Toronto,Toronto,CA,ON,AS,,
CATRB,Trinity Bay,Trinity Bay,CA,NL,AS,,
CATRC,Tracy,Tracy,CA,QC,AS,,
CATRO,Trochu,Trochu,CA,AB,RL,5150N 11314W,
CATRR,Trois-Rivieres (Three Rivers),Trois-Rivieres (Three Rivers),CA,QC,AS,,
CATTC,Trenton,Trenton,CA,ON,AS,,
CATTL,Thetis Island,Thetis Island,CA,BC,RL,4859N 12341W,
CATUK,Tuktoyaktuk,Tuktoyaktuk,CA,NT,AS,,
CATWI,Twillingate,Twillingate,CA,NL,RL,4939N 05445W,
CATWN,Thawwassen,Thawwassen,CA,BC,RL,4900N 12304W,
CAUCL,Ucluelet,Ucluelet,CA,,RL,4856N 12531W,
CAUPT,Upton,Upton,CA,QC,RL,4538N 07241W,
CAVAN,Vancouver,Vancouver,CA,BC,AS,,
CAVCH,Verchères,Vercheres,CA,QC,AS,4546N 07321W,
CAVIC,Victoria,Victoria,CA,BC,AS,4826N 12321W,
CAVIH,Victoria Harbour,Victoria Harbour,CA,ON,RL,4445N 07946W,
CAVLF,Valleyfield,Valleyfield,CA,QC,AS,4515N 07408W,
CAVND,Vananda,Vananda,CA,BC,AS,,
CAVOB,Voisey's Bay,Voisey's Bay,CA,NL,RL,5615N 06151W,
CAVOS,Prévost,Prevost,CA,QC,RL,4552N 07405W,
CAW4C,Saint-Gédéon,Saint-Gedeon,CA,QC,RL,4829N 07147W,
CAWAI,Watson Is,Watson Is,CA,BC,AS,,
CAWAL,Wallaceburg,Wallaceburg,CA,ON,AS,,
CAWDR,Windsor,Windsor,CA,NS,RL,4459N 06408W,
CAWEL,Welland,Welland,CA,ON,AS,,
CAWEP,Welshpool,Welshpool,CA,NB,AS,,
CAWEY,Weymouth,Weymouth,CA,NS,AS,,
CAWHF,Whitefish,Whitefish,CA,ON,AS,,
CAWHH,Whiffen Head,Whiffen Head,CA,NL,RL,4745N 05402W,
CAWHI,Whitby,Whitby,CA,ON,RL,,
CAWIG,Wingham,Wingham,CA,ON,RL,,
CAWND,Windsor,Windsor,CA,ON,AS,,
CAWNP,Winnipeg,Winnipeg,CA,MB,AC,,
CAWOO,Woodfibre,Woodfibre,CA,BC,AS,,
CAWTN,Walton,Walton,CA,NS,RL,4513N 06401W,
CAWTO,Westport,Westport,CA,ON,RL,4441N 07624W,
CAWVR,West Vancouver,West Vancouver,CA,BC,RL,4920N 12309W,
CAWWO,Wildwood,Wildwood,CA,AB,RL,5337N 11514W,
CAXJH,Saint-Joseph-de-Beauce,Saint-Joseph-de-Beauce,CA,QC,RL,4618N 07052W,
CAXVX,Emerald Park,Emerald Park,CA,SK,RL,5044N 10438W,
CAXZC,Saint-Isidore d'Auckland,Saint-Isidore d'Auckland,CA,QC,RL,4516N 07131W,
CAYCB,Cambridge Bay,Cambridge Bay,CA,NU,AI,6907N 10505W,
CAYCS,Chesterfield Inlet,Chesterfield Inlet,CA,NU,AI,6320N 09042W,
CAYDH,Daniels Harbour,Daniels Harbour,CA,NL,AI,5014N 05735W,
CAYEK,Arviat,Arviat,CA,NU,AI,6106N 09403W,
CAYGZ,Grise Fiord,Grise Fiord,CA,NU,AI,7625N 08257W,
CAYHK,Gjoa Haven,Gjoa Haven,CA,NU,AI,6837N 09550W,
CAYKT,Klemtu,Klemtu,CA,BC,AI,,
CAYMD,Mould Bay,Mould Bay,CA,NT,AI,7614N 11921W,
CAYMH,Mary's Harbour,Mary's Harbour,CA,NL,AI,5219N 05550W,
CAYRH,Yarmouth,Yarmouth,CA,NS,AS,,
CAYWM,Williams Harbour,Williams Harbour,CA,NL,AI,5233N 05547W,
CAYXN,Whale Cove,Whale Cove,CA,NU,AI,6210N 09235W,
CAYZS,Coral Harbour,Coral Harbour,CA,NU,AI,6408N 08310W,
CAZCR,Saint-Charles-sur-Richelieu,Saint-Charles-sur-Richelieu,CA,QC,RL,4541N 07311W,
CAZEB,Zeballos,Zeballos,CA,BC,RL,,
CAZFT,Forest,Forest,CA,ON,RL,4306N 08200W,
CAZTI,Saint-Tite,Saint-Tite,CA,QC,RL,4644N 07234W,
CAZYE,Yamachiche,Yamachiche,CA,QC,RL,4617N 07250W,
CCCCK,Cocos Islands,Cocos Islands,CC,,AI,1200S 09650E,
CDBNW,Banana,Banana,CD,,RL,0601N 01224E,
CDBOA,Boma,Boma,CD,,AI,,
CDFIH,Kinshasa,Kinshasa,CD,,AI,,
CDMAT,Matadi,Matadi,CD,,AI,,
CDMHB,Moho Bilondo,Moho Bilondo,CD,,RL,0555S 01015E,
CDMKL,Makala,Makala,CD,,RL,0249N 02443E,
CFTOG,Togo,Togo,CF,,RL,0530N 02143E,
CGDJE,Djeno Terminal,Djeno Terminal,CG,,RL,,
CGMOS,Mossaka,Mossaka,CG,,RL,0113S 01648E,
CGNKO,N'Kossa Terminal,N'Kossa Terminal,CG,,RL,0514S 01136E,
CGOUE,Ouesso,Ouesso,CG,,AI,,
CGOYO,Oyo,Oyo,CG,,RL,0100N 01554E,
CGPNR,Pointe Noire,Pointe Noire,CG,16,AI,0448S 01151E,
CGYOM,Yombo,Yombo,CG,9,RL,0256S 01242E,
CHBA8,Ballwil,Ballwil,CH,LU,RL,4709N 00819E,
CHBIB,Biberist,Biberist,CH,SO,RL,4711N 00734E,
CHBIR,Birrwil,Birrwil,CH,AG,RL,4717N 00812E,
CHBLY,Blonay,Blonay,CH,VD,RL,4628N 00654E,
CHBRU,Brunnen,Brunnen,CH,SZ,RL,4659N 00836E,
CHBRZ,Bad Ragaz,Bad Ragaz,CH,SG,RL,4700N 00930E,
CHBSL,Basel,Basel,CH,BS,RL,,
CHBSM,Bretigny-sur-Morrens,Bretigny-sur-Morrens,CH,VD,RL,4636N 00638E,
CHBTT,Brutten,Brutten,CH,ZH,RL,4728N 00840E,
CHBUR,Bursinel,Bursinel,CH,VD,RL,4626N 00617E,
CHCBL,Collonge-Bellerive,Collonge-Bellerive,CH,GE,RL,4615N 00612E,
CHCHE,Chevenez,Chevenez,CH,22,RL,4723N 00700E,
CHCHS,Chesieres,Chesieres,CH,VD,RL,4618N 00703E,
CHCOP,Coppet,Coppet,CH,GE,RL,4619N 00612E,
CHCVT,Couvet,Couvet,CH,NE,RL,4655N 00638E,
CHDOT,Döttingen,Dottingen,CH,AG,RL,4734N 00815E,
CHDSF,Epalinges,Epalinges,CH,VD,RL,4633N 00640E,
CHEPS,Epesses,Epesses,CH,VD,RL,4629N 00644E,
CHERB,Erlenbach,Erlenbach,CH,ZH,RL,4718N 00836E,
CHFEM,Feldmeilen,Feldmeilen,CH,ZH,RL,4717N 00837E,
CHFLA,Fläsch,Flasch,CH,GR,RL,4701N 00931E,
CHGEL,Lancy,Lancy,CH,GE,RL,4611N 00608E,
CHGRG,Gorgier,Gorgier,CH,NE,RL,4654N 00646E,
CHGTT,Güttingen,Guttingen,CH,TG,RL,4736N 00917E,
CHHBG,Herrliberg,Herrliberg,CH,ZH,RL,4717N 00837E,
CHHHM,Cham,Cham,CH,ZG,RL,4711N 00828E,
CHHTE,Hauterive,Hauterive,CH,NE,RL,4701N 00658E,
CHJJO,Melide,Melide,CH,,RL,,
CHK3L,Kollbrunn,Kollbrunn,CH,ZH,RL,4727N 00847E,
CHKPP,Koppigen,Koppigen,CH,BE,RL,4708N 00736E,
CHKRZ,Kreuzlingen,Kreuzlingen,CH,TG,RL,,
CHKSS,Kussnacht,Kussnacht,CH,SZ,RL,,
CHLDO,Le Landeron,Le Landeron,CH,NE,RL,4703N 00704E,
CHLLU,Le Lieu,Le Lieu,CH,VD,RL,4639N 00616E,
CHMAU,Maur,Maur,CH,ZH,RL,4720N 00840E,
CHMDF,Männedorf,Mannedorf,CH,ZH,RL,4725N 00868E,
CHMIG,Miege,Miege,CH,VS,RL,4619N 00733E,
CHMLN,Meilen,Meilen,CH,ZH,RL,4717N 00838E,
CHMWA,Meisterschwanden,Meisterschwanden,CH,AG,RL,4717N 00814E,
CHN66,Choindez,Choindez,CH,JU,RL,4719N 00723E,
CHNDB,Niederbipp,Niederbipp,CH,BE,RL,4716N 00741E,
CHNEF,Näfels,Nafels,CH,GL,RL,4706N 00904E,
CHODB,Oberried am Brienzersee,Oberried am Brienzersee,CH,BE,RL,4644N 00757E,
CHPOR,Porto Ronco,Porto Ronco,CH,TI,RL,4608N 00844E,
CHRGT,Rougemont,Rougemont,CH,VD,RL,4629N 00713E,
CHRGU,Klingnau,Klingnau,CH,AG,RL,4735N 00815E,
CHRMH,Romanshorn,Romanshorn,CH,TG,RL,4734N 00923E,
CHRNB,Reichenbach,Reichenbach,CH,BE,RL,4637N 00741E,
CHRRN,Raron,Raron,CH,VS,RL,4618N 00748E,
CHSAS,Saint-Aubin-Sauges,Saint-Aubin-Sauges,CH,NE,RL,4653N 00646E,
CHSEN,Schenkon,Schenkon,CH,LU,RL,4710N 00808E,
CHSMK,Schmerikon,Schmerikon,CH,SG,RL,4714N 00856E,
CHSSV,Saint-Sulpice,Saint-Sulpice,CH,VD,RL,4631N 00634E,
CHSTA,Stansstad,Stansstad,CH,NW,RL,4658N 00820E,
CHSTI,Steinhausen,Steinhausen,CH,ZG,RL,4712N 00828E,
CHTAN,Twann,Twann,CH,BE,RL,4706N 00709E,
CHTTG,Salenstein,Salenstein,CH,TG,RL,4740N 00903E,
CHTZE,Utzenstorf,Utzenstorf,CH,BE,RL,4708N 00733E,
CHUKS,Uetikon am See,Uetikon am See,CH,ZH,RL,4716N 00840E,
CHVAU,Vaumarcus,Vaumarcus,CH,NE,RL,4652N 00645E,
CHVS5,Villaz-Saint-Pierre,Villaz-Saint-Pierre,CH,FR,RL,4643N 00658E,
CHVSX,Versoix,Versoix,CH,GE,RL,4617N 00610E,
CHVZU,Vitznau,Vitznau,CH,LU,RL,4701N 00829E,
CHWCW,Walchwil,Walchwil,CH,ZG,RL,4706N 00831E,
CHWLO,Würenlos,Wurenlos,CH,AG,RL,4727N 00822E,
CHXRE,Aeugst am Albis,Aeugst am Albis,CH,ZH,RL,4716N 00829E,
CHXXX,RIS Inland waterways,RIS Inland waterways,CH,,AI,,
CHXZX,Ibach,Ibach,CH,SZ,RL,4701N 00839E,
CIABJ,Abidjan,Abidjan,CI,AB,AI,0520N 00401W,
CIASS,Assinie-Mafia,Assinie-Mafia,CI,,RL,0507N 00317W,
CIBAO,Baobab Terminal,Baobab Terminal,CI,,RL,0457N 00433W,
CIDAB,Dabou,Dabou,CI,,RL,0519N 00422W,
CIESP,Espoir,Espoir,CI,,RL,0504N 00423W,
CIFRE,Fresco,Fresco,CI,,RL,0505N 00534W,
CIGBA,Gbabam,Gbabam,CI,,RL,0528N 00535W,
CIGLU,Grand Lahou,Grand Lahou,CI,,RL,0508N 00501W,
CIJAC,Jacqueville,Jacqueville,CI,,RL,0512N 00425W,
CIKOS,Kosagi,Kosagi,CI,,RL,0813N 00806W,
CIPBT,Port-Bouët,Port-Bouet,CI,,RL,0515N 00358W,
CISPY,San-Pédro,San-Pedro,CI,09,AI,0444N 00637W,
CIZSS,Sassandra,Sassandra,CI,,AI,,
CKAIT,Aitutaki,Aitutaki,CK,,AI,,
CKAIU,Atiu,Atiu,CK,,AI,,
CKARU,Arutunga,Arutunga,CK,,RL,,
CKMGS,Mangaia,Mangaia,CK,,AI,,
CKMOI,Mitiaro Island,Mitiaro Island,CK,,AI,,
CKRAR,Rarotonga,Rarotonga,CK,,AI,,
CLACH,Achao,Achao,CL,LL,RN,4227S 07331W,
CLANF,Antofagasta,Antofagasta,CL,AN,AI,2338S 07023W,
CLARA,Arauco,Arauco,CL,BI,RN,3715S 07319W,
CLARI,Arica,Arica,CL,AP,AI,1829S 07019W,
CLAYA,Ayacara,Ayacara,CL,LL,RN,4218S 07247W,
CLBAG,Bahía San Gregorio,Bahia San Gregorio,CL,MA,AI,5237S 07008W,
CLBAR,Barquito,Barquito,CL,AT,RL,2621S 07038W,
CLBLR,Bahia Laredo,Bahia Laredo,CL,MA,RL,5258S 07048W,
CLCAA,Calderilla,Calderilla,CL,AT,RN,2705S 07051W,
CLCAL,Caleta Patillos,Caleta Patillos,CL,,RL,2045S 07012W,
CLCBC,Calbuco,Calbuco,CL,LL,RL,4145S 07308W,
CLCCA,Chacao,Chacao,CL,LL,RN,4150S 07332W,
CLCCP,Concepción,Concepcion,CL,BI,AI,3649S 07303W,
CLCDV,Curaco de Vélez,Curaco de Velez,CL,LL,RN,4226S 07334W,
CLCGR,Cruz Grande,Cruz Grande,CL,CO,RL,2927S 07118W,
CLCHB,Chacabuco,Chacabuco,CL,AI,AI,4529S 07249W,
CLCHI,Chiguayante,Chiguayante,CL,BI,RN,3655S 07301W,
CLCHO,Chonchi,Chonchi,CL,LL,RN,4236S 07348W,
CLCHR,Cabo de Hornos,Cabo de Hornos,CL,MA,RN,5558S 06712W,
CLCIS,Puerto Cisnes,Puerto Cisnes,CL,AI,RN,4444S 07242W,
CLCLD,Caldera,Caldera,CL,AT,AI,2702S 07048W,
CLCLR,Caleta Clarencia,Caleta Clarencia,CL,MA,AI,5253S 07006W,
CLCNL,Coronel,Coronel,CL,BI,AI,3701S 07309W,
CLCNR,Chañaral,Chanaral,CL,AT,AI,2621S 07037W,
CLCNX,Cabo Negro,Cabo Negro,CL,MA,AI,5258S 07051W,
CLCOL,Caleta Coloso,Caleta Coloso,CL,AN,RL,2345S 07028W,
CLCPO,Copiapó,Copiapo,CL,AT,AI,2721S 07020W,
CLCQQ,Coquimbo,Coquimbo,CL,CO,AI,2958S 07120W,
CLCRH,Carahue,Carahue,CL,LL,RN,4300S 07333W,
CLCRR,Corral,Corral,CL,LL,AI,3952S 07326W,
CLCST,Constitución,Constitucion,CL,ML,RN,3520S 07225W,
CLDCH,Dalcahue,Dalcahue,CL,LL,RL,4223S 07340W,
CLEDE,Puerto Edén,Puerto Eden,CL,MA,RL,4909S 07427W,
CLGUA,Guaitecas,Guaitecas,CL,AI,RN,4344S 07354W,
CLGYC,Guayacán,Guayacan,CL,CO,AI,2959S 07122W,
CLHSO,Huasco,Huasco,CL,AT,AI,2827S 07113W,
CLHUH,Hualaihué,Hualaihue,CL,LL,RN,4201S 07241W,
CLIPC,Isla de Pascua,Isla de Pascua,CL,VS,AI,2709S 10925W,
CLIQQ,Iquique,Iquique,CL,TA,AI,2013S 07008W,
CLISG,Isla Guarello,Isla Guarello,CL,MA,AI,5240S 07341W,
CLJFZ,Juan Fernández,Juan Fernandez,CL,VS,RN,3340S 07947W,
CLKNA,Viña del Mar,Vina del Mar,CL,VS,AI,3259S 07133W,
CLLEB,Lebu,Lebu,CL,BI,RL,3736S 07339W,
CLLIA,Llanquihue,Llanquihue,CL,LL,RL,4115S 07300W,
CLLLI,Llico,Llico,CL,BI,RN,3712S 07334W,
CLLOH,Paso Lago O'Higgins/O'Higgins,Paso Lago O'Higgins/O'Higgins,CL,AI,AC,4852S 07240W,
CLLOS,Los Vilos,Los Vilos,CL,CO,RL,3154S 07130W,
CLLQN,Lirquén,Lirquen,CL,BI,AI,3642S 07259W,
CLLSC,La Serena,La Serena,CL,CO,AI,2953S 07114W,
CLLTA,Lota,Lota,CL,BI,AI,3705S 07309W,
CLLVT,Los Vientos,Los Vientos,CL,AN,RL,2441S 06946W,
CLMIC,Michilla,Michilla,CL,AN,RN,2244S 07016W,
CLMJS,Mejillones,Mejillones,CL,AN,AI,2306S 07027W,
CLMLI,Melinka,Melinka,CL,LL,RN,4352S 07345W,
CLMLL,Maullín,Maullin,CL,LL,RN,4137S 07335W,
CLNAL,Nueva Aldea,Nueva Aldea,CL,BI,RL,3639S 07227W,
CLOHI,O'Higgins,O'Higgins,CL,AI,RN,4828S 07234W,
CLOVL,Ovalle,Ovalle,CL,CO,AI,3035S 07112W,
CLPAG,Puerto Angamos,Puerto Angamos,CL,AN,RL,2305S 07027W,
CLPAN,Panguipulli,Panguipulli,CL,LL,RN,3938S 07220W,
CLPAT,Puerto Patache,Puerto Patache,CL,TA,RL,2048S 07012W,
CLPCH,Puerto Chacabuco,Puerto Chacabuco,CL,AI,RL,4529S 07250W,
CLPCK,Pecket,Pecket,CL,MA,RL,5257S 07111W,
CLPEO,Penco,Penco,CL,BI,AI,3643S 07259W,
CLPGA,Pargua,Pargua,CL,LL,RN,4148S 07326W,
CLPIS,Pisagua,Pisagua,CL,TA,RL,1936S 07012W,
CLPMC,Puerto Montt,Puerto Montt,CL,LL,AI,4128S 07257W,
CLPNT,Puerto Natales,Puerto Natales,CL,MA,AI,5143S 07230W,
CLPOC,Puerto Octay,Puerto Octay,CL,LL,RN,4058S 07254W,
CLPOS,Posesión,Posesion,CL,CO,RN,2954S 07004W,
CLPPD,Punta Padrones,Punta Padrones,CL,,RL,,
CLPPY,Puerto Percy,Puerto Percy,CL,MA,AI,5254S 07016W,
CLPQD,Puqueldón,Puqueldon,CL,LL,RN,4235S 07338W,
CLPTC,Punta Chungo,Punta Chungo,CL,CO,RL,3152S 07130W,
CLPTE,Quellón (Puerto Quellón),Quellon (Puerto Quellon),CL,LL,RL,4306S 07337W,
CLPTI,Patillos,Patillos,CL,TA,AI,2045S 07011W,
CLPUQ,Punta Arenas,Punta Arenas,CL,MA,AI,5308S 07056W,
CLPVS,Puerto Varas,Puerto Varas,CL,LL,RN,4119S 07259W,
CLQCO,Quinchao,Quinchao,CL,LL,RN,4231S 07324W,
CLQLN,Queilén,Queilen,CL,LL,RN,4252S 07328W,
CLQMC,Quemchi,Quemchi,CL,LL,AI,4208S 07329W,
CLQTV,Quintero,Quintero,CL,VS,AI,3246S 07132W,
CLQUV,Quellón Viejo,Quellon Viejo,CL,LL,RL,4308S 07340W,
CLRAF,Rauco,Rauco,CL,LL,RN,4232S 07347W,
CLSAA,Saavedra,Saavedra,CL,AR,RN,3847S 07324W,
CLSAI,San Antonio,San Antonio,CL,VS,AI,3336S 07136W,
CLSVE,San Vicente,San Vicente,CL,BI,AI,3642S 07308W,
CLTAL,Talcahuano,Talcahuano,CL,BI,AI,3644S 07307W,
CLTLX,Talca,Talca,CL,ML,AI,3525S 07139W,
CLTOM,Tomé,Tome,CL,BI,AI,3636S 07257W,
CLTON,Tongoy,Tongoy,CL,CO,RN,3015S 07129W,
CLTOQ,Tocopilla,Tocopilla,CL,AN,AI,2205S 07011W,
CLTOR,Tortel,Tortel,CL,AI,RN,4750S 07334W,
CLTPT,Tres Puentes,Tres Puentes,CL,MA,RN,5307S 07053W,
CLTTC,Taltal,Taltal,CL,AN,AI,2524S 07028W,
CLVAP,Valparaiso,Valparaiso,CL,VS,AI,3302S 07138W,
CLVIL,Villarrica,Villarrica,CL,AR,RN,3916S 07213W,
CLVNT,Ventanas,Ventanas,CL,VS,RL,3244S 07129W,
CLWCA,Castro,Castro,CL,LL,AI,4228S 07346W,
CLWCH,Chaitén,Chaiten,CL,LL,AI,4255S 07242W,
CLWPA,Puerto Aisén,Puerto Aisen,CL,AI,AI,4523S 07242W,
CLWPU,Puerto Williams,Puerto Williams,CL,MA,AI,5455S 06737W,
CLZAL,Valdivia,Valdivia,CL,LL,AI,3949S 07313W,
CLZOS,Osorno,Osorno,CL,LL,AI,4034S 07309W,
CLZUD,Ancud,Ancud,CL,LL,AI,4151S 07350W,
CMDLA,Douala,Douala,CM,,AI,,
CMGOU,Garoua,Garoua,CM,NO,AI,0918N 01324E,
CMKBI,Kribi,Kribi,CM,,AI,,
CMKOL,Kole Terminal,Kole Terminal,CM,,RL,,
CMKUM,Kumba,Kumba,CM,SW,RL,0438N 00926E,
CMLIM,Limbe,Limbe,CM,,RL,0401N 00913E,
CMLIT,Limboh Terminal,Limboh Terminal,CM,,RL,,
CMMOU,Moudi Terminal,Moudi Terminal,CM,,RL,0407N 00829E,
CMTKC,Tiko,Tiko,CM,,AI,,
CNAIN,Huaiyin,Huaiyin,CN,JS,RL,3338N 11901E,
CNAJG,Aojiang Pt,Aojiang Pt,CN,ZJ,AS,2735N 12027E,
CNANG,Huangxian,Huangxian,CN,33,RL,2933N 12134E,
CNANQ,Anqiu,Anqiu,CN,SD,RL,3625N 11911E,
CNANT,Anting,Anting,CN,SH,RL,3118N 12109E,
CNAPP,Anpu,Anpu,CN,GD,RL,2123N 10950E,
CNAQG,Anqing,Anqing,CN,AH,AS,3031N 11702E,
CNASW,Aoshanwei,Aoshanwei,CN,SD,RL,3621N 12040E,
CNBAH,Bahe,Bahe,CN,HB,RL,,
CNBAU,Baxu,Baxu,CN,JS,RL,,
CNBCG,Baiceng,Baiceng,CN,GZ,RL,2526N 10548E,
CNBCO,Bacao,Bacao,CN,GZ,RL,2528N 10547E,
CNBDG,Badong,Badong,CN,HB,RL,3102N 11023E,
CNBEI,Beilun,Beilun,CN,ZJ,RL,2956N 12153E,
CNBHE,Buhe,Buhe,CN,HB,RL,,
CNBHT,Tieshan,Tieshan,CN,GX,RL,,
CNBHX,Binhai,Binhai,CN,JS,AS,3343N 11937E,
CNBIC,Beicun,Beicun,CN,GD,AS,,
CNBIH,Beihai Pt,Beihai Pt,CN,GX,AS,2128N 10907E,
CNBIJ,Beijiao,Beijiao,CN,GD,AS,2255N 11312E,
CNBIY,Beiyao,Beiyao,CN,GD,RL,,
CNBLG,Beilun Pt,Beilun Pt,CN,ZJ,AS,,
CNBLI,Bali,Bali,CN,HB,RL,,
CNBLO,Bailuo,Bailuo,CN,HB,RL,,
CNBLX,Honghai Pt,Honghai Pt,CN,GD,AS,2310N 11416E,
CNBMJ,Baimajing,Baimajing,CN,HI,RL,1942N 10913E,
CNBOA,Boao,Boao,CN,HI,RL,,
CNBSD,Baoshan Pt,Baoshan Pt,CN,SH,AS,3125N 12129E,
CNBSE,Baise,Baise,CN,GX,RL,,
CNBSI,Baishi,Baishi,CN,HL,RL,,
CNBSP,Basuo Pt,Basuo Pt,CN,HI,AS,1900N 10837E,
CNBYA,Bayan,Bayan,CN,HL,RL,4605N 12724E,
CNBYG,Baiyang,Baiyang,CN,HB,RL,3026N 11131E,
CNBYN,Binyang,Binyang,CN,FJ,RL,2715N 12020E,
CNBYQ,Bayuquan,Bayuquan,CN,LN,AS,,
CNBZG,Bozhong,Bozhong,CN,TJ,AS,3827N 11826E,
CNCAH,Changhua,Changhua,CN,HI,RL,,
CNCBG,Chen Barag,Chen Barag,CN,NM,RL,,
CNCBI,Chibi,Chibi,CN,HB,RL,,
CNCDH,Changdianhekou,Changdianhekou,CN,LN,AS,4025N 12448E,
CNCFD,Caofeidian Pt,Caofeidian Pt,CN,HE,AS,3857N 11832E,
CNCFF,Suidong,Suidong,CN,HL,RL,,
CNCGJ,Changjing,Changjing,CN,JS,RL,,
CNCGM,Chongming,Chongming,CN,SH,AS,3138N 12124E,
CNCGS,Changshu Pt,Changshu Pt,CN,JS,AS,3139N 12043E,
CNCGW,Cangwu,Cangwu,CN,GX,RL,2329N 11119E,
CNCGZ,Chongzuo,Chongzuo,CN,GX,RL,,
CNCHE,Chengaogang,Chengaogang,CN,FJ,AS,,
CNCHI,Chizhou,Chizhou,CN,AH,AS,3039N 11728E,
CNCHQ,Chongqing Pt,Chongqing Pt,CN,CQ,AS,,
CNCHS,Chuanshan,Chuanshan,CN,ZJ,RL,,
CNCHU,Chaohu,Chaohu,CN,AH,RL,3136N 11751E,
CNCHX,Chengxi,Chengxi,CN,SH,RL,3155N 12014E,
CNCHY,Chaoyang Pt,Chaoyang Pt,CN,GD,AS,2316N 11636E,
CNCHZ,Chuzhou,Chuzhou,CN,AH,RL,3219N 11817E,
CNCIG,Chenjiagang,Chenjiagang,CN,JS,RL,,
CNCIV,Civet / Guandong,Civet / Guandong,CN,GD,RL,2216N 11304E,
CNCIX,Cixi,Cixi,CN,ZJ,RL,3010N 12114E,
CNCJA,Congjiang,Congjiang,CN,GZ,RL,,
CNCJG,Caojing,Caojing,CN,SH,RL,3047N 12124E,
CNCJI,Chengjiang,Chengjiang,CN,JS,RL,,
CNCLJ,Chenglingji Pt,Chenglingji Pt,CN,HN,AS,2926N 11309E,
CNCNG,Chengde,Chengde,CN,HE,RL,4058N 11756E,
CNCNX,Xinxu,Xinxu,CN,GD,RL,,
CNCOZ,Chaozhou,Chaozhou,CN,GD,AS,2340N 11638E,
CNCQI,Chongqing,Chongqing,CN,CQ,AS,2935N 10633E,
CNCSH,Changsha,Changsha,CN,HN,AS,2812N 11259E,
CNCSJ,Changshou,Changshou,CN,JS,RL,,
CNCSL,Laiwu,Laiwu,CN,GD,AS,,
CNCSO,Changshou,Changshou,CN,CQ,RL,,
CNCUM,Chumen,Chumen,CN,ZJ,RL,,
CNCUN,Chencun,Chencun,CN,GD,RL,2257N 11314E,
CNCWN,Chiwan Pt,Chiwan Pt,CN,GD,AS,2229N 11353E,
CNCYH,Haimen,Haimen,CN,GD,AS,,
CNCZX,Changzhou,Changzhou,CN,JS,AS,3147N 11958E,
CNDAA,Dagang,Dagang,CN,JS,RL,,
CNDAG,Dalian Pt,Dalian Pt,CN,LN,AS,,
CNDAL,Dalian,Dalian,CN,LN,AS,3855N 12136E,
CNDAN,Daan,Daan,CN,JL,AS,4357N 12951E,
CNDAS,Dashihuagang,Dashihuagang,CN,21,RL,3854N 12136E,
CNDAX,Daxie Pt,Daxie Pt,CN,ZJ,AS,2953N 12157E,
CNDAY,Dayawan,Dayawan,CN,GD,AS,2240N 11440E,
CNDBG,Dongbang,Dongbang,CN,JS,RL,,
CNDBX,Bohe,Bohe,CN,GD,AS,2131N 11100E,
CNDCB,DA CHAN BAY,DA CHAN BAY,CN,GD,RL,2232N 11352E,
CNDCG,Ducheng,Ducheng,CN,HB,RL,,
CNDDD,Dadeng I.,Dadeng I.,CN,FJ,AS,2432N 11819E,
CNDDG,Dandong,Dandong,CN,LN,AS,,
CNDDK,Dadukou,Dadukou,CN,AH,RL,,
CNDDP,Didu,Didu,CN,GD,AS,,
CNDDW,Dongdaiwan,Dongdaiwan,CN,FJ,AS,2614N 11937E,
CNDDZ,Dandong,Dandong,CN,LN,AS,4008N 12422E,
CNDEF,Defeng,Defeng,CN,GZ,RL,2613N 10907E,
CNDEZ,Dezhou,Dezhou,CN,SD,RL,3726N 11617E,
CNDFA,Dongfang,Dongfang,CN,HI,RL,1903N 10856E,
CNDFG,Dafeng,Dafeng,CN,JS,AS,3311N 12028E,
CNDFN,Dongfeng,Dongfeng,CN,SD,RL,,
CNDGG,Dongguan,Dongguan,CN,GD,AS,2302N 11345E,
CNDGN,Donggang,Donggang,CN,TJ,AS,3953N 12408E,
CNDGP,Dongping,Dongping,CN,GD,AS,2143N 11213E,
CNDGU,Donggu,Donggu,CN,FJ,AS,,
CNDHD,Douhudi,Douhudi,CN,HB,RL,,
CNDHP,Dahuangpu,Dahuangpu,CN,GD,RL,,
CNDHU,Danzhou,Danzhou,CN,GX,RL,2522N 10926E,
CNDIA,Digang,Digang,CN,AH,RL,,
CNDIZ,Dadingzi,Dadingzi,CN,HL,RL,,
CNDJA,Dongjiakou,Dongjiakou,CN,SD,AA,3536N 11946E,
CNDJG,Dongjiang Port Area,Dongjiang Port Area,CN,TJ,AS,,
CNDJI,Dajing,Dajing,CN,ZJ,RL,,
CNDJK,Dongjiangkou,Dongjiangkou,CN,GD,AS,3535N 11947E,
CNDJO,Daojiao,Daojiao,CN,GD,RL,,
CNDJT,Dongjiaotou Pt,Dongjiaotou Pt,CN,GD,AS,2020N 11025E,
CNDLD,Dalu Island,Dalu Island,CN,LN,AS,3944N 12343E,
CNDLI,Dongliu,Dongliu,CN,AH,RL,,
CNDMJ,Jingan,Jingan,CN,GD,AS,,
CNDMX,Xinhuan,Xinhuan,CN,GD,AS,,
CNDMY,Damaiyu,Damaiyu,CN,ZJ,AS,2805N 12109E,
CNDNG,Donghai,Donghai,CN,GD,RL,2257N 11538E,
CNDNT,Dantu,Dantu,CN,JS,RL,,
CNDOP,Donglian Port,Donglian Port,CN,GD,RL,2275N 11461E,
CNDOU,Doumen Pt,Doumen Pt,CN,GD,AS,2212N 11317E,
CNDOX,Dongxing,Dongxing,CN,GX,AS,2129N 10759E,
CNDOZ,Dongzhang,Dongzhang,CN,JS,RL,,
CNDPG,Dapeng,Dapeng,CN,GD,RL,2236N 11430E,
CNDQD,Daqindao,Daqindao,CN,SD,RL,,
CNDSA,Dasha,Dasha,CN,HB,RL,,
CNDSB,Dongsunba,Dongsunba,CN,CQ,RL,,
CNDSH,Dongshi,Dongshi,CN,FJ,AS,2440N 11828E,
CNDSI,Dongshi,Dongshi,CN,42,AS,,
CNDSN,Dongshan Pt,Dongshan Pt,CN,FJ,AS,,
CNDSO,Dasong,Dasong,CN,ZJ,RL,,
CNDTZ,Dataizi,Dataizi,CN,LN,AS,,
CNDWN,Dawan,Dawan,CN,SD,RL,,
CNDXU,Daxu,Daxu,CN,GX,RL,,
CNDYI,Dayi,Dayi,CN,JS,RL,,
CNDYN,Dongying,Dongying,CN,SD,AS,3725N 11841E,
CNDYW,Dayaowan,Dayaowan,CN,LN,AS,,
CNDZM,Danzhimatou,Danzhimatou,CN,LN,AS,,
CNEBA,Erba,Erba,CN,AH,RL,,
CNECG,Echeng,Echeng,CN,HB,RL,,
CNEGN,Ergun,Ergun,CN,NM,RL,,
CNENP,Hengban,Hengban,CN,GD,AS,2212N 11219E,
CNETK,Ertaokou,Ertaokou,CN,HB,RL,,
CNEZH,Ezhou,Ezhou,CN,HB,RL,3024N 11449E,
CNFAG,Fugang,Fugang,CN,GD,RL,,
CNFAN,Fangcheng Pt,Fangcheng Pt,CN,GX,AS,2146N 10821E,
CNFCH,Fengcheng,Fengcheng,CN,SD,AS,3642N 12114E,
CNFDU,Fengdu,Fengdu,CN,CQ,RL,,
CNFJE,Fengjie,Fengjie,CN,CQ,RL,,
CNFKI,Fengkai,Fengkai,CN,GD,RL,2303N 11227E,
CNFKJ,Jiangkou,Jiangkou,CN,GD,AS,2327N 11130E,
CNFLG,Fuling,Fuling,CN,CQ,RL,2942N 10720E,
CNFNG,Fuyong,Fuyong,CN,GD,RL,2239N 11347E,
CNFQX,Xialong,Xialong,CN,FJ,AS,2542N 11923E,
CNFRT,Foshan New Pt,Foshan New Pt,CN,GD,RL,,
CNFSA,Fushan,Fushan,CN,JS,RL,,
CNFSI,Fusui,Fusui,CN,GX,RL,,
CNFUC,Fucheng,Fucheng,CN,GD,RL,,
CNFUJ,Fujin,Fujin,CN,HL,AS,4715N 13202E,
CNFUY,Fuyuan,Fuyuan,CN,HL,AS,4821N 13418E,
CNFWN,Fuwan,Fuwan,CN,GD,RL,,
CNFXG,Fuxing,Fuxing,CN,AH,RL,,
CNFZG,Fuzhou Pt,Fuzhou Pt,CN,FJ,AS,,
CNFZH,Fuzhou,Fuzhou,CN,FJ,AS,2605N 11918E,
CNFZL,Dantou,Dantou,CN,FJ,AS,,
CNFZX,Fuzhouxingang,Fuzhouxingang,CN,FJ,AS,,
CNGAO,Gaogang,Gaogang,CN,JS,AS,3218N 11951E,
CNGBG,Guanbu Pt,Guanbu Pt,CN,GD,AS,,
CNGBT,Guangbaotong,Guangbaotong,CN,GD,RL,,
CNGCH,Guancheng,Guancheng,CN,GD,AS,,
CNGDI,Gedian,Gedian,CN,HB,RL,,
CNGGK,Gongkou,Gongkou,CN,FJ,AS,2338N 11714E,
CNGGN,Gongan,Gongan,CN,HB,RL,,
CNGGU,Gongguan,Gongguan,CN,GX,RL,,
CNGGZ,Guangzhou,Guangzhou,CN,GD,AS,2308N 11314E,
CNGHI,Guanghai Pt,Guanghai Pt,CN,GD,AS,2158N 11248E,
CNGIS,Guishan,Guishan,CN,GD,AS,2208N 11349E,
CNGLG,Gaoleng,Gaoleng,CN,HL,RL,,
CNGLI,Guangli,Guangli,CN,GD,RL,,
CNGLN,Gaolan,Gaolan,CN,GS,RL,3619N 10356E,
CNGNA,Guang'ao,Guang'ao,CN,GD,RL,2314N 11646E,
CNGNG,Guangning,Guangning,CN,GD,RL,,
CNGNI,Guangning,Guangning,CN,LN,RL,,
CNGOG,Gongming,Gongming,CN,GD,RL,2247N 11352E,
CNGOM,Gaoming Pt,Gaoming Pt,CN,GD,AS,2253N 11250E,
CNGON,Gaolan,Gaolan,CN,GD,RL,2155N 11315E,
CNGPG,Guiping,Guiping,CN,GX,RL,,
CNGSA,Cangshan,Cangshan,CN,SD,RL,3451N 11803E,
CNGSH,Gaosha,Gaosha,CN,GD,AS,,
CNGUG,Guigang,Guigang,CN,GX,AS,2306N 10936E,
CNGUI,Guilin,Guilin,CN,GX,RL,2516N 11017E,
CNGUL,Gangluan,Gangluan,CN,SD,RL,,
CNGUT,Guangdong Terminal,Guangdong Terminal,CN,GD,RL,2234N 11426E,
CNGYN,Nanan,Nanan,CN,GD,AS,,
CNGYO,Guanyao,Guanyao,CN,HB,RL,,
CNGZC,Guangzhouchuanchang,Guangzhouchuanchang,CN,GD,AS,,
CNGZE,Guzhen,Guzhen,CN,GD,RL,2236N 11310E,
CNGZG,Guangzhou Pt,Guangzhou Pt,CN,GD,AS,2308N 11314E,
CNHAQ,Huangqi/Nanhai,Huangqi/Nanhai,CN,GD,RL,,
CNHAS,Heshan,Heshan,CN,GX,RL,,
CNHBG,Harbin Pt,Harbin Pt,CN,HL,AS,,
CNHCN,Huachuan,Huachuan,CN,HL,AS,4701N 13042E,
CNHDG,Huadu Pt,Huadu Pt,CN,GD,AS,,
CNHDN,Haidian,Haidian,CN,HI,RL,,
CNHEK,Heihe,Heihe,CN,HL,AS,5014N 12729E,
CNHGA,Honghua,Honghua,CN,HB,RL,,
CNHGG,Hongguang Pt,Hongguang Pt,CN,ZJ,AS,,
CNHGJ,Huangjiang,Huangjiang,CN,GX,RL,2506N 10720E,
CNHGN,Haigeng,Haigeng,CN,AH,RL,,
CNHHT,Haitian Terminal/ Xiamen,Haitian Terminal/ Xiamen,CN,FJ,RL,2706N 12018E,
CNHID,Huidong Pt,Huidong Pt,CN,GD,AS,2259N 11442E,
CNHIG,Haikou Pt,Haikou Pt,CN,HI,AS,2002N 11010E,
CNHIJ,Huaiji,Huaiji,CN,GD,RL,2303N 11227E,
CNHIK,Huikou,Huikou,CN,AH,RL,,
CNHIM,Haimiao,Haimiao,CN,SD,RL,,
CNHJI,Huangjiang,Huangjiang,CN,GD,RL,,
CNHKO,Haikou,Haikou,CN,HI,AS,2002N 11020E,
CNHKU,Hukou,Hukou,CN,JX,RL,,
CNHLE,Hulan Ergi,Hulan Ergi,CN,HL,RL,,
CNHLI,Huailai,Huailai,CN,HE,RL,4022N 11530E,
CNHLJ,Jinghai,Jinghai,CN,GD,AS,2302N 11618E,
CNHLW,Heliwei,Heliwei,CN,GD,AS,,
CNHME,Haimen,Haimen,CN,ZJ,RL,2840N 12126E,
CNHMN,Humen Pt,Humen Pt,CN,GD,AS,2250N 11340E,
CNHNH,Huanghua,Huanghua,CN,ZJ,AS,,
CNHNI,Hengli,Hengli,CN,GD,RL,2310N 11437E,
CNHNS,Huanshi,Huanshi,CN,HB,RL,,
CNHOD,Hongdu,Hongdu,CN,GX,RL,,
CNHOH,Honghu,Honghu,CN,HB,RL,,
CNHOQ,Hongqi,Hongqi,CN,GD,RL,,
CNHOU,Houjie,Houjie,CN,GD,RL,2256N 11338E,
CNHRN,Harbin,Harbin,CN,HL,AS,4544N 12636E,
CNHSC,Shaoguan New Pt,Shaoguan New Pt,CN,GD,AS,2448N 11337E,
CNHSI,Huangshi Pt,Huangshi Pt,CN,HB,AS,3012N 11506E,
CNHSK,Huangsangkou,Huangsangkou,CN,HB,RL,,
CNHSN,Heshan Pt,Heshan Pt,CN,GD,AS,2246N 11257E,
CNHST,Heishantou,Heishantou,CN,NM,AS,5012N 11923E,
CNHTG,Hetang,Hetang,CN,GD,AS,2239N 11308E,
CNHTO,Haitou,Haitou,CN,JS,RL,,
CNHUA,Huangpu Pt,Huangpu Pt,CN,GD,AS,,
CNHUD,Huludao,Huludao,CN,LN,AS,4045N 12051E,
CNHUE,Huchen,Huchen,CN,ZJ,RL,,
CNHUH,Huanghua Pt,Huanghua Pt,CN,HE,AS,3821N 11721E,
CNHUI,Huizhou,Huizhou,CN,GD,AS,2305N 11422E,
CNHUL,Hulin,Hulin,CN,HL,AS,4547N 13257E,
CNHUM,Huma,Huma,CN,HL,AS,5142N 12639E,
CNHUN,Huangpu New Port,Huangpu New Port,CN,GD,AS,2305N 11330E,
CNHUP,Huo Pt,Huo Pt,CN,AH,RL,,
CNHUS,Huashi,Huashi,CN,JS,RL,,
CNHUY,Huayang,Huayang,CN,AH,RL,,
CNHXA,Hengxian,Hengxian,CN,GX,RL,,
CNHXE,Haoxue,Haoxue,CN,HB,RL,,
CNHXG,Haikou New Pt,Haikou New Pt,CN,HI,AS,2015N 10850E,
CNHYN,Huangyan,Huangyan,CN,ZJ,RL,2838N 12115E,
CNHZH,Huzhou,Huzhou,CN,ZJ,AS,3052N 12006E,
CNHZO,Huangzhou,Huangzhou,CN,HB,RL,,
CNHZU,Houzhu,Houzhu,CN,FJ,RL,2453N 11840E,
CNIMA,Baimao,Baimao,CN,SD,RL,3501N 11836E,
CNING,Xinyang,Xinyang,CN,HA,RL,3208N 11403E,
CNJAA,Jiang'an,Jiang'an,CN,SC,RL,,
CNJAX,Jiaxing,Jiaxing,CN,ZJ,AS,3046N 12045E,
CNJAY,Jiayin,Jiayin,CN,HL,AS,4852N 13022E,
CNJBI,Jianbi,Jianbi,CN,JS,RL,,
CNJCH,Jiangcheng,Jiangcheng,CN,GD,AS,,
CNJCN,Jiangchuan,Jiangchuan,CN,YN,RL,,
CNJDR,Quxi,Quxi,CN,GD,AS,2335N 11626E,
CNJES,Jieshi,Jieshi,CN,GD,RL,,
CNJGJ,Jiangjin,Jiangjin,CN,CQ,RL,,
CNJGU,Jinguzhou,Jinguzhou,CN,GD,RL,2231N 11301E,
CNJGY,Jiangyin,Jiangyin,CN,FJ,RL,2528N 11918E,
CNJHA,Jinhua,Jinhua,CN,ZJ,AS,2907N 11939E,
CNJHK,Jinhekou,Jinhekou,CN,AH,RL,,
CNJIA,Jiangyin Pt,Jiangyin Pt,CN,JS,AS,3154N 12017E,
CNJIJ,Jingjiang,Jingjiang,CN,JS,AS,3202N 12017E,
CNJIP,Jiangping,Jiangping,CN,GX,RL,,
CNJIS,Jiangshan Pt,Jiangshan Pt,CN,GX,AS,2138N 10816E,
CNJIU,Jiujiang,Jiujiang,CN,JX,AS,2943N 11558E,
CNJIZ,Jiazi,Jiazi,CN,GD,AS,2252N 11603E,
CNJKO,Jiangkou,Jiangkou,CN,HB,RL,,
CNJLI,Jianli,Jianli,CN,HB,RL,,
CNJLP,Jiulongpo Pt,Jiulongpo Pt,CN,CQ,AS,,
CNJMN,Jiangmen,Jiangmen,CN,GD,AS,2235N 11304E,
CNJMS,Jiamusi Pt,Jiamusi Pt,CN,HL,AS,,
CNJMU,Jimusi,Jimusi,CN,HL,AS,,
CNJMY,Jimiya,Jimiya,CN,SD,AS,,
CNJNH,Jinhaian,Jinhaian,CN,GD,AS,,
CNJNL,Jinli,Jinli,CN,GD,RL,,
CNJNZ,Jinzhou Pt,Jinzhou Pt,CN,LN,AS,4107N 12109E,
CNJOG,Jinghong,Jinghong,CN,YN,AS,2201N 10048E,
CNJOK,Jiaokou,Jiaokou,CN,GD,AS,,
CNJPI,Jinpai,Jinpai,CN,HI,RL,,
CNJPU,Jiangpu,Jiangpu,CN,JS,RL,,
CNJRG,Jurong,Jurong,CN,JS,RL,3155N 11910E,
CNJSG,Jiaoshan Pt,Jiaoshan Pt,CN,ZJ,AS,,
CNJTG,Jingtang Pt,Jingtang Pt,CN,HE,AS,,
CNJTO,Jiantiao,Jiantiao,CN,ZJ,RL,,
CNJUJ,Jiujiang,Jiujiang,CN,GD,AS,2250N 11300E,
CNJUL,Jiuli,Jiuli,CN,JS,RL,,
CNJUZ,Jiuzhen,Jiuzhen,CN,FJ,AS,2402N 11742E,
CNJXN,Jiao Xin,Jiao Xin,CN,GD,RL,,
CNJZK,Jingzhou Pt,Jingzhou Pt,CN,HB,AS,3018N 11216E,
CNJZU,Jiuzhou Pt,Jiuzhou Pt,CN,GD,AS,,
CNKFG,Kaifeng,Kaifeng,CN,HA,RL,3447N 11420E,
CNKMN,Kanmen,Kanmen,CN,ZJ,RL,,
CNKZG,Kangzhou Pt,Kangzhou Pt,CN,GD,AS,,
CNLAL,Laolong,Laolong,CN,GD,RL,,
CNLCP,Lucheng Pt,Lucheng Pt,CN,HB,RL,,
CNLDK,Laodukou,Laodukou,CN,HB,RL,,
CNLFN,Lufeng,Lufeng,CN,GD,RL,2257N 11538E,
CNLGA,Long'an,Long'an,CN,GX,RL,,
CNLGI,Longhai,Longhai,CN,HN,RL,2628N 11316E,
CNLGU,Longguan,Longguan,CN,HE,RL,4046N 11534E,
CNLGW,Longwu,Longwu,CN,SH,AS,,
CNLGY,Longyan Pt,Longyan Pt,CN,SD,AS,3726N 12238E,
CNLID,Lidao,Lidao,CN,SD,RL,,
CNLIH,Lianhuashan Pt,Lianhuashan Pt,CN,GD,AS,2301N 11516E,
CNLIJ,Lijiang,Lijiang,CN,SD,RL,,
CNLIU,Liuyang,Liuyang,CN,HN,RL,,
CNLIZ,Lianzhou,Lianzhou,CN,GD,RL,2446N 11221E,
CNLJD,Liujiadu,Liujiadu,CN,AH,RL,,
CNLJK,Luanjiakou,Luanjiakou,CN,SD,RL,,
CNLJN,Liujing,Liujing,CN,GX,RL,,
CNLJP,Liujia Pt,Liujia Pt,CN,HB,RL,,
CNLJQ,Qianyu,Qianyu,CN,FJ,AS,2612N 11931E,
CNLJT,Luojingtan,Luojingtan,CN,HB,RL,,
CNLJY,Yingzai,Yingzai,CN,GD,AS,2137N 11017E,
CNLKP,Liukou Pt,Liukou Pt,CN,HB,RL,,
CNLKU,Longkou Pt,Longkou Pt,CN,SD,AS,3739N 12021E,
CNLLI,Liling,Liling,CN,HN,RL,2740N 11329E,
CNLMG,Wenling Longmen Port,Wenling Longmen Port,CN,ZJ,AS,2825N 12159E,
CNLMN,Longmen,Longmen,CN,GX,RL,,
CNLNH,Linhai,Linhai,CN,ZJ,RL,2851N 12107E,
CNLNN,Lunan,Lunan,CN,AH,RL,,
CNLNS,Lanshi,Lanshi,CN,GD,AS,,
CNLOH,Luohuang,Luohuang,CN,CQ,RL,,
CNLOZ,Longzhou,Longzhou,CN,GX,RL,,
CNLPG,Mouping,Mouping,CN,SD,RL,,
CNLPP,Longping Pt,Longping Pt,CN,HB,RL,,
CNLQI,Luoqi,Luoqi,CN,CQ,RL,,
CNLSH,Lushun New Pt,Lushun New Pt,CN,LN,AS,3841N 12111E,
CNLSN,Lanshan Pt,Lanshan Pt,CN,SD,AS,3504N 11922E,
CNLSX,Xincun,Xincun,CN,SD,AS,1830N 11001E,
CNLTP,Letianxi Pt,Letianxi Pt,CN,HB,RL,,
CNLUB,Luobei,Luobei,CN,HL,AS,4734N 13049E,
CNLUD,Liudu,Liudu,CN,GD,AS,2304N 11200E,
CNLUH,Lü-hua Shan,Lu-hua Shan,CN,ZJ,RL,3049N 12237E,
CNLUI,Lisui,Lisui,CN,BJ,RL,4004N 11645E,
CNLUN,Lu'an,Lu'an,CN,AH,RL,3144N 11629E,
CNLUS,Lusi,Lusi,CN,JS,AS,3203N 12137E,
CNLUZ,Luzhou,Luzhou,CN,SC,AS,2854N 10524E,
CNLXH,Laoxiahe,Laoxiahe,CN,AH,RL,,
CNLXI,Lanxi,Lanxi,CN,ZJ,RL,2912N 11928E,
CNLXP,Luxikou Pt,Luxikou Pt,CN,HB,RL,,
CNLYG,Lianyungang,Lianyungang,CN,JS,AS,3443N 11926E,
CNLYP,Liying Pt,Liying Pt,CN,HB,RL,,
CNLZH,Liuzhou,Liuzhou,CN,GX,AS,2319N 10924E,
CNLZI,Luzhai,Luzhai,CN,GX,RL,,
CNLZL,Liusha,Liusha,CN,GD,AS,2054N 11004E,
CNLZO,Laizhou Pt,Laizhou Pt,CN,SD,AS,3710N 11957E,
CNLZP,Liuzuo Pt,Liuzuo Pt,CN,HB,RL,,
CNMAA,Ma'anshan,Ma'anshan,CN,AH,AS,3143N 11828E,
CNMAC,Macun,Macun,CN,HI,AS,1957N 11001E,
CNMAJ,Majistan/Zhoushan,Majistan/Zhoushan,CN,ZJ,RL,3001N 12206E,
CNMAW,Mawei Pt,Mawei Pt,CN,FJ,AS,2559N 11927E,
CNMAY,Mayong,Mayong,CN,GD,AS,,
CNMBI,Mabian Island,Mabian Island,CN,GD,RL,2267N 11465E,
CNMGG,Meigeng,Meigeng,CN,AH,RL,,
CNMHG,Minxing,Minxing,CN,SH,RL,,
CNMIO,Meiao,Meiao,CN,ZJ,RL,,
CNMIY,Miyun,Miyun,CN,11,RL,4022N 11650E,
CNMJD,Majiadian,Majiadian,CN,HB,RL,,
CNMJS,Maji Shan,Maji Shan,CN,ZJ,RL,3040N 12224E,
CNMLG,Maoling,Maoling,CN,GX,RL,,
CNMLI,Meilin,Meilin,CN,FJ,AS,,
CNMOG,Maogang,Maogang,CN,GD,RL,2303N 11244E,
CNMOH,Mohe,Mohe,CN,HL,AS,5301N 12227E,
CNMOT,Miaotou,Miaotou,CN,GD,AS,,
CNMPP,Maoping Pt,Maoping Pt,CN,HB,RL,,
CNMSA,Meisha Pt,Meisha Pt,CN,GD,AS,2442N 11704E,
CNMSG,Meishan Pt,Meishan Pt,CN,ZJ,AS,,
CNMSN,Meishan,Meishan,CN,ZJ,AS,,
CNMSP,Maoshan Pt,Maoshan Pt,CN,HB,RL,,
CNMTZ,Matouzhen,Matouzhen,CN,JX,RL,,
CNMWN,Mawan Pt,Mawan Pt,CN,GD,AS,2227N 11353E,
CNMYM,Moupingyangmadao,Moupingyangmadao,CN,SD,RL,,
CNMZU,Muzhou,Muzhou,CN,GD,RL,,
CNMZW,Meizhouwan,Meizhouwan,CN,FJ,RL,,
CNNAD,Nandu,Nandu,CN,GX,RL,,
CNNAH,Nanhai Pt,Nanhai Pt,CN,GD,AS,2301N 11309E,
CNNAN,Nanao Pt,Nanao Pt,CN,GD,AS,2326N 11741E,
CNNBG,Ningbo Pt,Ningbo Pt,CN,ZJ,AS,2955N 12140E,
CNNBO,Ningbo,Ningbo,CN,ZJ,AS,2952N 12133E,
CNNCA,Nicha,Nicha,CN,AH,RL,,
CNNDE,Ningde,Ningde,CN,FJ,RL,,
CNNDS,Shacheng,Shacheng,CN,FJ,AS,2639N 11931E,
CNNEG,Neigang,Neigang,CN,GD,RL,2306N 11325E,
CNNHN,Wuhan,Wuhan,CN,HB,AS,3035N 11417E,
CNNHS,Sanshan pt,Sanshan pt,CN,GD,AS,,
CNNIG,Nanning Pt,Nanning Pt,CN,GX,AS,,
CNNIN,Nanning,Nanning,CN,GX,AS,2248N 10819E,
CNNJG,Nanjing Pt,Nanjing Pt,CN,JS,AS,,
CNNJI,Nanjing,Nanjing,CN,JS,AS,3203N 11846E,
CNNJK,Nanjiangkou,Nanjiangkou,CN,GD,AS,2307N 11148E,
CNNKL,Niuguling,Niuguling,CN,GD,AS,,
CNNMI,Ningming,Ningming,CN,GX,RL,,
CNNNX,Nanxi,Nanxi,CN,SC,RL,,
CNNSA,Nansha Pt,Nansha Pt,CN,GD,AS,2245N 11335E,
CNNSY,Nianshanyapojiao,Nianshanyapojiao,CN,GD,AS,,
CNNTG,Nantong,Nantong,CN,JS,AS,3201N 12051E,
CNNTN,Niutoushan,Niutoushan,CN,AH,RL,,
CNNUD,Nudao,Nudao,CN,SD,AS,3623N 12052E,
CNNXI,Nanxiang,Nanxiang,CN,GX,RL,,
CNPAJ,Panjin,Panjin,CN,LN,AS,4107N 12203E,
CNPDG,Pudong/Shanghai,Pudong/Shanghai,CN,SH,RL,3114N 12130E,
CNPDX,Pudongxinqu Pt,Pudongxinqu Pt,CN,SH,RL,,
CNPGN,Pingnan,Pingnan,CN,GX,RL,,
CNPGZ,Pingzhou,Pingzhou,CN,GD,AS,2302N 11312E,
CNPHB,Bijia,Bijia,CN,GD,AS,2237N 11451E,
CNPIL,Pingle,Pingle,CN,GX,RL,,
CNPJO,Pojiao,Pojiao,CN,GZ,RL,,
CNPJS,Pizhou,Pizhou,CN,JS,RL,3420N 11801E,
CNPKO,Pikou,Pikou,CN,LN,RL,,
CNPLI,Penglai Pt,Penglai Pt,CN,SD,AS,3748N 12045E,
CNPNT,Pantang,Pantang,CN,HB,RL,,
CNPNY,Shiqiao,Shiqiao,CN,GD,AS,2257N 11322E,
CNPQA,Puqian,Puqian,CN,HI,RL,,
CNPQI,Puqi,Puqi,CN,ZJ,RL,,
CNPSH,Pingsha,Pingsha,CN,GD,RL,,
CNPTJ,Jinjing,Jinjing,CN,FJ,AS,2530N 11947E,
CNPTN,Pingtan,Pingtan,CN,FJ,AA,2530N 11943E,
CNPTS,Sanjiangkou,Sanjiangkou,CN,FJ,AS,,
CNPUT,Putian,Putian,CN,FJ,AS,2426N 11901E,
CNPXI,Puxi,Puxi,CN,ZJ,RL,,
CNPXM,Pingshaxinmatou,Pingshaxinmatou,CN,GD,AS,2206N 11310E,
CNPYG,Puyang,Puyang,CN,41,RL,3542N 11500E,
CNPZE,Pengze,Pengze,CN,JX,RL,,
CNPZO,Paizhou,Paizhou,CN,HB,RL,,
CNQAW,Qianwan,Qianwan,CN,SD,RL,3603N 12013E,
CNQDG,Qingdao Pt,Qingdao Pt,CN,SD,AS,,
CNQDL,Qindeli,Qindeli,CN,HL,RL,,
CNQGG,Qingge,Qingge,CN,HI,RL,,
CNQGS,Qingshi,Qingshi,CN,JL,AS,4122N 12631E,
CNQGY,Qingyuan,Qingyuan,CN,GD,AS,2342N 11301E,
CNQHE,Qinghe,Qinghe,CN,HL,RL,,
CNQIG,Qingguji / Shangqiu,Qingguji / Shangqiu,CN,41,RL,3441N 11546E,
CNQIN,Qingdao,Qingdao,CN,SD,AS,3603N 12019E,
CNQJG,Qinjiang,Qinjiang,CN,GX,RL,,
CNQJI,Qingjiang,Qingjiang,CN,ZJ,RL,,
CNQJO,Qiangjiao,Qiangjiao,CN,ZJ,RL,,
CNQKE,Qike,Qike,CN,HL,RL,,
CNQKU,Qukou,Qukou,CN,HI,RL,,
CNQLN,Qinglan Pt,Qinglan Pt,CN,HI,AS,1933N 11049E,
CNQMN,Qimen,Qimen,CN,ZJ,RL,,
CNQNH,Tanmen,Tanmen,CN,HI,AS,1914N 11028E,
CNQSA,Qisha Pt,Qisha Pt,CN,GX,AS,2135N 10828E,
CNQSE,Qingshuihe/Shenzhen,Qingshuihe/Shenzhen,CN,GD,RL,,
CNQSN,Qianshan/Zhuhai,Qianshan/Zhuhai,CN,GD,RL,2214N 11331E,
CNQUG,"Quangang,Quanzhou","Quangang,Quanzhou",CN,FJ,,2508N 11855E,
CNQXT,Qixingtai,Qixingtai,CN,HB,RL,,
CNQYA,Qingyang,Qingyang,CN,JS,RL,,
CNQZC,Chongwu,Chongwu,CN,FJ,AS,,
CNQZH,Qinzhou,Qinzhou,CN,GX,AS,,
CNQZL,Quanzhou,Quanzhou,CN,FJ,AS,2456N 11836E,
CNQZO,Qizhou,Qizhou,CN,HB,RL,,
CNRAG,Ruichang,Ruichang,CN,JX,RL,,
CNRCG,Rongcheng,Rongcheng,CN,SD,RL,3709N 12223E,
CNRCH,Rongcheng,Rongcheng,CN,HB,RL,,
CNRGA,Rong'an,Rong'an,CN,GX,RL,,
CNRGC,Rongcheng,Rongcheng,CN,GD,AS,,
CNRIA,Ruian,Ruian,CN,ZJ,RL,,
CNRJG,Rongjiang,Rongjiang,CN,GZ,RL,,
CNRJN,Runjiang,Runjiang,CN,JS,RL,,
CNROH,Raohe,Raohe,CN,HL,AS,4648N 13400E,
CNROQ,Rongqi Pt,Rongqi Pt,CN,GD,AS,2247N 11316E,
CNRPG,Raoping,Raoping,CN,GD,RL,2340N 11700E,
CNRSI,Rongshui,Rongshui,CN,GX,RL,,
CNRSN,Rushankou,Rushankou,CN,SD,RL,,
CNRUG,Rugao,Rugao,CN,JS,AS,,
CNRZH,Rizhao,Rizhao,CN,SD,AS,3523N 11932E,
CNSAA,Sanhua,Sanhua,CN,HB,RL,,
CNSAJ,Qinzhoushajing,Qinzhoushajing,CN,GX,RL,,
CNSAM,Sanming / Shanming Shi,Sanming / Shanming Shi,CN,35,RL,2614N 11737E,
CNSAN,Shiwan,Shiwan,CN,GD,RL,2300N 11305E,
CNSAP,Shaping,Shaping,CN,GX,RL,,
CNSAT,Shadi,Shadi,CN,GD,AS,2136N 11247E,
CNSAW,Shanwai,Shanwai,CN,ZJ,RL,2803N 12112E,
CNSBH,Shibahe,Shibahe,CN,AH,RL,,
CNSBM,Sanbaimen,Sanbaimen,CN,,AS,,
CNSBN,Suibin,Suibin,CN,HL,AS,4718N 13151E,
CNSBU,Sanbu Pt,Sanbu Pt,CN,GD,AS,,
CNSDG,Shuidong Pt,Shuidong Pt,CN,GD,AS,2131N 11100E,
CNSDP,Sandouping,Sandouping,CN,HB,RL,,
CNSEY,Sheyang,Sheyang,CN,JS,AS,3346N 12015E,
CNSEZ,Shahezi,Shahezi,CN,HL,RL,,
CNSGH,Shanghai,Shanghai,CN,SH,AS,3114N 12129E,
CNSGJ,Songjiang,Songjiang,CN,SH,AS,3101N 12114E,
CNSGU,Shangyu,Shangyu,CN,ZJ,RL,3000N 12052E,
CNSHD,Shidao Pt,Shidao Pt,CN,SD,AS,3652N 12226E,
CNSHG,Shanghai Pt,Shanghai Pt,CN,SH,AS,3038N 12204E,
CNSHH,Shishi,Shishi,CN,FJ,AS,2444N 11838E,
CNSHK,Shekou Pt,Shekou Pt,CN,GD,AS,2229N 11355E,
CNSHL,Shuolong,Shuolong,CN,GX,AS,2248N 10648E,
CNSHM,Mafang,Mafang,CN,GD,AS,2321N 11241E,
CNSHO,Shajiao,Shajiao,CN,GD,RL,,
CNSHP,Qinhuangdao Pt,Qinhuangdao Pt,CN,HE,AS,3955N 11935E,
CNSHQ,Shiqi,Shiqi,CN,GD,AS,,
CNSHT,Shating,Shating,CN,GD,RL,2303N 11326E,
CNSHX,Xinan,Xinan,CN,GD,AS,,
CNSIG,Sanjiang,Sanjiang,CN,JS,RL,,
CNSIJ,Shijing,Shijing,CN,FJ,AS,2437N 11826E,
CNSIK,Shuikou,Shuikou,CN,GD,AS,2214N 11056E,
CNSIP,Shiqu Pt,Shiqu Pt,CN,SH,RL,,
CNSIQ,Saiqi,Saiqi,CN,FJ,AS,2658N 11941E,
CNSIU,Shizhu,Shizhu,CN,CQ,RL,,
CNSIZ,Suizhong,Suizhong,CN,LN,RL,,
CNSJJ,Shijingjiaoxin,Shijingjiaoxin,CN,GD,AS,,
CNSJO,Shijitou,Shijitou,CN,HB,RL,,
CNSJQ,Sanshui,Sanshui,CN,GD,AS,2310N 11252E,
CNSJT,Sijitun,Sijitun,CN,23,AS,,
CNSJU,Shijiu Pt,Shijiu Pt,CN,SD,AS,3622N 11933E,
CNSKS,Sikuaishi,Sikuaishi,CN,LN,AS,3917N 12234E,
CNSLG,Shiliugang,Shiliugang,CN,GD,AS,,
CNSLO,Shilou,Shilou,CN,GD,RL,2301N 11330E,
CNSMN,Songmen,Songmen,CN,ZJ,RL,,
CNSNA,Sanyang,Sanyang,CN,JS,RL,,
CNSNH,Shenhu,Shenhu,CN,FJ,AS,2437N 11840E,
CNSNN,Suining,Suining,CN,SC,AS,3032N 10532E,
CNSNS,Sansha,Sansha,CN,FJ,AS,2656N 12013E,
CNSNW,Shenwan,Shenwan,CN,GD,AS,,
CNSNZ,Shenzhen,Shenzhen,CN,GD,AS,2233N 11407E,
CNSOG,Songgai,Songgai,CN,CQ,RL,,
CNSON,Songxia Pt,Songxia Pt,CN,FJ,AS,2541N 11935E,
CNSPA,Shapa,Shapa,CN,GD,AS,2130N 11129E,
CNSPI,Shipai,Shipai,CN,AH,RL,3019N 11639E,
CNSQN,Shenquan,Shenquan,CN,GD,RL,,
CNSRG,Sanrong,Sanrong,CN,GD,RL,,
CNSSG,Shashangang,Shashangang,CN,44,RL,,
CNSSN,Shashan,Shashan,CN,ZJ,RL,,
CNSSP,Shuangshui,Shuangshui,CN,GD,RL,,
CNSTB,Shitoubu Pt,Shitoubu Pt,CN,GX,AS,2135N 10933E,
CNSTG,Shantou,Shantou,CN,GD,AS,2325N 11646E,
CNSTI,Shatian,Shatian,CN,GD,AS,2255N 11336E,
CNSUD,Shunde Pt,Shunde Pt,CN,GD,AS,2250N 11315E,
CNSUW,Sunwu,Sunwu,CN,HL,AS,4925N 12719E,
CNSWE,Shanwei,Shanwei,CN,GD,AS,2247N 11521E,
CNSWI,Shiwei,Shiwei,CN,NM,AS,5118N 11955E,
CNSXB,Beitan,Beitan,CN,GD,AS,2122N 11015E,
CNSXJ,Shanshan,Shanshan,CN,XJ,RL,4252N 09010E,
CNSYA,Sanya Pt,Sanya Pt,CN,HI,AS,3347N 12015E,
CNSYC,Shayuchong,Shayuchong,CN,GD,AS,,
CNSYG,Shiyang,Shiyang,CN,AH,RL,,
CNSYM,Simao,Simao,CN,YN,AS,2248N 10058E,
CNSZA,Sanzao,Sanzao,CN,GD,RL,2203N 11321E,
CNSZG,Suzhou Pt,Suzhou Pt,CN,JS,AS,,
CNSZH,Suzhou,Suzhou,CN,JS,AS,3119N 12037E,
CNSZK,Songzikou,Songzikou,CN,HB,RL,,
CNSZO,Sanzhou,Sanzhou,CN,HB,RL,,
CNSZP,Shenzhen Pt,Shenzhen Pt,CN,GD,RL,2230N 11353E,
CNTAC,Taicang Pt,Taicang Pt,CN,JS,AS,3127N 12106E,
CNTAP,Taiping,Taiping,CN,GD,AS,2102N 11010E,
CNTAZ,Taizhou Pt,Taizhou Pt,CN,ZJ,AS,,
CNTBS,Tianjinbaoshuiqu,Tianjinbaoshuiqu,CN,TJ,AS,,
CNTFG,Tuanfeng,Tuanfeng,CN,HB,RL,,
CNTGG,Tanggu,Tanggu,CN,TJ,AS,3901N 11739E,
CNTGS,Tangshan Pt,Tangshan Pt,CN,HE,AS,3936N 11811E,
CNTID,Tiandong,Tiandong,CN,GX,RL,,
CNTIS,Taishan,Taishan,CN,GD,RL,,
CNTIY,Tianyang,Tianyang,CN,GX,RL,,
CNTJA,Tangjia,Tangjia,CN,GD,RL,,
CNTJD,Tuojidao,Tuojidao,CN,SD,RL,,
CNTJG,Taijiang,Taijiang,CN,FJ,RL,2605N 11930E,
CNTNC,Lintao,Lintao,CN,GS,RL,,
CNTNG,Tianjin Pt,Tianjin Pt,CN,TJ,AS,3859N 11745E,
CNTNJ,Tianjin,Tianjin,CN,TJ,AS,3902N 11712E,
CNTNO,Tanggou,Tanggou,CN,AH,RL,,
CNTOH,Tonghe,Tonghe,CN,HL,RL,,
CNTOJ,Tongjiang,Tongjiang,CN,HL,AS,4739N 13230E,
CNTOL,Tongling,Tongling,CN,AH,AS,3056N 11748E,
CNTOX,Tongxing,Tongxing,CN,AH,RL,,
CNTOZ,Tongzhao,Tongzhao,CN,ZJ,RL,,
CNTPK,Taipingkou,Taipingkou,CN,HB,RL,,
CNTPW,Taipingwan,Taipingwan,CN,LN,AS,3716N 11950E,
CNTQO,Tuqiao,Tuqiao,CN,AH,RL,,
CNTSG,Gongyi,Gongyi,CN,GD,AS,2215N 11248E,
CNTXG,Tianjin Xingang Pt,Tianjin Xingang Pt,CN,TJ,AS,3859N 11742E,
CNTXI,Tengxian,Tengxian,CN,GX,RL,,
CNTXZ,Tongxiang,Tongxiang,CN,ZJ,RL,3038N 12034E,
CNTZE,Tianzhen,Tianzhen,CN,HB,RL,,
CNTZO,Taizhou,Taizhou,CN,JS,RL,3229N 11954E,
CNTZU,Taizhou,Taizhou,CN,JS,AS,3230N 11954E,
CNUBU,Lubu,Lubu,CN,GD,RL,,
CNUIA,"Hui'an,Quanzhou","Hui'an,Quanzhou",CN,FJ,,2502N 11856E,
CNWAS,Wanshan Pt,Wanshan Pt,CN,GD,AS,2156N 11343E,
CNWAX,Wanxian,Wanxian,CN,CQ,RL,,
CNWAZ,Wanzai,Wanzai,CN,GD,AS,2211N 11331E,
CNWCH,Huangpo,Huangpo,CN,GD,AS,,
CNWEF,Weifang,Weifang,CN,SD,AS,3643N 11906E,
CNWEG,Weihai Pt,Weihai Pt,CN,SD,AS,3730N 12210E,
CNWEH,Weihai Dashuipo Apt,Weihai Dashuipo Apt,CN,SD,AS,,
CNWEI,Weihai,Weihai,CN,SD,AS,3731N 12207E,
CNWGQ,Waigaoqiao Pt,Waigaoqiao Pt,CN,SH,AS,,
CNWHE,Wuhe,Wuhe,CN,GD,RL,,
CNWHG,Wuhan Pt,Wuhan Pt,CN,HB,AS,,
CNWHI,Wuhu,Wuhu,CN,AH,AS,3119N 11822E,
CNWHR,Rushan,Rushan,CN,SD,AS,,
CNWHU,Wuchuan,Wuchuan,CN,GD,RL,2127N 11045E,
CNWHZ,Zhangjiabu,Zhangjiabu,CN,SD,AS,,
CNWIG,Waigang,Waigang,CN,SH,AS,,
CNWIH,Waihai,Waihai,CN,GD,AS,2235N 11308E,
CNWIT,Weitou,Weitou,CN,FJ,AS,2432N 11836E,
CNWJG,Wangjiang,Wangjiang,CN,AH,RL,,
CNWJI,Wujin,Wujin,CN,JS,RL,,
CNWNZ,Wenzhou,Wenzhou,CN,ZJ,AS,,
CNWSA,Wusha,Wusha,CN,AH,RL,,
CNWSH,Wenshan,Wenshan,CN,YN,RL,2322N 10415E,
CNWSN,Wushan,Wushan,CN,CQ,RL,,
CNWUC,Wu Chong Kou,Wu Chong Kou,CN,GD,RL,2305N 11325E,
CNWUG,Wusong Pt,Wusong Pt,CN,SH,AS,0312N 12129E,
CNWUK,Wukan,Wukan,CN,GD,AS,2251N 11539E,
CNWUZ,Wuzhou,Wuzhou,CN,GX,AS,2329N 11120E,
CNWXA,Wuxuan,Wuxuan,CN,GX,RL,,
CNWXP,Wuxue Pt,Wuxue Pt,CN,HB,RL,,
CNWXS,Wuxi,Wuxi,CN,JS,AS,3134N 12018E,
CNWYK,Weiyuankou,Weiyuankou,CN,HB,RL,,
CNWYP,Wuyapao,Wuyapao,CN,HL,RL,,
CNWZH,Wanzhou,Wanzhou,CN,CQ,AS,,
CNWZO,Wenzhou Pt,Wenzhou Pt,CN,ZJ,AS,2801N 12039E,
CNXAG,Xianguojilugang,Xianguojilugang,CN,SN,AS,,
CNXAM,Xiamen,Xiamen,CN,FJ,AS,2427N 11806E,
CNXAN,"Xiang'an, Xiamen","Xiang'an, Xiamen",CN,FJ,AA,2438N 11815E,
CNXAO,Xiaolan,Xiaolan,CN,GD,AS,2240N 11313E,
CNXAS,Xiashan,Xiashan,CN,GD,AS,,
CNXCE,Xingcheng,Xingcheng,CN,LN,RL,,
CNXCG,Xichong Pt,Xichong Pt,CN,GD,AS,,
CNXCI,Xiaochi,Xiaochi,CN,HB,RL,,
CNXCU,Xiaocuo Pt,Xiaocuo Pt,CN,FJ,AS,2512N 11957E,
CNXDI,Xindian,Xindian,CN,HL,RL,,
CNXDJ,Xiadaiji,Xiadaiji,CN,JL,RL,,
CNXDU,Xindu,Xindu,CN,GX,RL,,
CNXEO,Xueao,Xueao,CN,ZJ,RL,,
CNXEX,Xiexu,Xiexu,CN,GX,RL,,
CNXGA,Xingang,Xingang,CN,GD,AS,2302N 11306E,
CNXGD,Xingdong,Xingdong,CN,HL,RL,4755N 13051E,
CNXGK,Xiangkou,Xiangkou,CN,AH,RL,,
CNXGZ,Xiangzhou,Xiangzhou,CN,GD,AS,,
CNXHH,Hekou,Hekou,CN,GD,AS,,
CNXHK,Xinhekou,Xinhekou,CN,HB,RL,,
CNXHO,Xiaohudao,Xiaohudao,CN,GD,RL,2305N 11326E,
CNXHT,Xilin Hot,Xilin Hot,CN,NM,RL,4358N 11602E,
CNXIA,Xian,Xian,CN,SN,AS,3417N 10857E,
CNXID,Xindi,Xindi,CN,HB,RL,,
CNXIH,Xiahai,Xiahai,CN,GD,RL,,
CNXIJ,Xijiang,Xijiang,CN,GX,RL,2117N 11452E,
CNXIK,Xinkai,Xinkai,CN,HB,RL,,
CNXIN,Xinhui Pt,Xinhui Pt,CN,GD,AS,2232N 11301E,
CNXIP,Xingang,Xingang,CN,AH,RL,,
CNXIT,Xintang Pt,Xintang Pt,CN,GD,AS,2307N 11337E,
CNXJB,Xiaojiangba,Xiaojiangba,CN,AH,RL,,
CNXJD,Xuejiadao,Xuejiadao,CN,SD,RL,,
CNXLS,Xiliangshan,Xiliangshan,CN,AH,RL,,
CNXMG,Xiamen Pt,Xiamen Pt,CN,FJ,AS,2421N 11812E,
CNXMH,"Haicang, Xiamen","Haicang, Xiamen",CN,FJ,RL,,
CNXML,Liuwudian,Liuwudian,CN,FJ,AS,,
CNXNA,Xinsha,Xinsha,CN,GD,RL,2259N 11332E,
CNXNG,Xianing,Xianing,CN,HN,AS,,
CNXNI,Xinxing,Xinxing,CN,JS,RL,,
CNXOT,Xiaotang,Xiaotang,CN,GD,RL,2305N 11259E,
CNXSI,Xiangshui,Xiangshui,CN,JS,RL,,
CNXSP,Shipu,Shipu,CN,ZJ,AS,2929N 12151E,
CNXTA,Xiangtan,Xiangtan,CN,HN,RL,2751N 11254E,
CNXTI,Xidi,Xidi,CN,GD,AS,,
CNXTN,Xiantan,Xiantan,CN,SC,RL,2920N 10453E,
CNXTO,Xitou,Xitou,CN,GD,AS,2139N 11147E,
CNXTZ,Xuetangzhou,Xuetangzhou,CN,HB,RL,,
CNXUA,Xiahua,Xiahua,CN,GD,RL,,
CNXUK,Xunke,Xunke,CN,HL,AS,4933N 12828E,
CNXUL,Xiulin,Xiulin,CN,HB,RL,,
CNXUM,Xuanmen,Xuanmen,CN,ZJ,RL,,
CNXWH,Haian,Haian,CN,GD,AS,,
CNXXY,Xiangyu Terminal/ Xiamen,Xiangyu Terminal/ Xiamen,CN,FJ,RL,2706N 12019E,
CNXYG,Xiuyu Pt,Xiuyu Pt,CN,FJ,AS,2514N 11857E,
CNXYI,Xinying,Xinying,CN,HI,RL,1944N 10917E,
CNXYN,Xiaying,Xiaying,CN,SD,RL,,
CNXZI,Xiangzhi,Xiangzhi,CN,FJ,AS,2446N 11846E,
CNXZU,Xiangzhou,Xiangzhou,CN,GX,RL,,
CNYAT,Yantai,Yantai,CN,SD,AS,3728N 12123E,
CNYBG,Yabagou,Yabagou,CN,LN,AS,,
CNYCA,Yingchuan,Yingchuan,CN,JS,RL,,
CNYCG,Yichang Pt,Yichang Pt,CN,HB,AS,,
CNYFU,Yongfu,Yongfu,CN,GX,RL,2459N 10959E,
CNYGD,Yingde,Yingde,CN,GD,AS,,
CNYGK,Yangkou,Yangkou,CN,SD,AS,,
CNYGN,Yongan,Yongan,CN,ZJ,RL,,
CNYGO,Yaogou,Yaogou,CN,AH,RL,,
CNYGX,Yangxi,Yangxi,CN,HB,RL,,
CNYHG,Yuecheng,Yuecheng,CN,GD,RL,,
CNYIB,Yibin,Yibin,CN,SC,AS,,
CNYIK,Yinkou,Yinkou,CN,LN,AS,4039N 12213E,
CNYIZ,Yizheng,Yizheng,CN,JS,RL,3216N 11910E,
CNYJA,Yanjia,Yanjia,CN,GZ,RL,,
CNYJC,Yangjiachang,Yangjiachang,CN,HB,RL,,
CNYJI,Yangjiang,Yangjiang,CN,GD,AS,2150N 11158E,
CNYJP,Yaojia Pt,Yaojia Pt,CN,HB,RL,,
CNYKG,Yangkou Pt,Yangkou Pt,CN,JS,AS,3233N 12124E,
CNYKU,Taokou,Taokou,CN,AH,RL,,
CNYLA,Yuelai,Yuelai,CN,HL,RL,,
CNYLI,Yangli,Yangli,CN,GZ,RL,,
CNYLO,Yonglong,Yonglong,CN,JS,RL,,
CNYMD,Yangmadao,Yangmadao,CN,SD,RL,,
CNYNG,Yangzhong,Yangzhong,CN,JS,RL,3213N 11949E,
CNYNN,Yongning,Yongning,CN,GX,RL,,
CNYPE,Yangpeng,Yangpeng,CN,AH,RL,,
CNYPG,Yangpu Pt,Yangpu Pt,CN,HI,AS,1942N 10912E,
CNYSA,Yangshan,Yangshan,CN,ZJ,AS,,
CNYSH,Yuanshi,Yuanshi,CN,HB,RL,,
CNYSN,Yangshan,Yangshan,CN,GD,RL,,
CNYSO,Yangshuo,Yangshuo,CN,GX,RL,,
CNYTG,Yantai Pt,Yantai Pt,CN,SD,AS,3733N 12125E,
CNYTI,Yongtai,Yongtai,CN,GD,AS,,
CNYTN,Yantian Pt,Yantian Pt,CN,GD,AS,2236N 11418E,
CNYUH,Yuhuan,Yuhuan,CN,ZJ,RL,2808N 12114E,
CNYXS,Yixing,Yixing,CN,JS,AS,,
CNYXT,Yangxifengtou,Yangxifengtou,CN,GD,RL,,
CNYYA,Yueyang,Yueyang,CN,HN,AS,2922N 11306E,
CNYYP,Yuyue Pt,Yuyue Pt,CN,HB,RL,,
CNYZH,Yangzhou,Yangzhou,CN,JS,AS,3223N 11926E,
CNYZU,Yuzhu,Yuzhu,CN,GD,RL,2306N 11325E,
CNZAG,Zhanghu,Zhanghu,CN,AH,RL,,
CNZCG,Zhicheng,Zhicheng,CN,HB,RL,,
CNZDO,Zhaodong,Zhaodong,CN,HL,RL,4604N 12559E,
CNZEL,Zhelin,Zhelin,CN,GD,AS,2335N 11706E,
CNZGS,Zhangshan,Zhangshan,CN,JS,RL,3407N 11819E,
CNZGT,Zhongtang,Zhongtang,CN,GD,AS,2305N 11339E,
CNZGW,Zhangwan,Zhangwan,CN,FJ,AS,2642N 11935E,
CNZHE,Zhenjiang,Zhenjiang,CN,JS,AS,3211N 11927E,
CNZHG,Zhaogang,Zhaogang,CN,AH,RL,3233N 11638E,
CNZHH,Zhuanghe Pt,Zhuanghe Pt,CN,LN,AS,3941N 12258E,
CNZHI,Zhenhai Pt,Zhenhai Pt,CN,ZJ,AS,,
CNZHY,Zhaoyuan,Zhaoyuan,CN,HL,RL,,
CNZIY,Ziyuan Pt,Ziyuan Pt,CN,GX,RL,,
CNZJB,Zhangjiabian,Zhangjiabian,CN,GD,RL,2233N 11327E,
CNZJG,Zhangjiagang,Zhangjiagang,CN,JS,AS,3152N 12032E,
CNZLO,Zhuliao,Zhuliao,CN,GD,RL,2322N 11320E,
CNZNG,Zhanjiang Pt,Zhanjiang Pt,CN,GD,AS,2105N 11030E,
CNZNZ,Naozhou,Naozhou,CN,GD,AS,2055N 11035E,
CNZOS,Zhoushan,Zhoushan,CN,ZJ,AS,,
CNZPG,zhengpugang Pt,zhengpugang Pt,CN,AH,AS,3138N 11823E,
CNZPI,Zhaoping,Zhaoping,CN,GD,RL,,
CNZPK,Zhapoyouku,Zhapoyouku,CN,GD,RL,,
CNZPO,Zhapo,Zhapo,CN,GD,AS,2134N 11151E,
CNZPU,Zhapu Pt,Zhapu Pt,CN,ZJ,AS,3035N 12105E,
CNZQG,Zhaoqing,Zhaoqing,CN,GD,AS,2303N 11227E,
CNZQJ,Zhouqujia,Zhouqujia,CN,AH,RL,,
CNZSM,Shima,Shima,CN,FJ,AS,,
CNZSN,Zhongshan,Zhongshan,CN,GD,AS,2231N 11322E,
CNZUH,Zhuhai,Zhuhai,CN,GD,AS,2217N 11334E,
CNZUS,Zhushan,Zhushan,CN,GX,RL,,
CNZUY,Zhuyang,Zhuyang,CN,CQ,RL,,
CNZXI,Zhexiang,Zhexiang,CN,GZ,RL,,
CNZXN,Zhongxian,Zhongxian,CN,CQ,RL,,
CNZXZ,Xiazhai,Xiazhai,CN,FJ,AS,,
CNZYG,Zongyang,Zongyang,CN,AH,RL,,
CNZYO,Zhuangyuanao,Zhuangyuanao,CN,ZJ,RL,2753N 12107E,
CNZZG,Zhouzhuang,Zhouzhuang,CN,JS,RL,,
CNZZU,Zhangzhou,Zhangzhou,CN,FJ,AS,2431N 11739E,
COACM,Arica,Arica,CO,,RL,0207S 07144W,
COBAL,Balboa,Balboa,CO,CAU,RL,0202N 07713W,
COBAQ,Barranquilla,Barranquilla,CO,,AI,,
COBUN,Buenaventura,Buenaventura,CO,,AI,,
COCNR,Contecar,Contecar,CO,BOL,RL,1023N 07531W,
COCOV,Covenas Offshore Terminal,Covenas Offshore Terminal,CO,SUC,RL,0930N 07544W,
COCRC,Cartago,Cartago,CO,,AI,,
COCTG,Cartagena,Cartagena,CO,,AI,,
COEBQ,El Bosque,El Bosque,CO,,RL,,
COEJA,Barrancabermeja,Barrancabermeja,CO,,AI,,
COENV,Envigado,Envigado,CO,ANT,RL,,
COLET,Leticia,Leticia,CO,AMA,AI,0413S 06956W,
COMAM,Mamonal,Mamonal,CO,BOL,RL,1019N 07530W,
COMAU,Manaure,Manaure,CO,LAG,RL,1146N 07226W,
COMIN,Mingueo,Mingueo,CO,LAG,AM,1112N 07324W,
COPBE,Puerto Berrio,Puerto Berrio,CO,,AI,,
COPBO,Puerto Bolívar,Puerto Bolivar,CO,LAG,RL,1041N 07444W,
COPCR,Puerto Carreño,Puerto Carreno,CO,VID,RL,0611N 06729W,
COPNM,Puerto Limón,Puerto Limon,CO,,RL,0103N 07630W,
COPOC,Pozos Colorados,Pozos Colorados,CO,,RL,,
COPSB,Simon Bolivar,Simon Bolivar,CO,,RL,0408S 06958W,
COPUC,Puerto Colombia,Puerto Colombia,CO,,RL,1100N 07457W,
COPUL,Puerto Limón,Puerto Limon,CO,,RL,0923N 07611W,
COPUU,Puerto Asís,Puerto Asis,CO,PUT,RL,0031N 07630W,
COPYA,Puerto Boyaca,Puerto Boyaca,CO,BOY,RL,0545N 07424W,
CORCH,Riohacha,Riohacha,CO,,AI,,
CORCO,Rio Cordoba,Rio Cordoba,CO,,RL,0855N 07622W,
COSMR,Santa Marta,Santa Marta,CO,,AI,,
COSPC,Sociedad Portuaria Regional Cartagena,Sociedad Portuaria Regional Cartagena,CO,BOL,RL,1024N 07532W,
COTCO,Tumaco,Tumaco,CO,,AI,,
COTLU,Tolú,Tolu,CO,SUC,AI,0932N 07535W,
COTRB,Turbo,Turbo,CO,ANT,AI,0805N 07643W,
COYMB,Yumbo,Yumbo,CO,,RL,0335N 07628W,
CRABG,Abangares,Abangares,CR,G,RL,1017N 08457W,
CRBAT,Batan,Batan,CR,L,RL,,
CRCAB,Cabo Blanco,Cabo Blanco,CR,P,RL,0956N 08500W,
CRCAI,Caimital,Caimital,CR,G,RL,1004N 08528W,
CRCAL,Caldera,Caldera,CR,P,RL,0957N 08443W,
CRCDN,Neily,Neily,CR,P,RL,0839N 08256W,
CRCIR,Ciruelas,Ciruelas,CR,A,RL,1030N 08521W,
CRCOM,Chomes,Chomes,CR,P,RL,1003N 08455W,
CRCRR,Curridabat,Curridabat,CR,SJ,RL,0955N 08402W,
CRCTC,Moravia,Moravia,CR,C,RL,0951N 08326W,
CRCUT,Cutris,Cutris,CR,A,RL,1041N 08422W,
CRCYL,Coyol,Coyol,CR,A,RL,1000N 08415W,
CRFIL,Filadelfia,Filadelfia,CR,G,RL,1027N 08534W,
CRFPN,Fraijanes,Fraijanes,CR,A,RL,1009N 08412W,
CRGDA,Guardia,Guardia,CR,G,RL,1034N 08536W,
CRGDP,Golfo de Papagayo,Golfo de Papagayo,CR,G,RL,1036N 08541W,
CRGLF,Golfito,Golfito,CR,P,AI,0839N 08309W,
CRGUA,Guatuso,Guatuso,CR,C,RL,1040N 08449W,
CRHSA,Horluetas/Sarapiqui,Horluetas/Sarapiqui,CR,H,RL,1029N 08401W,
CRJIC,Jicaral,Jicaral,CR,P,RL,0958N 08507W,
CRLAF,La Fortuna,La Fortuna,CR,A,RL,1029N 08439W,
CRLIO,Puerto Limón,Puerto Limon,CR,L,AI,1000N 08302W,
CRMAT,Matina,Matina,CR,L,RL,,
CRMOB,Moín,Moin,CR,L,RL,1000N 08305W,
CRMTZ,San Marcos de Tarrazu,San Marcos de Tarrazu,CR,SJ,RL,0940N 08402W,
CRMUE,Muelle de San Carlos,Muelle de San Carlos,CR,A,RL,1028N 08428W,
CRNAN,Nandayure,Nandayure,CR,G,RL,1002N 08512W,
CRNAR,Naranjo,Naranjo,CR,SJ,RL,1006N 08423W,
CRORO,Orotina,Orotina,CR,A,RL,0954N 08432W,
CRPAN,Palmar Norte,Palmar Norte,CR,P,RL,0858N 08328W,
CRPAR,Parrita,Parrita,CR,P,RL,0931N 08419W,
CRPAS,Puntarenas,Puntarenas,CR,P,AI,0958N 08450W,
CRPEN,Penshurst,Penshurst,CR,L,RL,,
CRPIT,Pital,Pital,CR,P,RL,0944N 08527W,
CRPMN,Puerto Moin,Puerto Moin,CR,L,RL,,
CRPOA,Poas,Poas,CR,A,RL,1002N 08420W,
CRPTC,Puerto Caldera,Puerto Caldera,CR,P,RL,0957N 08443W,
CRPUM,Punta Morales,Punta Morales,CR,P,AI,1004N 08458W,
CRQGG,Quebrada Grande,Quebrada Grande,CR,G,RL,1026N 08457W,
CRRCD,Río Cuarto,Rio Cuarto,CR,A,RL,1021N 08414W,
CRRIO,Río Frío,Rio Frio,CR,P,RL,0947N 08511W,
CRRJI,Rio Jimenez,Rio Jimenez,CR,L,RL,1015N 08336W,
CRROX,Roxana,Roxana,CR,L,RL,1016N 08345W,
CRSAM,Sámara,Samara,CR,G,RL,0953N 08532W,
CRSAN,San Ignacio de Acosta,San Ignacio de Acosta,CR,SJ,RL,0948N 08410W,
CRSIX,Sixaola/Talamanca,Sixaola/Talamanca,CR,L,RL,0931N 08237W,
CRSJO,San José,San Jose,CR,SJ,AI,0956N 08405W,
CRSMP,Santa Maria/Pocosol,Santa Maria/Pocosol,CR,A,RL,1037N 08431W,
CRSPI,Sarapiquí,Sarapiqui,CR,H,RL,1029N 08401W,
CRSRG,San Rafael Guatuso,San Rafael Guatuso,CR,A,RL,1040N 08449W,
CRSRI,Sarchí,Sarchi,CR,A,RL,1005N 08421W,
CRSRP,Santa Rosa/Pocosol,Santa Rosa/Pocosol,CR,A,RL,1022N 08437W,
CRSSP,San Pedro de Poas,San Pedro de Poas,CR,A,RL,1005N 08415W,
CRTIG,La Tigra,La Tigra,CR,P,RL,0956N 08509W,
CRTRE,Tres Ríos,Tres Rios,CR,C,RL,0954N 08511W,
CRTUA,Turrubares,Turrubares,CR,A,RL,0937N 08431W,
CRVDT,Puerto Viejo,Puerto Viejo,CR,L,RL,0939N 08246W,
CRXQP,Quepos (Puerto Quepos),Quepos (Puerto Quepos),CR,,AI,,
CRZAR,Zarcero / Naranjo,Zarcero / Naranjo,CR,A,RL,1011N 08424W,
CUBAN,Banes,Banes,CU,,RL,2058N 07543W,
CUBCA,Baracoa,Baracoa,CU,,AI,,
CUBHO,Bahía Honda,Bahia Honda,CU,,RL,2254N 08310W,
CUBOG,Boca Grande,Boca Grande,CU,,RL,2135N 07840W,
CUBUF,Bufadero,Bufadero,CU,,RL,2134N 07714W,
CUCAB,Cabañas,Cabanas,CU,,RL,2259N 08255W,
CUCAI,Caibarién,Caibarien,CU,,RL,2231N 07928W,
CUCAR,Cárdenas,Cardenas,CU,,RL,2302N 08112W,
CUCAS,Casilda,Casilda,CU,,RL,2146N 08000W,
CUCEI,Ceiba Hueca,Ceiba Hueca,CU,,RL,2013N 07720W,
CUCFG,Cienfuegos,Cienfuegos,CU,,AI,,
CUCMW,Camagüey,Camaguey,CU,,AI,2123N 07755W,
CUGER,Nueva Gerona,Nueva Gerona,CU,,AI,,
CUGIB,Gibara,Gibara,CU,,RL,2106N 07608W,
CUGUB,Guantanamo Bay,Guantanamo Bay,CU,,RL,,
CUGYB,Guayabal,Guayabal,CU,,AI,,
CUHAV,La Habana,La Habana,CU,03,AI,2307N 08221W,
CUICR,Nicaro,Nicaro,CU,,AI,,
CUIDS,Isabela de Sagua,Isabela de Sagua,CU,,RL,,
CUJUC,Júcaro,Jucaro,CU,,RL,2138N 07851W,
CUMAR,Mariel,Mariel,CU,,RL,2300N 08245W,
CUMEL,Media Luna,Media Luna,CU,,RL,2009N 07726W,
CUMNT,Puerto Manatí,Puerto Manati,CU,,RL,2122N 07650W,
CUMZO,Manzanillo,Manzanillo,CU,,AI,,
CUNIQ,Niquero,Niquero,CU,,RL,2003N 07735W,
CUNVT,Nuevitas,Nuevitas,CU,,RL,2133N 07716W,
CUPAL,Palo Alto,Palo Alto,CU,,RL,2136N 07858W,
CUPAS,Puerto de Pastelillo,Puerto de Pastelillo,CU,,RL,2133N 07713W,
CUPPA,Puerto Padre,Puerto Padre,CU,,RL,2112N 07636W,
CUPTA,Puerto Tarafa,Puerto Tarafa,CU,,RL,2134N 07715W,
CUQCO,Colon,Colon,CU,,RL,,
CUQMA,Matanzas,Matanzas,CU,,AI,,
CURSL,Sagua la Grande,Sagua la Grande,CU,,RL,2248N 08004W,
CUSCS,Santa Cruz del Sur,Santa Cruz del Sur,CU,,AI,,
CUSCU,Santiago de Cuba,Santiago de Cuba,CU,,AI,,
CUSDT,Sagua de Tánamo,Sagua de Tanamo,CU,11,RL,2035N 07514W,
CUSNU,Santa Clara,Santa Clara,CU,,AI,,
CUTDZ,Tunas de Zaza,Tunas de Zaza,CU,,RL,2138N 07933W,
CUVIT,Puerto da Vita,Puerto da Vita,CU,,RL,2105N 07558W,
CVGRA,Porto Grande,Porto Grande,CV,SV,RL,1652N 02500W,
CVMIN,Mindelo,Mindelo,CV,SV,RL,1653N 02500W,
CVRAI,Praia,Praia,CV,,AI,,
CVVXE,Sao Vicente,Sao Vicente,CV,,AI,,
CWBUB,Bullenbaai,Bullenbaai,CW,,RL,1210N 06900W,
CWCRB,Caracas Baai,Caracas Baai,CW,,AI,1204N 06851W,
CWCUR,Curaçao,Curacao,CW,,AI,1210N 06900W,
CWFUI,Fuikbaai,Fuikbaai,CW,,AI,1203N 06849W,
CWSMB,Sint Michielsbaai,Sint Michielsbaai,CW,,RL,1209N 06859W,
CWWIL,Willemstad,Willemstad,CW,,AI,1206N 06855W,
CXFFC,Flying Fish Cove,Flying Fish Cove,CX,,RL,1025S 10543E,
CYAKT,Akrotiri,Akrotiri,CY,02,AA,3436N 03257E,
CYANM,Ayia Napa,Ayia Napa,CY,04,AA,3459N 03400E,
CYDHK,Dhekelia,Dhekelia,CY,03,AA,3459N 03345E,
CYFMG,Famagusta,Famagusta,CY,04,AA,3506N 03357E,
CYKAR,Karavostasi,Karavostasi,CY,01,AA,3508N 03250E,
CYKYR,Kyrenia,Kyrenia,CY,06,AA,3520N 03320E,
CYLAT,Latchi,Latchi,CY,05,AA,3502N 03224E,
CYLCA,Larnaca,Larnaca,CY,03,AA,3455N 03337E,
CYLMS,Limassol,Limassol,CY,02,AA,3441N 03303E,
CYMOI,Moni,Moni,CY,02,AA,3444N 03312E,
CYNIC,Nicosia,Nicosia,CY,01,AA,3510N 03322E,
CYPFO,Paphos,Paphos,CY,05,AA,3446N 03225E,
CYVAS,Vasilikos,Vasilikos,CY,03,AA,3443N 03319E,
CYZYY,Zyyi,Zyyi,CY,03,AA,3444N 03320E,
CZBAR,Bartosovice,Bartosovice,CZ,MO,RL,4940N 01803E,
CZBBC,Babice,Babice,CZ,JM,RL,4859N 01624E,
CZBBE,Dolní Berkovice,Dolni Berkovice,CZ,,RL,5023N 01426E,
CZBDC,Bohdalice,Bohdalice,CZ,JM,RL,,
CZBLN,Bílina,Bilina,CZ,,RL,5033N 01346E,
CZBOL,Bolatice,Bolatice,CZ,,RL,,
CZBRA,Stribrna Skalice,Stribrna Skalice,CZ,ST,RL,4954N 01451E,
CZBTC,Boretice,Boretice,CZ,,RL,,
CZBUB,Bubovice,Bubovice,CZ,ST,RL,,
CZBYS,Bysice,Bysice,CZ,PR,RL,,
CZC7V,Cervená Voda,Cervena Voda,CZ,PA,RL,5002N 01645E,
CZCCN,Chocen,Chocen,CZ,,RL,5000N 01614E,
CZCEP,Cepi,Cepi,CZ,PR,RL,4959N 01542E,
CZCEV,Ceská Ves,Ceska Ves,CZ,OL,RL,5015N 01714E,
CZCHU,Chudobín,Chudobin,CZ,,RL,4934N 01616E,
CZCHZ,Chrustenice,Chrustenice,CZ,OL,RL,,
CZCRS,Smilovice,Smilovice,CZ,MO,RL,4940N 01835E,
CZCUL,Chrastava,Chrastava,CZ,,RL,5049N 01458E,
CZDCB,Decín,Decin,CZ,,AA,5047N 01413E,
CZDDD,Dobroviz,Dobroviz,CZ,ST,RL,5070N 14130E,
CZDEK,Hradek,Hradek,CZ,PL,RL,4943N 01339E,
CZDIS,Divisov,Divisov,CZ,PR,RL,,
CZDIV,Divisov,Divisov,CZ,,RL,4947N 01453E,
CZDKV,Drzkov,Drzkov,CZ,,RL,5041N 01519E,
CZDOB,Dolní Benesov,Dolni Benesov,CZ,,RL,4955N 01807E,
CZDOH,Destne v Orlickych Horach,Destne v Orlickych Horach,CZ,KR,RL,,
CZDOL,Dolní Lhota,Dolni Lhota,CZ,,RL,4908N 01749E,
CZDRN,Drnholec,Drnholec,CZ,JM,RL,4851N 01630E,
CZDRO,Dobromerice,Dobromerice,CZ,US,RL,5022N 01348E,
CZDRS,Dobris,Dobris,CZ,,RL,4947N 01410E,
CZG44,Chvalatice,Chvalatice,CZ,JM,RL,4857N 15450W,
CZHLP,Hlubocepy,Hlubocepy,CZ,ST,RL,,
CZHLU,Hluk,Hluk,CZ,ZL,RL,4859N 01731E,
CZHOT,Hostomice,Hostomice,CZ,ZL,RL,,
CZHRN,Hradesin,Hradesin,CZ,ST,RL,5002N 01445E,
CZHRU,Hrusky/Breclav,Hrusky/Breclav,CZ,JM,RL,4847N 01659E,
CZHSA,Hrensko,Hrensko,CZ,,AA,,
CZHST,Hostinne,Hostinne,CZ,JC,RL,,
CZHTV,Horni Tresnovec,Horni Tresnovec,CZ,PA,RL,,
CZJAB,Jablonné nad Orlicí,Jablonne nad Orlici,CZ,,RL,5002N 01636E,
CZJEN,Jencice,Jencice,CZ,US,RL,5029N 01401E,
CZJIE,Jevisovice,Jevisovice,CZ,JM,RL,4859N 01600E,
CZJK6,Sakvice,Sakvice,CZ,JM,RL,4854N 01642E,
CZKAD,Kadan,Kadan,CZ,US,RL,5023N 01316E,
CZKKA,Kyselka,Kyselka,CZ,KA,RL,5004N 01247E,
CZKNV,Kralupy nad Vltavou,Kralupy nad Vltavou,CZ,,RL,5014N 01419E,
CZKOQ,Kosor,Kosor,CZ,ST,RL,4959N 14020E,
CZKOR,Korycany,Korycany,CZ,JM,RL,,
CZKRB,Dobruska,Dobruska,CZ,KR,RL,,
CZKSL,Kostelec nad Labem,Kostelec nad Labem,CZ,ST,RN,5014N 01436E,
CZKUV,Karolinka,Karolinka,CZ,,RL,4921N 01815E,
CZLBC,Lubenec,Lubenec,CZ,,RL,,
CZLCC,Lulec,Lulec,CZ,JC,RL,,
CZLEC,Lechovice,Lechovice,CZ,,RL,,
CZLOB,Lobodice,Lobodice,CZ,OL,RL,4924N 01717E,
CZLOD,Lodenice,Lodenice,CZ,,RL,,
CZLOE,Letovice,Letovice,CZ,,RL,,
CZLUK,Lochovice,Lochovice,CZ,,RL,4951N 01359E,
CZMCE,Cimelice,Cimelice,CZ,JM,RL,,
CZMIB,Milotice nad Becvou,Milotice nad Becvou,CZ,OL,RL,4932N 01750E,
CZMNV,Michnov,Michnov,CZ,JM,RL,4936N 01653E,
CZMOR,Moravicany,Moravicany,CZ,OL,RL,,
CZMRA,Moravsky Pisek,Moravsky Pisek,CZ,JM,RL,,
CZMYT,Myto/Cesky Krumlov,Myto/Cesky Krumlov,CZ,JC,RL,4847N 01410E,
CZNEH,Nehvizdy,Nehvizdy,CZ,ST,RL,5008N 01444E,
CZNET,Netolice,Netolice,CZ,JC,RL,4903N 01412E,
CZNKN,Sedlec,Sedlec,CZ,JC,RL,4910N 01420E,
CZNRT,Neratovice,Neratovice,CZ,ST,RN,5016N 01431E,
CZNVV,Nový Vestec,Novy Vestec,CZ,,RL,5011N 01443E,
CZOCX,Opocno,Opocno,CZ,KR,RL,5016N 01607E,
CZODO,Odolena Voda,Odolena Voda,CZ,,RL,,
CZOSI,Osice,Osice,CZ,KR,RL,5009N 01541E,
CZOVK,Smrzovka,Smrzovka,CZ,,RL,5044N 01515E,
CZOVV,Novy Knin,Novy Knin,CZ,ST,RL,4947N 14180E,
CZPAO,Osik,Osik,CZ,PA,RL,,
CZPAU,Plana u Marianskych Lazni,Plana u Marianskych Lazni,CZ,PL,RL,4952N 01245E,
CZPNA,Polna,Polna,CZ,VY,RL,4920N 01543E,
CZPNJ,Police nad Metují,Police nad Metuji,CZ,,RL,5032N 01614E,
CZPOP,Popuvky,Popuvky,CZ,OL,RL,4920N 01718E,
CZRAJ,Rajhrad,Rajhrad,CZ,JM,RL,,
CZRAU,Radonice,Radonice,CZ,US,RL,,
CZRDN,Radonice,Radonice,CZ,ST,RL,,
CZRNH,Kralice na Hané,Kralice na Hane,CZ,,RL,4927N 01711E,
CZSDO,Sviadnov,Sviadnov,CZ,,RL,4942N 01821E,
CZSEM,Semcice,Semcice,CZ,,RL,5022N 15000E,
CZSK5,Dolní Jircany,Dolni Jircany,CZ,ST,RL,4957N 01432E,
CZSKJ,Dehtary,Dehtary,CZ,ST,RL,5009N 14038E,
CZSMO,Smíchov,Smichov,CZ,,RL,5004N 01424E,
CZSPC,Stary Plzenec,Stary Plzenec,CZ,,RL,,
CZSTA,Slatina,Slatina,CZ,,RL,,
CZSTE,Stechovice,Stechovice,CZ,ST,RN,4951N 01424E,
CZSTT,Stetí,Steti,CZ,,RN,5027N 01423E,
CZTIS,Tisnov,Tisnov,CZ,JM,RL,4921N 01626E,
CZTNN,Blatna,Blatna,CZ,JC,RL,,
CZTOM,Touzim,Touzim,CZ,,RL,5004N 01259E,
CZTUC,Tuchomerice,Tuchomerice,CZ,PR,RL,5008N 01417E,
CZTVA,Tanvald,Tanvald,CZ,,RL,5044N 01518E,
CZULN,Ustí nad Labem,Usti nad Labem,CZ,,AA,5040N 01402E,
CZVAA,Veverská Bityska,Veverska Bityska,CZ,,RL,4917N 01627E,
CZVES,Velika Ves,Velika Ves,CZ,JC,RL,,
CZVKA,Trnavka,Trnavka,CZ,PA,RL,5002N 01528E,
CZVRY,Volary,Volary,CZ,,RL,,
CZXUY,Prague-Vinohrady,Prague-Vinohrady,CZ,ST,RL,5004N 01427E,
CZXXX,RIS Inland waterways,RIS Inland waterways,CZ,,AI,,
CZZLY,Kvasice,Kvasice,CZ,ZL,RL,4915N 01728E,
DE23A,Leinatal,Leinatal,DE,TH,RL,5054N 01038E,
DE2RO,Rödersheim,Rodersheim,DE,RP,RL,4926N 00815E,
DE3L4,Hoppegarten,Hoppegarten,DE,BB,RL,5231N 01340E,
DE64Z,Niendorf Ostsee,Niendorf Ostsee,DE,SH,RL,5400N 01049E,
DE69S,Wittdün,Wittdun,DE,SH,RL,5438N 00824E,
DE6NK,Langsur,Langsur,DE,RP,RL,4943N 00630E,
DE73A,Langballig,Langballig,DE,SH,RL,5448N 00938E,
DEAAD,Landkreis Ammerland,Landkreis Ammerland,DE,NI,RL,5313N 00801E,
DEAAH,Aachen,Aachen,DE,NW,AA,5046N 00605E,
DEABF,Abbenfleth,Abbenfleth,DE,NI,AF,5340N 00929E,
DEABH,Abbehausen,Abbehausen,DE,NI,AF,5329N 00826E,
DEABL,Abbesbüttel,Abbesbuttel,DE,NI,RL,5221N 01034E,
DEABO,Alt Bork,Alt Bork,DE,BB,RL,5211N 01252E,
DEABR,Abenberg,Abenberg,DE,BY,RL,,
DEADT,Weinstadt,Weinstadt,DE,BW,RL,4849N 00922E,
DEAEB,Babelsberg,Babelsberg,DE,BB,RL,5223N 01307E,
DEAGB,Augsburg,Augsburg,DE,BY,AF,,
DEAGE,Wangerooge,Wangerooge,DE,NI,AF,5348N 00754E,
DEAHC,Ahlbeck,Ahlbeck,DE,MV,RL,5340N 01412E,
DEAHH,Walderbach,Walderbach,DE,BY,RL,,
DEAHO,Ahlhorn,Ahlhorn,DE,NI,RL,,
DEAHU,Am Hund,Am Hund,DE,RP,RL,5010N 00741E,
DEAIT,Aitrach,Aitrach,DE,BW,RL,4757N 01005E,
DEALF,Alfeld/Leine,Alfeld/Leine,DE,NI,AF,,
DEALT,Altena,Altena,DE,NW,AF,,
DEAMB,Amberg,Amberg,DE,BY,AF,4926N 01152E,
DEAML,Amelsbüren,Amelsburen,DE,NW,RL,5153N 00736E,
DEAMR,Achmer,Achmer,DE,NI,RL,5224N 00756E,
DEAND,Andernach,Andernach,DE,RP,AF,5026N 00724E,
DEANE,Wanne-Eickel,Wanne-Eickel,DE,NW,RL,5132N 00710E,
DEANK,Anklam,Anklam,DE,MV,AF,,
DEANR,Altenbruch Reede,Altenbruch Reede,DE,NI,RL,5351N 00848E,
DEAPE,Apen,Apen,DE,NI,AF,5313N 00748E,
DEAPN,Apensen,Apensen,DE,NI,RL,,
DEAQ2,Pförring,Pforring,DE,BY,RL,4849N 01141E,
DEAQF,Alf,Alf,DE,RP,RL,5003N 00707E,
DEARL,Ammerland,Ammerland,DE,BY,RL,4754N 01120E,
DEARN,Arnsberg,Arnsberg,DE,NW,AF,5123N 00805E,
DEASC,Aschaffenburg,Aschaffenburg,DE,BY,AF,,
DEASE,Arendsee,Arendsee,DE,ST,RL,5253N 01129E,
DEASR,Babelsberg,Babelsberg,DE,BY,RL,4905N 01154E,
DEASS,Assel,Assel,DE,NI,AF,,
DEATL,Altenlingen,Altenlingen,DE,NI,RL,5233N 00718E,
DEAUG,Augustfehn,Augustfehn,DE,NI,AF,5313N 00746E,
DEAUL,Aulendorf,Aulendorf,DE,BW,AF,,
DEAUO,Audorf,Audorf,DE,SH,RL,5419N 00943E,
DEAUR,Aurich,Aurich,DE,NI,AF,5328N 00729E,
DEAWI,Zwiefalten,Zwiefalten,DE,BW,RL,,
DEAWR,Achterwehr,Achterwehr,DE,SH,AF,5419N 00958E,
DEAXB,Alsleben,Alsleben,DE,ST,RL,5142N 01140E,
DEB85,Schwindegg,Schwindegg,DE,BY,RL,4816N 01215E,
DEBAM,Bamberg,Bamberg,DE,BY,AF,,
DEBAS,Basbeck,Basbeck,DE,NI,AF,5341N 00911E,
DEBBG,Brandenburg,Brandenburg,DE,BB,AF,5225N 01233E,
DEBBH,Barth,Barth,DE,MV,AI,,
DEBBI,Bietigheim-Bissingen,Bietigheim-Bissingen,DE,BW,AF,,
DEBBV,Bad Bevensen,Bad Bevensen,DE,NI,AF,5305N 01035E,
DEBCO,Bockholdt,Bockholdt,DE,NI,RL,5253N 01007E,
DEBCT,Borschütz,Borschutz,DE,BB,RL,5624N 01313E,
DEBCW,Brachwitz,Brachwitz,DE,ST,RL,5132N 01152E,
DEBDA,Brodenbach,Brodenbach,DE,RP,RL,5013N 00727E,
DEBDF,Bendorf/Rhein,Bendorf/Rhein,DE,RP,RL,5025N 00734E,
DEBDS,Bad Schandau,Bad Schandau,DE,SN,AF,,
DEBEI,Beidenfleth,Beidenfleth,DE,SH,AF,,
DEBEK,Bernkastel-Kues,Bernkastel-Kues,DE,RP,AF,,
DEBEN,Bensersiel,Bensersiel,DE,NI,AF,5341N 00735E,
DEBER,Berlin,Berlin,DE,BE,AF,5231N 01323E,
DEBES,Bad Essen,Bad Essen,DE,NI,AF,5219N 00820E,
DEBEU,Bullenhausen,Bullenhausen,DE,NI,RL,5327N 01005E,
DEBEV,Beverungen,Beverungen,DE,NW,AF,,
DEBEZ,Bahlingen,Bahlingen,DE,BW,RL,4807N 00744E,
DEBFF,Boffzen,Boffzen,DE,NI,RL,5145N 00923E,
DEBFH,Bad Friedrichshall,Bad Friedrichshall,DE,BW,AF,,
DEBFL,Borsfleth,Borsfleth,DE,SH,AF,,
DEBGL,Bergisch Gladbach,Bergisch Gladbach,DE,NW,AF,5059N 00708E,
DEBGO,Bad Godesberg,Bad Godesberg,DE,NW,AF,,
DEBHE,Bad Hersfeld,Bad Hersfeld,DE,HE,AF,,
DEBIN,Bingen am Rhein,Bingen am Rhein,DE,RP,AF,4958N 00753E,
DEBIW,Bindow,Bindow,DE,BB,RL,5217N 01345E,
DEBKE,Brake,Brake,DE,NI,AF,5320N 00829E,
DEBKF,Biedenkopf,Biedenkopf,DE,HE,AF,,
DEBKW,Beeskow,Beeskow,DE,BB,RL,5210N 01414E,
DEBLD,Burglengenfeld,Burglengenfeld,DE,BY,RL,4912N 01202E,
DEBLM,Blumenthal/Bremen,Blumenthal/Bremen,DE,HB,AI,5311N 00835E,
DEBMK,Borkum,Borkum,DE,NI,AF,5335N 00640E,
DEBMN,Bermatingen,Bermatingen,DE,BW,RL,4744N 00920E,
DEBMO,Börgemoor,Borgemoor,DE,NI,RL,5301N 00730E,
DEBMR,Baltrum,Baltrum,DE,NI,AI,5344N 00722E,
DEBMV,Bremervörde,Bremervorde,DE,NI,AF,5329N 00908E,
DEBNK,Brink,Brink,DE,NI,RL,5226N 00944E,
DEBOC,Bockhorst,Bockhorst,DE,NW,AF,,
DEBOE,Böblingen,Boblingen,DE,BW,AF,,
DEBOF,Berndshof,Berndshof,DE,MV,AI,,
DEBOI,Boizenburg,Boizenburg,DE,MV,RL,5323N 01043E,
DEBOK,Bokel,Bokel,DE,NI,AF,5323N 00846E,
DEBON,Bonn,Bonn,DE,NW,AF,,
DEBOT,Bottrop,Bottrop,DE,NW,AF,,
DEBOY,Bad Oeynhausen,Bad Oeynhausen,DE,NW,AF,,
DEBQ2,Birklar,Birklar,DE,HE,RL,5030N 00849E,
DEBRA,Bramel,Bramel,DE,NI,AF,5333N 00842E,
DEBRB,Brunsbüttel,Brunsbuttel,DE,SH,AF,,
DEBRE,Bremen,Bremen,DE,HB,AF,,
DEBRG,Burg/Dithmarschen,Burg/Dithmarschen,DE,SH,AF,,
DEBRI,Brilon,Brilon,DE,NW,AF,,
DEBRK,Barnkrug,Barnkrug,DE,NI,AF,5341N 00928E,
DEBRM,Bramsche,Bramsche,DE,NI,AF,,
DEBRN,Börnsen,Bornsen,DE,SH,AF,,
DEBRO,Brohl-Lützing,Brohl-Lutzing,DE,RP,AF,,
DEBRT,Breitenberg,Breitenberg,DE,BY,AF,,
DEBRV,Bremerhaven,Bremerhaven,DE,HB,AF,5332N 00836E,
DEBSA,Bad Säckingen,Bad Sackingen,DE,BW,AF,,
DEBSH,Breisach,Breisach,DE,BW,AF,,
DEBSI,Bubsheim,Bubsheim,DE,BW,RL,4807N 00849E,
DEBSK,Burgstaaken/Fehmarn,Burgstaaken/Fehmarn,DE,SH,AF,,
DEBTA,Bortfeld,Bortfeld,DE,NI,RL,5218N 01024E,
DEBTC,Bodenteich,Bodenteich,DE,NI,RL,5251N 01040E,
DEBTF,Brahlstorf,Brahlstorf,DE,MV,RL,5342N 01133E,
DEBTI,Bertingen,Bertingen,DE,ST,RL,5221N 01150E,
DEBUL,Bühl,Buhl,DE,BW,AF,4841N 00808E,
DEBUM,Büsum,Busum,DE,SH,AF,,
DEBUT,Butjadingen,Butjadingen,DE,NI,AF,5335N 00822E,
DEBUX,Buxtehude,Buxtehude,DE,NI,AF,5327N 00942E,
DEBUZ,Bützfleth,Butzfleth,DE,NI,AF,5340N 00929E,
DEBWE,Braunschweig,Braunschweig,DE,NI,AF,5216N 01030E,
DEBWJ,Niebelsbach,Niebelsbach,DE,BW,RL,4853N 00834E,
DEBWQ,Birkweiler,Birkweiler,DE,RP,RL,4912N 00802E,
DEBXB,Boxberg,Boxberg,DE,BW,RL,4929N 00938E,
DEBYT,Borgstedt,Borgstedt,DE,SH,RL,5420N 00943E,
DEBYW,Weissenbrunn,Weissenbrunn,DE,BY,RL,,
DEBZQ,Burgstädt,Burgstadt,DE,SN,RL,5055N 01249E,
DEBZR,Binz,Binz,DE,MV,RL,5424N 01336E,
DEBZS,Beddingen,Beddingen,DE,NI,AI,5211N 01025E,
DECAR,Carolinensiel,Carolinensiel,DE,NI,AF,5342N 00748E,
DECCC,Leimbach,Leimbach,DE,NI,RL,,
DECGN,Köln,Koln,DE,NW,AF,5057N 00656E,
DECH5,Niederkaina,Niederkaina,DE,SN,RL,5112N 01429E,
DECHI,Chiemsee,Chiemsee,DE,BY,AF,,
DECHL,Schulau,Schulau,DE,SH,RL,5335N 00942E,
DECKH,Blankenheim,Blankenheim,DE,NW,RL,5026N 00639E,
DECKK,Bockenem,Bockenem,DE,NI,RL,5201N 01008E,
DECKL,Kiel Canal,Kiel Canal,DE,SH,RL,5353N 00908E,
DECOC,Cochem,Cochem,DE,RP,AF,,
DECPZ,Copitz,Copitz,DE,SN,RL,5058N 01356E,
DECRL,Castrop-Rauxel,Castrop-Rauxel,DE,NW,AF,5133N 00718E,
DECRR,Crossen an der Elster,Crossen an der Elster,DE,TH,RL,5058N 01158E,
DECUM,Cumlosen,Cumlosen,DE,BB,RL,5301N 01139E,
DECUX,Cuxhaven,Cuxhaven,DE,NI,AF,5353N 00842E,
DECWN,Schwaan,Schwaan,DE,MV,RL,5357N 01207E,
DECYN,Castell,Castell,DE,BY,RL,,
DEDAD,Daaden,Daaden,DE,RP,RL,,
DEDAG,Dagebüll,Dagebull,DE,SH,AF,,
DEDAN,Dangast,Dangast,DE,NI,AF,5327N 00807E,
DEDAP,Damp,Damp,DE,SH,AF,,
DEDAT,Datteln,Datteln,DE,NW,AF,,
DEDCH,Bacharach,Bacharach,DE,RP,RL,5003N 00746E,
DEDDD,Letmathe,Letmathe,DE,NW,RL,5122N 00736E,
DEDE3,Dombühl,Dombuhl,DE,BY,RL,4915N 01017E,
DEDE8,Laubenheim,Laubenheim,DE,RP,RL,4955N 00754E,
DEDEB,Deuben,Deuben,DE,ST,RL,5107N 01204E,
DEDEE,Senden,Senden,DE,NW,RL,,
DEDEG,Deggendorf,Deggendorf,DE,BY,AF,,
DEDEO,Oberthal,Oberthal,DE,SL,RL,4931N 00706E,
DEDEU,Dernau,Dernau,DE,RP,RL,5032N 00702E,
DEDFN,Dettighofen,Dettighofen,DE,BW,RL,,
DEDFX,Niederdollendorf,Niederdollendorf,DE,NW,RL,5042N 00711E,
DEDGA,Deggenau,Deggenau,DE,BY,RL,4849N 01259E,
DEDHM,Diersheim,Diersheim,DE,BW,RL,4839N 00753E,
DEDIA,Dierhagen,Dierhagen,DE,MV,RL,5418N 01222E,
DEDIN,Dinslaken,Dinslaken,DE,NW,AF,,
DEDIT,Ditzum,Ditzum,DE,NI,AF,5319N 00717E,
DEDMG,Dormagen,Dormagen,DE,NW,AF,5105N 00649E,
DEDMN,Demmin,Demmin,DE,MV,AI,5354N 01302E,
DEDNR,Derenburg,Derenburg,DE,ST,RL,5152N 01055E,
DEDNT,Dorenthe,Dorenthe,DE,NW,RL,5213N 00741E,
DEDOB,Dornbusch,Dornbusch,DE,NI,AF,,
DEDON,Dorsten,Dorsten,DE,NW,AF,5140N 00658E,
DEDOW,Donauwörth,Donauworth,DE,BY,AF,,
DEDR5,Drebber,Drebber,DE,NI,RL,5239N 00826E,
DEDRA,Dranske,Dranske,DE,MV,AF,,
DEDRO,Drochtersen,Drochtersen,DE,NI,AF,5342N 00923E,
DEDRP,Dörpen,Dorpen,DE,NI,AF,5257N 00719E,
DEDRS,Dresden,Dresden,DE,SN,AF,,
DEDSB,Diesbar,Diesbar,DE,SN,RL,5115N 01325E,
DEDSC,Dinkelscherben,Dinkelscherben,DE,BY,RL,4821N 01035E,
DEDSU,Dersum,Dersum,DE,NI,RL,5258N 00717E,
DEDT8,Dittersdorf,Dittersdorf,DE,TH,RL,5045N 01207E,
DEDTM,Dortmund,Dortmund,DE,NW,AF,5130N 00729E,
DEDUI,Duisburg,Duisburg,DE,NW,AF,5128N 00645E,
DEDUL,Dusslingen,Dusslingen,DE,BW,RL,4827N 00903E,
DEDUS,Düsseldorf,Dusseldorf,DE,NW,AF,5114N 00647E,
DEDVE,Dörverden,Dorverden,DE,NI,RL,5251N 00914E,
DEDWD,Dannenwalde,Dannenwalde,DE,BB,RL,5305N 01311E,
DEDYK,Dyckhausen,Dyckhausen,DE,NI,AF,,
DEEAM,Erlenbach am Main,Erlenbach am Main,DE,BY,RL,4948N 00910E,
DEEAU,Erlau,Erlau,DE,SN,RL,5101N 01256E,
DEEAX,Effeldorf,Effeldorf,DE,BY,RL,4948N 01005E,
DEEBB,Eberbach,Eberbach,DE,BW,AF,4928N 00859E,
DEEBI,Ehrenbreitstein,Ehrenbreitstein,DE,RP,RL,5021N 00737E,
DEECK,Eckernförde,Eckernforde,DE,SH,AF,,
DEEDD,Eiderdeich,Eiderdeich,DE,SH,AI,5417N 00924E,
DEEDI,Edingen,Edingen,DE,BW,RL,4926N 00836E,
DEEEM,Leimersheim,Leimersheim,DE,RP,RL,,
DEEFE,Gräfenhainichen,Grafenhainichen,DE,ST,RL,5143N 01227E,
DEEGC,Eching/Landshut,Eching/Landshut,DE,BY,RL,4831N 01204E,
DEEGJ,Eggermühlen,Eggermuhlen,DE,NI,RL,5234N 00749E,
DEEGL,Eggenstein-Leopoldshafen,Eggenstein-Leopoldshafen,DE,BW,AF,,
DEEHI,Ehingen,Ehingen,DE,BW,AF,4817N 00944E,
DEEHM,Senheim,Senheim,DE,RP,RL,5005N 00712E,
DEEHS,Eisenhüttenstadt,Eisenhuttenstadt,DE,BB,AF,5209N 01439E,
DEELB,Ellerbek,Ellerbek,DE,SH,RL,5420N 01011E,
DEELF,Elsenfeld,Elsenfeld,DE,BY,RL,4950N 00909E,
DEELG,Belgern,Belgern,DE,SN,RL,5129N 01307E,
DEELM,Elmshorn,Elmshorn,DE,SH,AF,,
DEELS,Elsfleth,Elsfleth,DE,NI,AF,5314N 00828E,
DEEM4,Emersacker,Emersacker,DE,BY,RL,4830N 01040E,
DEEME,Emden,Emden,DE,NI,AF,5322N 00713E,
DEEMM,Emmerich,Emmerich,DE,NW,AF,,
DEEOM,Eggolsheim,Eggolsheim,DE,BY,RL,4946N 01103E,
DEERA,Watzerath,Watzerath,DE,RP,RL,5011N 00621E,
DEERX,Biere,Biere,DE,ST,RL,5158N 01139E,
DEERY,Ering,Ering,DE,BY,RL,4818N 01391E,
DEESF,Estorf/Weser,Estorf/Weser,DE,NI,AF,,
DEESS,Essen,Essen,DE,NW,AF,,
DEESU,Emmelsum,Emmelsum,DE,NW,RL,5136N 00636E,
DEETN,Elten,Elten,DE,NW,RL,5152N 00609E,
DEETY,Ettal,Ettal,DE,BY,RL,4734N 01106E,
DEEUT,Eutin,Eutin,DE,SH,AF,,
DEEZH,Elzach,Elzach,DE,BW,RL,4810N 00804E,
DEEZN,Lenzen,Lenzen,DE,MV,RL,5305N 01126E,
DEFBR,Falkenberg,Falkenberg,DE,BB,RL,5134N 13013W,
DEFDH,Friedrichshafen,Friedrichshafen,DE,BW,AF,,
DEFER,Neu-Kupfer,Neu-Kupfer,DE,BW,RL,,
DEFES,Freistett,Freistett,DE,BW,RL,4840N 00757E,
DEFFO,Frankfurt/Oder,Frankfurt/Oder,DE,BB,AF,5221N 01433E,
DEFHE,Frielendorf,Frielendorf,DE,HE,RL,5059N 00920E,
DEFHL,Friedrichsfeld,Friedrichsfeld,DE,NW,RL,5138N 00639E,
DEFHM,Fellheim,Fellheim,DE,BY,RL,4804N 01009E,
DEFLF,Flensburg,Flensburg,DE,SH,AF,,
DEFNW,Fritzdorf,Fritzdorf,DE,NW,RL,5036N 00706E,
DEFRA,Frankfurt am Main,Frankfurt am Main,DE,HE,AF,5007N 00841E,
DEFRE,Fresenburg,Fresenburg,DE,NI,AF,5253N 00718E,
DEFRI,Friedrichstadt,Friedrichstadt,DE,SH,AF,,
DEFRR,Frauenau,Frauenau,DE,BY,RL,4859N 01318E,
DEFSH,Framersheim,Framersheim,DE,RP,RL,4945N 00810E,
DEFWH,Friedrich-Wilhelmshutte,Friedrich-Wilhelmshutte,DE,NW,RL,5048N 00709E,
DEFYE,Friesoythe,Friesoythe,DE,NI,AF,5301N 00751E,
DEGAO,Gau Odernheim,Gau Odernheim,DE,RP,RL,4947N 00811E,
DEGBX,Barbing,Barbing,DE,BY,RL,4900N 01212E,
DEGDO,Godorf,Godorf,DE,NW,RL,5051N 00658E,
DEGDZ,Gudderath,Gudderath,DE,NW,RL,5107N 00626E,
DEGEK,Gelsenkirchen,Gelsenkirchen,DE,NW,AF,5131N 00707E,
DEGEL,Gelting,Gelting,DE,SH,AF,,
DEGEM,Gemünden,Gemunden,DE,BY,AF,,
DEGER,Germersheim,Germersheim,DE,RP,AF,,
DEGEV,Geversdorf,Geversdorf,DE,NI,AF,,
DEGFD,Gersfeld,Gersfeld,DE,HE,RL,5027N 00957E,
DEGFF,Grafschaft,Grafschaft,DE,RP,RL,5035N 00704E,
DEGHM,Gernsheim,Gernsheim,DE,HE,AF,,
DEGHZ,Gersheim,Gersheim,DE,SL,RL,4909N 00713E,
DEGIG,Ginsheim-Gustavsburg,Ginsheim-Gustavsburg,DE,HE,AF,,
DEGIT,Gittelde,Gittelde,DE,NI,AF,,
DEGJ9,Mengkofen,Mengkofen,DE,BY,RL,4843N 12260W,
DEGKG,Gross Krotzenburg,Gross Krotzenburg,DE,HE,AF,5005N 00859E,
DEGKR,Goldkronach,Goldkronach,DE,BY,RL,5001N 01141E,
DEGL3,Müglitztal,Muglitztal,DE,SN,RL,5056N 01350E,
DEGLK,Glücksburg,Glucksburg,DE,SH,RL,5450N 00933E,
DEGLU,Glückstadt,Gluckstadt,DE,SH,AF,,
DEGMN,Grimmen,Grimmen,DE,MV,RL,5407N 01303E,
DEGMR,Grimberg,Grimberg,DE,NW,RL,5103N 00709E,
DEGMV,Graal-Müritz,Graal-Muritz,DE,MV,RL,5415N 01214E,
DEGNL,Gelbensande,Gelbensande,DE,MV,RL,5412N 01218E,
DEGNP,Ginepp,Ginepp,DE,SN,RL,5035N 01209E,
DEGNR,Grau Rheindorf,Grau Rheindorf,DE,NW,RL,5045N 00704E,
DEGNU,Gronau,Gronau,DE,NW,AF,5213N 00702E,
DEGNX,Gutenberg,Gutenberg,DE,RP,RL,4953N 00748E,
DEGO4,Gössenheim,Gossenheim,DE,BY,RL,5001N 00947E,
DEGPR,Groppenbruch,Groppenbruch,DE,NW,RL,5134N 00722E,
DEGRD,Greifswald,Greifswald,DE,MV,AF,,
DEGRE,Greetsiel,Greetsiel,DE,NI,AF,5330N 00706E,
DEGRO,Grossenbrode,Grossenbrode,DE,SH,AF,5423N 01105E,
DEGS5,Gilserberg,Gilserberg,DE,HE,RL,5057N 00904E,
DEGSA,Grosslehna,Grosslehna,DE,ST,RL,5117N 01209E,
DEGSI,Grossensiel,Grossensiel,DE,NI,RL,5328N 00829E,
DEGST,Geeste,Geeste,DE,NI,AF,5236N 00716E,
DEGTR,Gohlis,Gohlis,DE,SN,RL,5121N 01317E,
DEGUE,Gusen,Gusen,DE,ST,RL,5221N 01158E,
DEGUG,Günzburg,Gunzburg,DE,BY,AF,,
DEGUZ,Urmitz,Urmitz,DE,RP,RL,5024N 00731E,
DEGXG,Gager,Gager,DE,MV,RL,5418N 01341E,
DEGXN,Gimmeldingen,Gimmeldingen,DE,RP,RL,4922N 00809E,
DEGXR,Gröde,Grode,DE,SH,RL,5438N 00843E,
DEGXS,Gaussig,Gaussig,DE,SN,RL,5107N 01419E,
DEGYM,Mainzlar,Mainzlar,DE,HE,RL,5040N 00844W,
DEGZG,Grosszerlang,Grosszerlang,DE,BB,RL,5311N 01257E,
DEHAF,Hafenlohr,Hafenlohr,DE,BY,AF,,
DEHAJ,Hannover,Hannover,DE,NI,AF,5222N 00943E,
DEHAM,Hamburg,Hamburg,DE,HH,AF,5331N 00956E,
DEHAN,Hameln,Hameln,DE,NI,AF,5206N 00921E,
DEHAO,Hasloch,Hasloch,DE,BY,RL,4947N 00929E,
DEHAS,Hassfurt,Hassfurt,DE,BY,AF,,
DEHAU,Hanau,Hanau,DE,HE,AF,5008N 00854E,
DEHBO,Homberg,Homberg,DE,NW,AI,5127N 00641E,
DEHBR,Herbrum,Herbrum,DE,NI,AF,5302N 00719E,
DEHBU,Harburg,Harburg,DE,HH,AI,5328N 00959E,
DEHCS,Höchst/Frankfurt am Main,Hochst/Frankfurt am Main,DE,HE,AS,5006N 00833E,
DEHD8,Hitdorf,Hitdorf,DE,NW,RL,5104N 00656E,
DEHDI,Hiddingsel,Hiddingsel,DE,NW,RL,5150N 00724E,
DEHE5,Heimersheim,Heimersheim,DE,RP,RL,4946N 00805E,
DEHED,Heikendorf,Heikendorf,DE,SH,AF,,
DEHEE,Herne,Herne,DE,NW,AF,5133N 00713E,
DEHEI,Heidelberg,Heidelberg,DE,BW,AF,4925N 00842E,
DEHEN,Heilbronn,Heilbronn,DE,BW,AF,,
DEHGE,Hooge,Hooge,DE,SH,AF,5434N 00833E,
DEHGL,Helgoland,Helgoland,DE,SH,AF,5410N 00753E,
DEHGZ,Hergatz,Hergatz,DE,BY,RL,4739N 00950E,
DEHH7,Hauneck,Hauneck,DE,HE,RL,5049N 00944E,
DEHHF,Heiligenhafen,Heiligenhafen,DE,SH,AF,,
DEHHL,Hehlen,Hehlen,DE,NI,RL,5159N 00928E,
DEHHO,Grosseichholzheim,Grosseichholzheim,DE,BW,RL,4927N 00917E,
DEHHS,Hohenhorn,Hohenhorn,DE,SH,AF,,
DEHHV,Altenwerder,Altenwerder,DE,HH,RL,5331N 00955E,
DEHIE,Hille,Hille,DE,NW,AF,,
DEHJK,Roschbach,Roschbach,DE,RP,RL,4914N 00807E,
DEHLH,Haldensleben,Haldensleben,DE,ST,AF,,
DEHLN,Hollenstedt,Hollenstedt,DE,NI,RL,5144N 00957E,
DEHLO,Haseldorf,Haseldorf,DE,SH,RL,5338N 00936E,
DEHLP,Hiltrup,Hiltrup,DE,NW,RL,5154N 00738E,
DEHME,Hattenheim,Hattenheim,DE,HE,RL,5001N 00803E,
DEHML,Helmlingen,Helmlingen,DE,BW,RL,4842N 00758E,
DEHMM,Hamm,Hamm,DE,NW,AF,5141N 00748E,
DEHMO,Hemmoor,Hemmoor,DE,NI,AF,5342N 00907E,
DEHNF,Hennigsdorf,Hennigsdorf,DE,BB,RL,5238N 01313E,
DEHO4,Hochstadt,Hochstadt,DE,RP,RL,4914N 00812E,
DEHOB,Horb,Horb,DE,BW,AF,,
DEHOD,Hochdonn,Hochdonn,DE,SH,AF,,
DEHOJ,Hohenhameln,Hohenhameln,DE,NI,RL,5216N 01004E,
DEHOO,Hooksiel,Hooksiel,DE,NI,AF,5338N 00801E,
DEHOS,Horumersiel,Horumersiel,DE,NI,AF,5341N 00801E,
DEHOX,Höxter,Hoxter,DE,NW,AF,,
DEHPE,Hoopte,Hoopte,DE,NI,RL,5324N 01010E,
DEHRB,Horneburg,Horneburg,DE,NI,AF,,
DEHRC,Heinrichsberg,Heinrichsberg,DE,ST,RL,5216N 01144E,
DEHRE,Hirzenhain,Hirzenhain,DE,HE,RL,5024N 00908E,
DEHRM,Hörnum/Sylt,Hornum/Sylt,DE,SH,AF,,
DEHRN,Haren/Ems,Haren/Ems,DE,NI,AF,,
DEHRO,Hubertushöhe,Hubertushohe,DE,BB,RL,5214N 01358E,
DEHRT,Herten,Herten,DE,NW,RL,5136N 00708E,
DEHRX,Hallig,Hallig,DE,SH,RL,5432N 00940E,
DEHSA,Hohensaaten,Hohensaaten,DE,BB,AF,5252N 01409E,
DEHSB,Hörselberg,Horselberg,DE,TH,RL,5058N 01025E,
DEHSI,Heidesheim,Heidesheim,DE,RP,AF,5000N 00808E,
DEHSJ,Steinhorst,Steinhorst,DE,NI,RL,5241N 01024E,
DEHSU,Hundsmühlen,Hundsmuhlen,DE,NI,RL,5306N 00811E,
DEHSX,Harlesiel,Harlesiel,DE,NI,RL,5342N 00748E,
DEHTJ,Hamburg-Mitte,Hamburg-Mitte,DE,HH,RL,5333N 01001E,
DEHTU,Holtenau,Holtenau,DE,SH,RL,,
DEHUB,Berggiesshübel,Berggiesshubel,DE,SN,RL,5052N 01356E,
DEHUS,Husum,Husum,DE,SH,AF,,
DEHUX,Hünsborn,Hunsborn,DE,NW,RL,5056N 00753E,
DEHZN,Holzminden,Holzminden,DE,NI,AF,5149N 00927E,
DEHZZ,Huttingen,Huttingen,DE,BW,RL,4740N 00732E,
DEIAM,Amrum,Amrum,DE,SH,RL,5439N 00821E,
DEIEN,Biene,Biene,DE,NI,RL,5234N 00717E,
DEIEW,Schwielowsee,Schwielowsee,DE,BB,RL,5220N 01258E,
DEIGH,Igersheim,Igersheim,DE,BW,RL,4930N 00949E,
DEIHL,Ihlow,Ihlow,DE,BB,RL,,
DEILE,Albersweiler,Albersweiler,DE,RP,RL,4913N 00801E,
DEILH,Lich,Lich,DE,HE,RL,5031N 00849E,
DEING,Ingolstadt,Ingolstadt,DE,BY,AF,4846N 01126E,
DEINM,Ingelheim,Ingelheim,DE,RP,AF,,
DEISP,Ispringen,Ispringen,DE,BW,RL,4855N 00840E,
DEISU,Issum,Issum,DE,NW,RL,5132N 00625E,
DEITH,Grieth,Grieth,DE,NW,RL,5147N 00619E,
DEITN,Weitnau,Weitnau,DE,BY,RL,4738N 01007E,
DEITZ,Itzehoe,Itzehoe,DE,SH,AF,,
DEIWN,Weinbergen,Weinbergen,DE,TH,RL,,
DEJEM,Jemgum,Jemgum,DE,NI,AF,5316N 00723E,
DEJIV,Kettenheim,Kettenheim,DE,RP,RL,4943N 00806E,
DEJSN,Jössen,Jossen,DE,NW,RL,5224N 00900E,
DEJTN,Jettingen,Jettingen,DE,BY,RL,4823N 01025E,
DEJUI,Juist,Juist,DE,NI,AF,5341N 00700E,
DEJUY,Hohenau,Hohenau,DE,BY,RL,,
DEKAE,Karlsruhe,Karlsruhe,DE,BW,AF,,
DEKAM,Kahl am Main,Kahl am Main,DE,BY,AF,,
DEKAP,Kappeln,Kappeln,DE,SH,AF,,
DEKAR,Karnin,Karnin,DE,MV,AF,5418N 01248E,
DEKB6,Kosbach,Kosbach,DE,BY,RL,4936N 01056E,
DEKBN,Karben,Karben,DE,HE,AF,,
DEKBR,Kinderbeuern,Kinderbeuern,DE,RP,AF,5000N 00701E,
DEKCO,Kirchmöser,Kirchmoser,DE,BB,RL,5222N 01225E,
DEKDT,Kallstadt,Kallstadt,DE,RP,RL,4929N 00810E,
DEKEB,Kelsterbach,Kelsterbach,DE,HE,AF,,
DEKEH,Kehl,Kehl,DE,BW,AF,,
DEKEL,Kiel,Kiel,DE,SH,AF,5420N 01008E,
DEKEM,Kelheim,Kelheim,DE,BY,AF,,
DEKEZ,Kellmünz,Kellmunz,DE,BY,AF,,
DEKFT,Segnitz,Segnitz,DE,BY,RL,4944N 00919E,
DEKGM,Königsmoor,Konigsmoor,DE,NI,RL,5340N 00921E,
DEKGU,Kriegenbrunn,Kriegenbrunn,DE,BY,RL,4933N 01057E,
DEKHN,Kellinghusen,Kellinghusen,DE,SH,AF,,
DEKHO,Kochendorf,Kochendorf,DE,BW,RL,4912N 00912E,
DEKHU,Karthaus,Karthaus,DE,NW,RL,5152N 00718E,
DEKIE,Kietz,Kietz,DE,BB,AF,5234N 01437E,
DEKIT,Kitzingen,Kitzingen,DE,BY,AF,,
DEKKU,Kunkemühle,Kunkemuhle,DE,NI,RL,5224N 00722E,
DEKLS,Kesselstadt,Kesselstadt,DE,HE,RL,5007N 00853E,
DEKLX,Klusserath,Klusserath,DE,RP,RL,,
DEKMT,Kaimt,Kaimt,DE,RP,RL,5001N 00710E,
DEKNT,Kreinitz,Kreinitz,DE,SN,RL,5122N 01314E,
DEKOB,Koblenz am Rhein,Koblenz am Rhein,DE,RP,AF,,
DEKOF,Kolenfeld,Kolenfeld,DE,NI,RL,5223N 00927E,
DEKOL,Kollmar,Kollmar,DE,SH,AF,,
DEKON,Konstanz,Konstanz,DE,BW,AF,,
DEKOW,Königswinter,Konigswinter,DE,NW,AF,,
DEKPE,Kampe,Kampe,DE,NI,AF,,
DEKPF,Kipfenberg,Kipfenberg,DE,BY,RL,4857N 01123E,
DEKR9,Kronskamp,Kronskamp,DE,MV,RL,5356N 01219E,
DEKRA,Krautsand,Krautsand,DE,NI,AF,5345N 00923E,
DEKRE,Krefeld,Krefeld,DE,NW,AF,5120N 00634E,
DEKRV,Kröv,Krov,DE,RP,AF,,
DEKTN,Kösten,Kosten,DE,BY,RL,5009N 01101E,
DEKUP,Kuppenheim,Kuppenheim,DE,BW,RL,4849N 00815E,
DEKUT,Kurten,Kurten,DE,NW,RL,,
DEKVG,Kövenig,Kovenig,DE,RP,RL,4959N 00707E,
DEKWH,Königs Wusterhausen,Konigs Wusterhausen,DE,BB,AF,5217N 01337E,
DEKZB,Kranzberg,Kranzberg,DE,BY,RL,4824N 01137E,
DELAB,Laboe,Laboe,DE,SH,AF,,
DELAD,Landau in der Pfalz,Landau in der Pfalz,DE,RP,AF,4912N 00807E,
DELAE,Lägerdorf,Lagerdorf,DE,SH,AF,,
DELAM,Lampertheim,Lampertheim,DE,HE,AF,,
DELAT,Lathen,Lathen,DE,NI,AF,5252N 00719E,
DELAW,Langewiesen,Langewiesen,DE,TH,RL,5040N 01059E,
DELBC,Lübeck,Lubeck,DE,SH,AF,,
DELBM,Lubmin,Lubmin,DE,MV,RL,5408N 01336E,
DELCW,Loschwitz,Loschwitz,DE,SN,RL,5103N 01349E,
DELDH,Landshut,Landshut,DE,BY,AF,,
DELDM,Langendamm,Langendamm,DE,MV,RL,5418N 01228E,
DELEE,Leer,Leer,DE,NI,AF,,
DELER,Elster,Elster,DE,ST,RL,5150N 01250E,
DELEV,Leverkusen,Leverkusen,DE,NW,AF,5102N 00700E,
DELEW,Lemwerder,Lemwerder,DE,NI,AF,5310N 00837E,
DELGB,Langenbach,Langenbach,DE,BW,RL,4803N 00817E,
DELGO,Langeoog,Langeoog,DE,NI,AF,5345N 00729E,
DELGX,Ludwigshöhe,Ludwigshohe,DE,RP,RL,4949N 00821E,
DELHD,Lahde,Lahde,DE,NW,RL,5222N 00900E,
DELIA,Leina,Leina,DE,TH,RL,5054N 01037E,
DELIB,Liebenau,Liebenau,DE,NI,RL,5236N 00906E,
DELIG,Lingen,Lingen,DE,NI,AF,,
DELIN,Lintelermarsch,Lintelermarsch,DE,NI,AF,,
DELIS,List/Sylt,List/Sylt,DE,SH,AF,,
DELIU,Lindau,Lindau,DE,BY,AF,4733N 00941E,
DELIZ,Leissnitz,Leissnitz,DE,BB,RL,5207N 01413E,
DELKI,Lankwitz,Lankwitz,DE,BE,RL,5226N 01321E,
DELLI,Gallin,Gallin,DE,ST,RL,5150N 01245E,
DELLS,Lülsdorf,Lulsdorf,DE,NW,RL,5050N 00659E,
DELNH,Löhnerheide,Lohnerheide,DE,NW,RL,5211N 00841E,
DELNU,Lauenburg/Elbe,Lauenburg/Elbe,DE,SH,AF,5322N 01034E,
DELON,Longuich,Longuich,DE,RP,AF,,
DELOW,Lunow,Lunow,DE,BB,RL,5255N 01407E,
DELPH,Leipheim,Leipheim,DE,BY,RL,4826N 01014E,
DELPQ,Liepgarten,Liepgarten,DE,MV,RL,5343N 01401E,
DELRC,Lembruch,Lembruch,DE,NI,RL,5232N 00821E,
DELRN,Linz am Rhein,Linz am Rhein,DE,RP,AF,5034N 00717E,
DELS4,Laussig,Laussig,DE,SN,RL,5133N 01238E,
DELSA,Lassan,Lassan,DE,MV,RL,5357N 01350E,
DELSH,Limeshain,Limeshain,DE,HE,RL,5015N 08592E,
DELSR,Lieser,Lieser,DE,RP,RL,4955N 00701E,
DELSU,Ludwigsau,Ludwigsau,DE,HE,RL,5053N 00944E,
DELT9,Lütgenrode,Lutgenrode,DE,NI,RL,5138N 00955E,
DELTF,Lichterfelde,Lichterfelde,DE,BB,RL,5252N 01345E,
DELUH,Ludwigshafen,Ludwigshafen,DE,RP,AF,4928N 00826E,
DELYY,Bullay,Bullay,DE,RP,RL,,
DELZ6,Dölzig,Dolzig,DE,SN,RL,5121N 01213E,
DELZG,Wolzig,Wolzig,DE,BB,RL,5216N 01350E,
DEM5B,Munchsdorf,Munchsdorf,DE,BY,RL,4835N 01254E,
DEMAG,Magdeburg,Magdeburg,DE,ST,AF,,
DEMAI,Mainz,Mainz,DE,RP,AF,,
DEMAM,Malente,Malente,DE,SH,RL,5410N 01033E,
DEMAO,Maasholm,Maasholm,DE,SH,AA,5641N 01000E,
DEMDI,Meiderich,Meiderich,DE,NW,RL,5128N 00646E,
DEME8,Meineweh,Meineweh,DE,ST,RL,5105N 01159E,
DEMEI,Meissen,Meissen,DE,SN,AF,5109N 01329E,
DEMEL,Meldorf,Meldorf,DE,SH,AF,,
DEMEM,Memmert,Memmert,DE,NI,AF,5338N 00654E,
DEMFL,Malsfeld,Malsfeld,DE,HE,RL,5105N 00932E,
DEMGW,Mögglingen,Mogglingen,DE,BW,RL,4849N 00958E,
DEMHA,Schmedehausen,Schmedehausen,DE,NW,RL,5206N 00743E,
DEMHG,Mannheim,Mannheim,DE,BW,AI,4929N 00827E,
DEMHM,Monheim,Monheim,DE,NW,AF,,
DEMHR,Mehring,Mehring,DE,RP,RL,4948N 00649E,
DEMIB,Misburg,Misburg,DE,NI,RL,5222N 00951E,
DEMID,Minden,Minden,DE,NW,AF,5217N 00854E,
DEMIL,Miltenberg,Miltenberg,DE,BY,AF,,
DEMIM,Meisenheim,Meisenheim,DE,RP,RL,,
DEMIN,Minsen,Minsen,DE,NI,AF,5342N 00758E,
DEMLO,Marlow,Marlow,DE,MV,RL,5432N 01333E,
DEMMF,Mammendorf,Mammendorf,DE,BY,RL,4812N 01109E,
DEMMI,Mamming,Mamming,DE,BY,RL,4839N 01236E,
DEMMM,Mommenheim,Mommenheim,DE,RP,RL,4952N 00815E,
DEMMO,Mülheim,Mulheim,DE,RP,RL,4954N 00700E,
DEMNF,Mondorf,Mondorf,DE,NW,RL,5047N 00704E,
DEMNM,Minheim,Minheim,DE,RP,RL,4952N 00656E,
DEMNQ,Münster-Sarmsheim,Munster-Sarmsheim,DE,RP,RL,4957N 00753E,
DEMOE,Mölln,Molln,DE,SH,AF,,
DEMOZ,Motzen,Motzen,DE,NI,RL,5310N 00834E,
DEMRM,Marcardsmoor,Marcardsmoor,DE,NI,AF,5327N 00743E,
DEMRS,Mariensiel,Mariensiel,DE,NI,AF,5330N 00803E,
DEMRU,Mehrum,Mehrum,DE,NI,RL,5218N 01006E,
DEMSB,Mittelsbüren,Mittelsburen,DE,HB,RL,5308N 00840E,
DEMSH,Mescherin,Mescherin,DE,BB,AF,5315N 01426E,
DEMSK,Martinskirchen,Martinskirchen,DE,BB,RL,5128N 01311E,
DEMSR,Münster,Munster,DE,NW,AF,5158N 00738E,
DEMTD,Marktrodach,Marktrodach,DE,BY,RL,,
DEMUH,Mülheim an der Ruhr,Mulheim an der Ruhr,DE,NW,AF,5126N 00653E,
DEMUK,Mukran,Mukran,DE,MV,AF,,
DEMUN,Munster,Munster,DE,NI,AF,5259N 01005E,
DEMV5,Ferdinandshof,Ferdinandshof,DE,MV,RL,5340N 01353E,
DEMVD,Dassow,Dassow,DE,MV,RL,5355N 01059E,
DEMWF,Mittelherwigsdorf,Mittelherwigsdorf,DE,SN,RL,5055N 01446E,
DEMWW,Monchweiler,Monchweiler,DE,BW,RL,4806N 00826E,
DEMXA,Maxau,Maxau,DE,BW,RL,4902N 00819E,
DEMXB,Mühlberg,Muhlberg,DE,BB,RL,5126N 01313E,
DEMXM,Maximiliansau,Maximiliansau,DE,RP,RL,4902N 00818E,
DEMZE,Mellensee,Mellensee,DE,BB,RL,5211N 01324E,
DENBD,Neunkirchen am Brand,Neunkirchen am Brand,DE,BY,RL,,
DENCA,Neuscharrel,Neuscharrel,DE,NI,RL,5301N 00747E,
DENCZ,Nieschütz,Nieschutz,DE,SN,RL,5114N 01326E,
DENDQ,Dreisbach,Dreisbach,DE,RP,RL,5037N 00756E,
DENED,Neuwied,Neuwied,DE,RP,AF,,
DENEF,Neufeld,Neufeld,DE,SH,AF,,
DENEH,Neuhaus an der Oste,Neuhaus an der Oste,DE,NI,AF,5348N 00902E,
DENEL,Neuland/Elbe,Neuland/Elbe,DE,NI,AF,5345N 00920E,
DENES,Nessmersiel,Nessmersiel,DE,NI,AF,5340N 00721E,
DENFE,Neef,Neef,DE,RP,RL,5006N 00708E,
DENGH,Niederneuching,Niederneuching,DE,BY,RL,4815N 01151E,
DENGL,Neustadt-Glewe,Neustadt-Glewe,DE,MV,RL,5323N 01135E,
DENHA,Nordenham,Nordenham,DE,NI,AF,5330N 00829E,
DENHE,Nordheim,Nordheim,DE,BW,RL,4906N 00908E,
DENHL,Niehl/Köln,Niehl/Koln,DE,NW,RL,5100N 00658E,
DENHN,Nordhorn,Nordhorn,DE,NI,AF,5226N 00705E,
DENHO,Neustadt in Holstein,Neustadt in Holstein,DE,SH,AF,5406N 01049E,
DENHS,Neuharlingersiel,Neuharlingersiel,DE,NI,AF,5342N 00742E,
DENIE,Nienburg,Nienburg,DE,NI,AF,,
DENIH,Hasbergen,Hasbergen,DE,NI,RL,,
DENMN,Neumagen-Dhron,Neumagen-Dhron,DE,RP,RL,4951N 00653E,
DENN4,Neuleiningen,Neuleiningen,DE,RP,RL,4932N 00808E,
DENNH,Neuendorf-Hiddensee,Neuendorf-Hiddensee,DE,MV,RL,5455N 01331E,
DENNP,Kenn,Kenn,DE,RP,RL,4948N 00643E,
DENO9,Nöbdenitz,Nobdenitz,DE,TH,RL,5052N 01217E,
DENOD,Norden,Norden,DE,NI,AF,,
DENOE,Norddeich,Norddeich,DE,NI,AF,5337N 00709E,
DENOR,Nordstrand,Nordstrand,DE,SH,AF,5430N 00853E,
DENRD,Norderney,Norderney,DE,NI,AF,,
DENSC,Neuenschleuse,Neuenschleuse,DE,NI,AF,,
DENSE,Neuessen,Neuessen,DE,NW,RL,5130N 00700E,
DENSS,Neuss,Neuss,DE,NW,AF,5111N 00641E,
DENST,Neckarsteinach,Neckarsteinach,DE,HE,AF,,
DENSV,Neumarkt-Sankt Veit,Neumarkt-Sankt Veit,DE,BY,RL,4822N 01230E,
DENSY,Nersingen,Nersingen,DE,BY,RL,,
DENTA,Neckartailfingen,Neckartailfingen,DE,BW,RL,4837N 00915E,
DENUE,Nürnberg,Nurnberg,DE,BY,AF,4926N 01104E,
DENWC,Kirchhellen,Kirchhellen,DE,NW,RL,5136N 00656E,
DENZE,Neckarzimmern,Neckarzimmern,DE,BW,RL,4919N 00909E,
DENZM,Nahmitz,Nahmitz,DE,BB,RL,5220N 01244E,
DEOAB,Ober-Abtsteinach,Ober-Abtsteinach,DE,HE,RL,4932N 00847E,
DEOAN,Oberhausen an der Nahe,Oberhausen an der Nahe,DE,RP,RL,4947N 00745E,
DEOBE,Oberhausen,Oberhausen,DE,NW,AF,5128N 00651E,
DEOEE,Oberwesel,Oberwesel,DE,RP,RL,5007N 00743E,
DEOEX,Obereiderhafen,Obereiderhafen,DE,SH,RL,5418N 00940E,
DEOFF,Offenbach,Offenbach,DE,HE,AF,5006N 00846E,
DEOGO,Ostseebad Goehren,Ostseebad Goehren,DE,MV,RL,5420N 01344E,
DEOHE,Rothensee,Rothensee,DE,ST,RL,5211N 01140E,
DEOHL,Wohlenberg,Wohlenberg,DE,MV,RL,5356N 01115E,
DEOIN,Blossin,Blossin,DE,BB,RL,5215N 01347E,
DEOKE,Schönebeck,Schonebeck,DE,ST,RL,5201N 01144E,
DEOKG,Ostseebad Kuhlungsborn,Ostseebad Kuhlungsborn,DE,MV,RL,5409N 01145E,
DEOKY,Oberkotzau,Oberkotzau,DE,BY,RL,5016N 01156E,
DEOLB,Oldenbüttel,Oldenbuttel,DE,SH,AF,,
DEOLD,Oldendorf,Oldendorf,DE,NI,RL,5327N 00831E,
DEOLK,Wolkenstein,Wolkenstein,DE,SN,RL,5039N 01304E,
DEOLM,Ober-Olm,Ober-Olm,DE,RP,RL,,
DEOLO,Oldenburg,Oldenburg,DE,NI,AF,5310N 00812E,
DEOLP,Olpenitz,Olpenitz,DE,SH,AF,,
DEOLU,Oldersum,Oldersum,DE,NI,RL,5320N 00720E,
DEONG,Longen,Longen,DE,RP,RL,4948N 00647E,
DEOPP,Oppenheim,Oppenheim,DE,RP,AF,,
DEORM,Ober-Mörlen,Ober-Morlen,DE,HE,RL,5022N 00841E,
DEORS,Orsoy,Orsoy,DE,NW,RL,5131N 00641E,
DEORT,Orth/Fehmarn,Orth/Fehmarn,DE,SH,AF,,
DEOSB,Ossenberg,Ossenberg,DE,NW,RL,5134N 00634E,
DEOSL,Osloss,Osloss,DE,NI,RL,5228N 01041E,
DEOSN,Osnabrück,Osnabruck,DE,NI,AF,5216N 00803E,
DEOSR,Ostermoor,Ostermoor,DE,SH,AF,5354N 00911E,
DEOSW,Oestrich-Winkel,Oestrich-Winkel,DE,HE,RL,5000N 00800E,
DEOTK,Oortkaten,Oortkaten,DE,HH,RL,5326N 01006E,
DEOTT,Otterndorf,Otterndorf,DE,NI,AF,5348N 00854E,
DEOWH,Hohenwarthe,Hohenwarthe,DE,ST,RL,5214N 01143E,
DEOWT,Oberwinter,Oberwinter,DE,RP,RL,5036N 00712E,
DEPAH,Pahlhude,Pahlhude,DE,SH,RL,5416N 00919E,
DEPAP,Papenburg,Papenburg,DE,NI,AF,5304N 00724E,
DEPAS,Passau,Passau,DE,BY,AF,4834N 01327E,
DEPCE,Pruchten,Pruchten,DE,MV,RL,5423N 01240E,
DEPEF,Peenemünde,Peenemunde,DE,MV,AI,5408N 01347E,
DEPEI,Peine,Peine,DE,NI,AF,5219N 01014E,
DEPEL,Pellworm,Pellworm,DE,SH,AF,5431N 00838E,
DEPEN,Pente,Pente,DE,NI,AF,5223N 00758E,
DEPFR,Pfronten,Pfronten,DE,BY,RL,4735N 01033E,
DEPIN,Pinneberg,Pinneberg,DE,SH,AF,,
DEPJQ,Nusplingen,Nusplingen,DE,BW,RL,4808N 00852E,
DEPKU,Putzkau,Putzkau,DE,SN,RL,5106N 01413E,
DEPLL,Pollhagen,Pollhagen,DE,NI,RL,5223N 00912E,
DEPLS,Pliezhausen,Pliezhausen,DE,BW,RL,4833N 00912E,
DEPOT,Potsdam,Potsdam,DE,BB,AF,5224N 01304E,
DEPPT,Piesport,Piesport,DE,RP,RL,4953N 00655E,
DEPRA,Pirna,Pirna,DE,SN,AF,,
DEPRC,Perrich,Perrich,DE,NW,RL,5139N 00633E,
DEPRN,Prettin,Prettin,DE,ST,RL,5140N 01255E,
DEPRW,Prerow,Prerow,DE,MV,AF,,
DEPRY,Parey,Parey,DE,BB,RL,5241N 01215E,
DEPSA,Plessa,Plessa,DE,BB,RL,5127N 01337E,
DEPSB,Piesberger,Piesberger,DE,NI,RL,5219N 00801E,
DEPSH,Sankt Peter-Ording,Sankt Peter-Ording,DE,SH,AF,,
DEPSR,Piesteritz,Piesteritz,DE,ST,RL,5152N 01236E,
DEPSW,Petershagen/Weser,Petershagen/Weser,DE,NW,AF,,
DEPTD,Petersdorf,Petersdorf,DE,BY,AI,5413N 01226E,
DEPTN,Parkentin,Parkentin,DE,MV,RL,5405N 01159E,
DEPUT,Puttgarden,Puttgarden,DE,SH,AF,,
DEPYK,Spyck,Spyck,DE,NW,RL,5148N 00608E,
DEPZI,Pautzfeld,Pautzfeld,DE,BY,RL,4946N 01101E,
DERAD,Radolfzell,Radolfzell,DE,BW,AF,,
DERAR,Ruhstorf an der Rott,Ruhstorf an der Rott,DE,BY,RL,4826N 01320E,
DERBF,Rotenburg an der Fulda,Rotenburg an der Fulda,DE,HE,RL,5100N 00944E,
DERBI,Grambin,Grambin,DE,MV,RL,5346N 01401E,
DERBK,Riesenbeck,Riesenbeck,DE,NW,RL,5216N 00737E,
DERCI,Rechlin,Rechlin,DE,MV,RL,5320N 01243E,
DERCK,Recke,Recke,DE,NW,RL,5223N 00743E,
DERDL,Riedlhütte,Riedlhutte,DE,BY,RL,4854N 01321E,
DERDT,Rot an der Rot,Rot an der Rot,DE,BW,RL,4800N 01001E,
DERDU,Radeburg,Radeburg,DE,SN,RL,5113N 01343E,
DERDW,Rudow,Rudow,DE,BE,RL,5225N 01329E,
DERE5,Rech,Rech,DE,RP,RL,5031N 00702E,
DEREE,Reepsholt,Reepsholt,DE,NI,AF,5329N 00750E,
DEREG,Regensburg,Regensburg,DE,BY,AF,,
DEREM,Remagen,Remagen,DE,RP,AF,,
DEREN,Rendsburg,Rendsburg,DE,SH,AF,,
DERET,Rethem,Rethem,DE,NI,RL,5247N 00923E,
DERFI,Reichenbach an der Fils,Reichenbach an der Fils,DE,BW,RL,4843N 00928E,
DERFT,Kirschfurt,Kirschfurt,DE,BY,RL,5010N 01022E,
DERHB,Rheinberg,Rheinberg,DE,NW,AF,5133N 00635E,
DERHE,Rheine,Rheine,DE,NW,AF,,
DERHL,Rheinbrohl,Rheinbrohl,DE,RP,AF,,
DERHX,Bad Dürrheim,Bad Durrheim,DE,BW,RL,4801N 00832E,
DERIC,Werrich,Werrich,DE,NW,RL,5139N 00632E,
DERIK,Rieneck,Rieneck,DE,BY,RL,5005N 00938E,
DERIZ,Britz,Britz,DE,BE,RL,5227N 01326E,
DERKQ,Dornach,Dornach,DE,BY,RL,4809N 01141E,
DERLB,Grauelsbaum,Grauelsbaum,DE,BW,RL,4844N 00759E,
DERLZ,Bralitz,Bralitz,DE,BB,RL,5250N 01400E,
DERNT,Rünthe,Runthe,DE,NW,RL,5138N 00739E,
DEROS,Rosenheim,Rosenheim,DE,BY,AF,,
DERP7,Flemlingen,Flemlingen,DE,RP,RL,4914N 00805E,
DERPD,Derschen,Derschen,DE,RP,RL,5043N 00759E,
DERPL,Lonsheim,Lonsheim,DE,RP,RL,,
DERRE,Rerik,Rerik,DE,MV,RL,5406N 01137E,
DERRG,Rheinsberg,Rheinsberg,DE,BB,RL,5306N 01253E,
DERRP,Weisenheim am Sand,Weisenheim am Sand,DE,RP,RL,4931N 00814E,
DERRT,Thörnich,Thornich,DE,RP,RL,,
DERSK,Rostock,Rostock,DE,MV,AF,5405N 01208E,
DERTJ,Reichartshausen,Reichartshausen,DE,BW,RL,4921N 00856E,
DERU7,Rüdesheim,Rudesheim,DE,RP,RL,4951N 00749E,
DERUB,Rusbend,Rusbend,DE,NI,RL,5219N 00904E,
DERUE,Rüdesheim am Rhein,Rudesheim am Rhein,DE,HE,AF,4959N 00755E,
DERUM,Rüsselsheim,Russelsheim,DE,HE,AF,4959N 00826E,
DERZB,Rettenbach / Gunzburg,Rettenbach / Gunzburg,DE,BY,RL,,
DERZE,Wriezen,Wriezen,DE,BB,RL,5243N 01408E,
DES3B,Schechingen,Schechingen,DE,BW,RL,4852N 00955E,
DESAA,Saarlouis,Saarlouis,DE,SL,AF,,
DESAG,Saarburg,Saarburg,DE,RP,AF,,
DESAR,Salzgitter,Salzgitter,DE,NI,AF,5209N 01019E,
DESAS,Sassnitz,Sassnitz,DE,MV,AF,,
DESAU,Schacht-Audorf,Schacht-Audorf,DE,SH,AF,,
DESCJ,Lommatzsch,Lommatzsch,DE,SN,RL,5112N 01318E,
DESCN,Saarbrücken,Saarbrucken,DE,SL,AF,,
DESCV,Schleiden,Schleiden,DE,NW,RL,5031N 00628E,
DESCW,Schweinfurt,Schweinfurt,DE,BY,AF,5003N 01013E,
DESDD,"Steenodde, Amrum","Steenodde, Amrum",DE,SH,AI,,
DESDE,"Sande, Friesland","Sande, Friesland",DE,NI,AF,,
DESDI,Schalding,Schalding,DE,BY,RL,4836N 01321E,
DESDT,Schwedt,Schwedt,DE,BB,AF,5304N 01416E,
DESE8,Seeshaupt,Seeshaupt,DE,BY,RL,4750N 01118E,
DESEF,Schelldorf,Schelldorf,DE,ST,RL,5228N 01159E,
DESEH,Sehestedt/Eider,Sehestedt/Eider,DE,SH,AF,,
DESEP,Söstrop,Sostrop,DE,SH,RL,,
DESFL,Schönfeld,Schonfeld,DE,SN,RL,5118N 01342E,
DESGW,Schwelgern,Schwelgern,DE,NW,RL,5130N 00644E,
DESH2,Schaprode,Schaprode,DE,MV,RL,5431N 01310E,
DESH4,Altengörs,Altengors,DE,SH,RL,5354N 01012E,
DESKN,Stephanskirchen,Stephanskirchen,DE,BY,RL,4751N 01211E,
DESKS,Salbke,Salbke,DE,ST,RL,5205N 01140E,
DESL5,Stahlbrode,Stahlbrode,DE,MV,RL,5414N 01317E,
DESLQ,Schluettsiel,Schluettsiel,DE,SH,AA,5441N 00845E,
DESLS,Schleswig,Schleswig,DE,SH,AF,,
DESLZ,Sulzbach-Laufen,Sulzbach-Laufen,DE,BW,RL,4856N 00951E,
DESMA,Sankt Margarethen,Sankt Margarethen,DE,SH,AF,5354N 00915E,
DESN2,Stein,Stein,DE,BY,RL,4931N 01214E,
DESNC,Sünching,Sunching,DE,BY,RL,4853N 01221E,
DESNE,Sehnde,Sehnde,DE,NI,AF,5219N 00956E,
DESNP,Stolpe,Stolpe,DE,MV,RL,5352N 01334E,
DESNR,Schnackenburg,Schnackenburg,DE,NI,RL,5302N 01134E,
DESOC,Stollhofen,Stollhofen,DE,BW,RL,4845N 00802E,
DESPD,Schopsdorf,Schopsdorf,DE,ST,RL,5214N 01213E,
DESPE,Speyer,Speyer,DE,RP,AF,,
DESPI,Spiekeroog,Spiekeroog,DE,NI,AF,5346N 00742E,
DESPS,Schülper Neuensiel,Schulper Neuensiel,DE,SH,AF,5416N 00856E,
DESQJ,Sesslach,Sesslach,DE,BY,RL,5011N 01051E,
DESRA,Serrig,Serrig,DE,SL,RL,4935N 00634E,
DESRI,Schweringen,Schweringen,DE,NI,AF,5245N 00911E,
DESRP,Stockhausen-Illfurth,Stockhausen-Illfurth,DE,RP,RL,5039N 00759E,
DESSL,Hesselte,Hesselte,DE,NI,RL,5225N 00723E,
DESTA,Stade,Stade,DE,NI,AF,5336N 00929E,
DESTB,Straubing,Straubing,DE,BY,AF,,
DESTD,Strande,Strande,DE,SH,AF,,
DESTL,Stralsund,Stralsund,DE,MV,AF,,
DESTS,Stader Sand,Stader Sand,DE,NI,AF,5338N 00931E,
DESUD,Süderstapel,Suderstapel,DE,SH,AF,,
DESWF,Schwaigern,Schwaigern,DE,BW,RL,4909N 00904E,
DESWQ,Schwanfeld,Schwanfeld,DE,BY,RL,4955N 01008E,
DESWS,Steinwiesen,Steinwiesen,DE,BY,RL,5018N 01128E,
DESWT,Schwentinental,Schwentinental,DE,SH,RL,5416N 01013E,
DESWW,Wedtlenstedt,Wedtlenstedt,DE,NI,RL,5216N 01025E,
DESWZ,Schwarzenbruck,Schwarzenbruck,DE,BY,RL,4921N 01115E,
DESXD,Ottendorf,Ottendorf,DE,BY,RL,4958N 01043E,
DESXE,Seelbach,Seelbach,DE,BW,RL,4819N 00757E,
DESZ8,Schozach,Schozach,DE,BW,RL,4904N 00912E,
DETAE,Tangermünde,Tangermunde,DE,ST,AF,5233N 01157E,
DETAR,Taben,Taben,DE,RP,RL,4933N 00635E,
DETBN,Trebbin,Trebbin,DE,BB,RL,5213N 01313E,
DETCH,Toepchin,Toepchin,DE,BE,RL,,
DETCN,Teuchern,Teuchern,DE,ST,RL,5107N 01201E,
DETEJ,Ballrechten,Ballrechten,DE,BW,RL,4752N 00742E,
DETER,Osterwald,Osterwald,DE,NI,RL,5207N 00937E,
DETGM,Thüngersheim,Thungersheim,DE,BY,RL,4952N 00950E,
DETHR,Thierhaupten,Thierhaupten,DE,BY,RL,4834N 01055E,
DETHU,Thune,Thune,DE,NI,RL,5219N 01030E,
DETJE,Lutjenburg,Lutjenburg,DE,SH,RL,5418N 01036E,
DETKD,Treis-Karden,Treis-Karden,DE,RP,RL,5011N 00718E,
DETLB,Strehla/Elbe,Strehla/Elbe,DE,SN,RL,5121N 01313E,
DETLD,Bresteland,Bresteland,DE,BE,RL,,
DETLT,Teltow,Teltow,DE,BB,RL,5224N 01316E,
DETMH,Torfmoorhölle,Torfmoorholle,DE,BY,AF,5006N 01149E,
DETMM,Temmels,Temmels,DE,RP,RL,4941N 00628E,
DETNR,Wittenberge,Wittenberge,DE,BB,RL,5301N 01145E,
DETOE,Tönning,Tonning,DE,SH,AF,,
DETOS,Tossens,Tossens,DE,NI,AF,5334N 00817E,
DETOY,Tholey,Tholey,DE,SL,RL,,
DETRD,Osterrönfeld,Osterronfeld,DE,SH,RL,5417N 00942E,
DETRF,Trochtelfingen,Trochtelfingen,DE,BW,RL,,
DETRH,Trechtingshausen,Trechtingshausen,DE,RP,RL,5000N 00750E,
DETRI,Trier,Trier,DE,RP,AF,,
DETRT,Traben-Trarbach,Traben-Trarbach,DE,RP,AF,,
DETRV,Travemünde,Travemunde,DE,SH,AF,,
DETSH,Albertshofen,Albertshofen,DE,BY,RL,,
DETSU,Tiessau,Tiessau,DE,NI,RL,5311N 01059E,
DETTP,Platten,Platten,DE,RP,RL,4957N 00658E,
DETTR,Wettringen,Wettringen,DE,RP,RL,,
DETWZ,Thallwitz,Thallwitz,DE,SN,RL,5126N 01240E,
DETYN,Thurnau,Thurnau,DE,BY,RL,,
DEUBG,Bad Dürrenberg,Bad Durrenberg,DE,ST,RL,5117N 01203E,
DEUBT,Laubegast,Laubegast,DE,SN,RL,5102N 01350E,
DEUCK,Ueckermünde,Ueckermunde,DE,MV,AF,5344N 01403E,
DEUDF,Braunsdorf,Braunsdorf,DE,BB,RL,5222N 01357E,
DEUEB,Überlingen,Uberlingen,DE,BW,AF,,
DEUEL,Uelzen,Uelzen,DE,NI,AF,5258N 01033E,
DEUES,Uesen,Uesen,DE,NI,RL,5300N 00904E,
DEUET,Uetersen,Uetersen,DE,SH,AF,,
DEUH7,Udenheim,Udenheim,DE,RP,RL,4952N 00810E,
DEUHF,Suhrendorf,Suhrendorf,DE,MV,RL,5428N 01308E,
DEUKI,Neukieritzsch,Neukieritzsch,DE,SN,RL,5110N 01226E,
DEULM,Ulm,Ulm,DE,BW,AF,4824N 01000E,
DEULS,Mulsen,Mulsen,DE,SN,RL,5045N 01234E,
DEUND,Gmund am Tegernsee,Gmund am Tegernsee,DE,BY,RL,4745N 01144E,
DEUPS,Upschört,Upschort,DE,NI,RL,5328N 00744E,
DEURR,Burladingen,Burladingen,DE,BW,RL,4817N 00907E,
DEUSD,Usedom,Usedom,DE,MV,RL,5352N 01355E,
DEUSF,Büdelsdorf,Budelsdorf,DE,SH,RL,5418N 00939E,
DEUTA,Lauta,Lauta,DE,SN,RL,5040N 01309E,
DEUTT,Schuttertal,Schuttertal,DE,BW,RL,4816N 00758E,
DEV44,Vinn,Vinn,DE,NW,RL,5126N 00638E,
DEVAR,Varel,Varel,DE,NI,AF,5324N 00808E,
DEVBS,Vilsbiburg,Vilsbiburg,DE,BY,RL,4827N 01221E,
DEVEJ,Vetschau,Vetschau,DE,BB,RL,5147N 01405E,
DEVEN,Venne,Venne,DE,NI,AF,5224N 00810E,
DEVGF,Vilgertshofen,Vilgertshofen,DE,BY,RL,4757N 01055E,
DEVIU,Vienenburg,Vienenburg,DE,NI,RL,5157N 01034E,
DEVIW,Vierow,Vierow,DE,MV,RL,5418N 01347E,
DEVNA,Venhaus,Venhaus,DE,NI,RL,5221N 00727E,
DEVOC,Vockfey,Vockfey,DE,NI,RL,5314N 01056E,
DEVOE,Völklingen,Volklingen,DE,SL,AF,,
DEVOL,Volkach,Volkach,DE,BY,RL,4952N 01014E,
DEVRD,Voerde,Voerde,DE,NW,AF,,
DEVRW,Viewrow,Viewrow,DE,MV,RL,5407N 01335E,
DEVTT,Vitte (Hiddensee),Vitte (Hiddensee),DE,MV,RL,5434N 01306E,
DEVTZ,Vielitz,Vielitz,DE,BB,RL,5256N 01300E,
DEVVH,Hohn,Hohn,DE,RP,RL,5037N 00759E,
DEWAC,Westeraccumersiel,Westeraccumersiel,DE,NI,AF,5340N 00729E,
DEWAR,Warnemünde,Warnemunde,DE,MV,AF,5410N 01205E,
DEWAZ,Wabern,Wabern,DE,HE,RL,5106N 00920E,
DEWB2,Willmersdorf,Willmersdorf,DE,BB,RL,5240N 01341E,
DEWE5,Wester-Ohrstedt,Wester-Ohrstedt,DE,SH,RL,5431N 00911E,
DEWED,Wedel,Wedel,DE,SH,AF,,
DEWEE,Weener,Weener,DE,NI,AF,5310N 00721E,
DEWES,Wesel,Wesel,DE,NW,AF,5140N 00637E,
DEWEW,Wewelsfleth,Wewelsfleth,DE,SH,AF,,
DEWFA,Wutha-Farnroda,Wutha-Farnroda,DE,TH,RL,,
DEWGQ,Wehingen,Wehingen,DE,BW,RL,4809N 00848E,
DEWHP,Wipperdorf,Wipperdorf,DE,TH,RL,5127N 01040E,
DEWIB,Wiesbaden,Wiesbaden,DE,HE,AF,,
DEWIE,Wiesens,Wiesens,DE,NI,AF,5327N 00735E,
DEWIF,Wischhafen,Wischhafen,DE,NI,AF,5347N 00919E,
DEWIH,Wisch,Wisch,DE,SH,AF,,
DEWIK,Wiek,Wiek,DE,MV,AF,,
DEWIL,Wilster,Wilster,DE,SH,AF,,
DEWIM,Wimmer,Wimmer,DE,NI,AF,5220N 00826E,
DEWIS,Wismar,Wismar,DE,MV,AF,,
DEWIT,Wittlage,Wittlage,DE,NI,AF,5219N 00822E,
DEWKE,Wankendorf,Wankendorf,DE,SH,RL,5407N 01012E,
DEWKK,Weikersheim,Weikersheim,DE,BW,RL,4929N 00954E,
DEWKZ,Wickrath,Wickrath,DE,NW,RL,5108N 00625E,
DEWLE,Walheim,Walheim,DE,BW,RL,4901N 00909E,
DEWLM,Walsum,Walsum,DE,NW,AI,5132N 00642E,
DEWMM,Wemmetsweiler,Wemmetsweiler,DE,SL,RL,4922N 00705E,
DEWNG,Weissenburg in Bayern,Weissenburg in Bayern,DE,BY,RL,4902N 01058E,
DEWNH,Windheim,Windheim,DE,NW,RL,5224N 00901E,
DEWNI,Winnweiler,Winnweiler,DE,RP,RL,4934N 00751E,
DEWNL,Wandersleben,Wandersleben,DE,TH,RL,5054N 01051E,
DEWNT,Wedlenstedt,Wedlenstedt,DE,NI,RL,5215N 01024W,
DEWNU,Weissenthurm,Weissenthurm,DE,RP,RL,5025N 00727E,
DEWOB,Wolfsburg,Wolfsburg,DE,NI,AF,5226N 01048E,
DEWOE,Wörth am Rhein,Worth am Rhein,DE,RP,AF,,
DEWOG,Worringen,Worringen,DE,NW,RL,5103N 00651E,
DEWOL,Wolgast,Wolgast,DE,MV,AF,,
DEWOR,Worms,Worms,DE,RP,AF,,
DEWRI,Wrist,Wrist,DE,SH,RL,5356N 00945E,
DEWRY,Wremen,Wremen,DE,NI,RL,,
DEWTA,Wörth an der Donau,Worth an der Donau,DE,BY,RL,4900N 01224E,
DEWTG,Wittenberg,Wittenberg,DE,ST,AF,,
DEWTM,Wertheim,Wertheim,DE,BW,AF,,
DEWTP,Waltrop,Waltrop,DE,NW,RL,5138N 00724E,
DEWTU,Wittichenau,Wittichenau,DE,SN,RL,5123N 01415E,
DEWUE,Würzburg,Wurzburg,DE,BY,AF,,
DEWVN,Wilhelmshaven,Wilhelmshaven,DE,NI,AF,5331N 00808E,
DEWWH,Windsbach,Windsbach,DE,BY,RL,4915N 01049E,
DEWWI,Weilerswist,Weilerswist,DE,NW,RL,5046N 00650E,
DEWYK,Wyk auf Föhr,Wyk auf Fohr,DE,SH,AF,,
DEXAX,Euerfeld,Euerfeld,DE,BY,RL,4949N 01007E,
DEXFW,Finkenwerder,Finkenwerder,DE,HH,AF,5332N 00951E,
DEXMP,Monheim,Monheim,DE,BY,RL,4850N 01050E,
DEXRT,Herbertingen,Herbertingen,DE,BW,RL,4804N 00926E,
DEXXX,RIS Inland waterways,RIS Inland waterways,DE,,AI,,
DEXZS,Handeloh,Handeloh,DE,NI,RL,5315N 00950E,
DEYSF,Seifhennersdorf,Seifhennersdorf,DE,SN,RL,5056N 01436E,
DEYWX,Waxweiler,Waxweiler,DE,RP,RL,5006N 00622E,
DEZ4Z,Michelbach am Heuchelberg,Michelbach am Heuchelberg,DE,BW,RL,4904N 00856E,
DEZAI,Zaisertshofen,Zaisertshofen,DE,BY,RL,,
DEZB4,Sulzberg,Sulzberg,DE,BY,RL,4740N 01021E,
DEZH8,Zehren,Zehren,DE,SN,RL,5112N 01324E,
DEZHA,Zahna,Zahna,DE,ST,RL,5155N 01247E,
DEZHD,Zehdenick,Zehdenick,DE,BE,RL,5258N 01319E,
DEZIN,Zinnowitz,Zinnowitz,DE,MV,RL,5404N 01354E,
DEZIS,Zingst,Zingst,DE,MV,RL,5426N 01241E,
DEZIZ,Zaisenhausen,Zaisenhausen,DE,BW,RL,4906N 00849E,
DEZLT,Zeltingen-Rachtig,Zeltingen-Rachtig,DE,RP,AF,,
DEZMU,Salzmünde,Salzmunde,DE,ST,RL,5132N 01150E,
DEZOR,Zorge,Zorge,DE,NI,RL,,
DEZRH,Zechlinerhütte,Zechlinerhutte,DE,BB,RL,5309N 01253E,
DEZTH,Zeuthen,Zeuthen,DE,BB,RL,5221N 01338E,
DEZVE,Ihrlerstein,Ihrlerstein,DE,BY,RL,4856N 11520E,
DEZZH,Zuzenhausen,Zuzenhausen,DE,BW,RL,4917N 00849E,
DEZZL,Zellertal,Zellertal,DE,RP,RL,4938N 00808E,
DJDCT,Doraleh Container Terminal,Doraleh Container Terminal,DJ,DJ,RL,1136N 04396E,
DJDMJ,Damerjog,Damerjog,DJ,AR,RL,1129N 04311E,
DJJIB,Djibouti,Djibouti,DJ,,AI,,
DJPOD,Djibouti,Djibouti,DJ,DJ,RL,1135N 04308E,
DKAAB,Åbenrå,Abenra,DK,83,AF,5502N 00926E,
DKAAL,Aalborg,Aalborg,DK,,AF,,
DKAAR,Aarhus,Aarhus,DK,82,AF,5609N 01013E,
DKAGE,Allinge,Allinge,DK,,RL,5516N 01448E,
DKAGH,Agger Havn,Agger Havn,DK,,AF,,
DKAGO,Agersø,Agerso,DK,,AI,,
DKAK3,Åkirkeby,Akirkeby,DK,84,RL,5504N 01456E,
DKANH,Anholt,Anholt,DK,,AI,,
DKARD,Årosund,Arosund,DK,,AI,5515N 00943E,
DKARK,Ærøskøbing,Aroskobing,DK,,RL,,
DKARO,Åro,Aro,DK,83,AI,5516N 00945E,
DKASA,Asaa,Asaa,DK,,RL,5709N 01025E,
DKASH,Aggersund,Aggersund,DK,,RL,,
DKASK,Askø,Asko,DK,,AI,,
DKASN,Assens,Assens,DK,,AF,,
DKASV,Asnæsværkets Havn,Asnasvarkets Havn,DK,,AI,,
DKAUB,Augustenborg,Augustenborg,DK,,AI,,
DKAVE,Avedøreværkets Havn,Avedorevarkets Havn,DK,,RL,,
DKAVK,Avernak By,Avernak By,DK,,AI,5502N 01016E,
DKAVN,Avernakke Havn,Avernakke Havn,DK,83,RL,5518N 01047E,
DKBAG,Bagenkop,Bagenkop,DK,,AI,,
DKBAL,Ballen,Ballen,DK,,RL,5549N 01039E,
DKBBG,Bøvlingbjerg,Bovlingbjerg,DK,,RL,5626N 00812E,
DKBDX,Bandholm,Bandholm,DK,,AI,,
DKBGO,Baagø,Baago,DK,,AI,,
DKBGZ,Bogense,Bogense,DK,,RL,5534N 01005E,
DKBLA,Blavand,Blavand,DK,,RL,5533N 00808E,
DKBLB,Ballebro,Ballebro,DK,,AI,,
DKBLU,Baelum,Baelum,DK,,RL,5649N 01006E,
DKBOG,Bogo By,Bogo By,DK,,AI,5456N 01203E,
DKBOS,Bøjden,Bojden,DK,,RL,5506N 01005E,
DKBRB,Brabrand,Brabrand,DK,,RL,,
DKBRH,Branden Havn,Branden Havn,DK,,AI,,
DKCPH,København,Kobenhavn,DK,84,AF,5540N 01235E,
DKCSO,Christiansø Havn,Christianso Havn,DK,84,AA,5519N 01511E,
DKDAN,Cementfabriken Dania,Cementfabriken Dania,DK,,AI,,
DKDAS,Dansk Salts Havn,Dansk Salts Havn,DK,,RL,,
DKDN6,Dannemare,Dannemare,DK,85,RL,5445N 01112E,
DKDRA,Dragør,Dragor,DK,,RL,,
DKDYS,Dyssegard,Dyssegard,DK,,RL,5544N 01232E,
DKEBJ,Esbjerg,Esbjerg,DK,,AF,,
DKEBT,Ebeltoft,Ebeltoft,DK,,RL,,
DKEDL,Endelave,Endelave,DK,,AI,,
DKEGN,Egense,Egense,DK,,AI,,
DKEK4,Eskilstrup,Eskilstrup,DK,85,RL,5551N 01138E,
DKEND,Egernsund,Egernsund,DK,,AI,,
DKENS,Enstedværket Havn,Enstedvarket Havn,DK,,AI,5501N 00926E,
DKEOT,Styrtom,Styrtom,DK,,RL,5501N 00926E,
DKFAA,Faaborg,Faaborg,DK,,RL,,
DKFAK,Fakse Ladeplads Havn,Fakse Ladeplads Havn,DK,,AI,,
DKFDH,Frederikshavn,Frederikshavn,DK,,AF,,
DKFDS,Frederikssund,Frederikssund,DK,84,AF,5550N 01204E,
DKFDV,Frederiksværk,Frederiksvark,DK,,AF,,
DKFEJ,Fejø,Fejo,DK,,AI,,
DKFER,Ferritslev,Ferritslev,DK,,RL,5518N 01035E,
DKFGS,Feggesund,Feggesund,DK,,AI,,
DKFMO,Femø,Femo,DK,,AI,,
DKFRC,Fredericia,Fredericia,DK,,AF,,
DKFRK,Føvling,Fovling,DK,83,RL,5527N 00857E,
DKFUH,Fur,Fur,DK,,AI,,
DKFYH,Fynshav,Fynshav,DK,,AI,5458N 00958E,
DKGDM,Gudhjem,Gudhjem,DK,,RL,5513N 01458E,
DKGED,Gedser,Gedser,DK,,RL,,
DKGFH,Gulfhavn,Gulfhavn,DK,,AI,,
DKGLY,Glyngøre,Glyngore,DK,,RL,,
DKGRA,Gråsten,Grasten,DK,,AI,,
DKGRE,Grenaa,Grenaa,DK,,AF,,
DKGTS,Glatved Strand,Glatved Strand,DK,82,RL,5618N 10519E,
DKHAD,Haderslev,Haderslev,DK,,AI,,
DKHAN,Hanstholm,Hanstholm,DK,,AI,,
DKHAS,Hals,Hals,DK,,AI,,
DKHBA,Humlebæk,Humlebak,DK,,RL,5558N 01231E,
DKHBK,Holbæk,Holbak,DK,,AI,,
DKHBO,Hobro,Hobro,DK,,AI,,
DKHDH,Hardeshøj,Hardeshoj,DK,,AI,,
DKHEJ,Hejls,Hejls,DK,83,RL,5523N 00936E,
DKHER,Herning,Herning,DK,,RL,,
DKHHV,Hammerhavn,Hammerhavn,DK,,RL,5517N 01445E,
DKHIR,Hirtshals,Hirtshals,DK,,AI,,
DKHJ3,Højby,Hojby,DK,85,RL,5520N 01027E,
DKHJT,Hjerting,Hjerting,DK,,RL,5531N 00822E,
DKHLS,Helsingør,Helsingor,DK,,AF,,
DKHNB,Havneby,Havneby,DK,,AI,,
DKHOH,Hou Havn,Hou Havn,DK,,AI,,
DKHOR,Horsens,Horsens,DK,,AI,,
DKHSB,Holstebro,Holstebro,DK,,RL,,
DKHSL,Hasle,Hasle,DK,,AI,,
DKHSU,Hadsund,Hadsund,DK,81,AI,5643N 01006E,
DKHUN,Hundested,Hundested,DK,,AF,,
DKHVA,Hvalpsund,Hvalpsund,DK,,AI,,
DKHVN,Havnsø,Havnso,DK,,AI,,
DKHVS,Hvide Sande,Hvide Sande,DK,,RL,5559N 00808E,
DKHVT,Hellebæk,Hellebak,DK,81,RL,5604N 01234E,
DKHWO,Hov,Hov,DK,,RL,5555N 01015E,
DKJEL,Jelling,Jelling,DK,83,RL,5545N 00926E,
DKJUE,Juelsminde,Juelsminde,DK,82,AI,5542N 01001E,
DKKAL,Kalundborg,Kalundborg,DK,,AF,,
DKKAR,Karlslunde,Karlslunde,DK,85,RL,5534N 01213E,
DKKBG,Klintebjerg,Klintebjerg,DK,83,RL,5529N 01027E,
DKKBK,Karrebæksminde,Karrebaksminde,DK,85,RL,5511N 01140E,
DKKBY,Kyndbyvaerkets Havn,Kyndbyvaerkets Havn,DK,,AI,,
DKKDM,Kollund Mole,Kollund Mole,DK,,AA,5420N 00927E,
DKKGL,Kongsdal Harbour,Kongsdal Harbour,DK,,RL,5642N 01004E,
DKKHV,Knudshoved,Knudshoved,DK,,RL,,
DKKII,Saint Kilian,Saint Kilian,DK,81,RL,,
DKKK4,Åbybro,Abybro,DK,81,RL,5709N 00945E,
DKKLH,Klintholm Havn,Klintholm Havn,DK,85,AA,5757N 01228E,
DKKLP,Kleppen,Kleppen,DK,82,AA,5632N 00835E,
DKKOG,Køge,Koge,DK,,AF,,
DKKOK,Kolby Kås,Kolby Kas,DK,82,AI,5548N 01033E,
DKKOL,Kolding,Kolding,DK,,AF,,
DKKON,Cementfabrikken Kongsdal Havn,Cementfabrikken Kongsdal Havn,DK,,AI,,
DKKRA,Kragenæs,Kragenas,DK,,AI,,
DKKRR,Korsør,Korsor,DK,,AF,,
DKKT4,Kettinge,Kettinge,DK,85,RL,5442N 01145E,
DKKTD,Kerteminde,Kerteminde,DK,,AI,,
DKKTP,Kastrup,Kastrup,DK,,AI,,
DKKVR,Kværndrup,Kvarndrup,DK,,RL,,
DKLGR,Løgstør,Logstor,DK,,AI,,
DKLHH,Lindholm Havn,Lindholm Havn,DK,83,RL,5517N 01048E,
DKLIN,Lindø Havn,Lindo Havn,DK,,AI,,
DKLOH,Lohals,Lohals,DK,,AI,,
DKLUN,Lundeborg,Lundeborg,DK,83,RL,5508N 01047E,
DKLVG,Lemvig,Lemvig,DK,,AI,,
DKLYO,Lyngs Odde Havn,Lyngs Odde Havn,DK,,AI,,
DKMAS,Masnedø,Masnedo,DK,,AI,,
DKMID,Middelfart,Middelfart,DK,,AF,,
DKMKH,Masnedovaerkets Havn/Vordingborg,Masnedovaerkets Havn/Vordingborg,DK,85,RL,5458N 01153E,
DKMNS,Masnedsund,Masnedsund,DK,85,AA,5500N 01152E,
DKMOM,Mommark,Mommark,DK,,AI,,
DKMRB,Marbæk Havn,Marbak Havn,DK,,AI,,
DKMRR,Mariager,Mariager,DK,,RL,5639N 01000E,
DKMRS,Marstal,Marstal,DK,,AI,,
DKN3S,Nykobing Sjaelland,Nykobing Sjaelland,DK,85,RL,5555N 01140E,
DKNAK,Nakskov,Nakskov,DK,,AF,,
DKNBG,Nyborg,Nyborg,DK,,AF,,
DKNDB,"Nordby Havn, Fanø","Nordby Havn, Fano",DK,,AI,,
DKNEX,Neksø,Nekso,DK,,AI,,
DKNGB,Nagbol,Nagbol,DK,,RL,5527N 00917E,
DKNHN,Nordhavn,Nordhavn,DK,84,RL,5542N 01236E,
DKNR4,Nyrup,Nyrup,DK,85,RL,5536N 01140E,
DKNRE,Nørre Aaby,Norre Aaby,DK,,AF,,
DKNRS,Nørresundby,Norresundby,DK,,AF,,
DKNSD,Nørre Snede,Norre Snede,DK,,RL,5557N 00923E,
DKNTD,Nysted,Nysted,DK,,AI,,
DKNUD,Næssund,Nassund,DK,,AI,,
DKNVD,Næstved,Nastved,DK,85,AF,5514N 01146E,
DKNYB,Nyborg Lystbådehavn,Nyborg Lystbadehavn,DK,83,RL,5518N 01047E,
DKNYF,Nykøbing Falster,Nykobing Falster,DK,85,AF,5446N 01153E,
DKNYM,Nykøbing Mors,Nykobing Mors,DK,81,AI,5647N 00851E,
DKODE,Odense,Odense,DK,,AF,,
DKOMO,Omø,Omo,DK,,AI,,
DKOOT,Charlottenlund,Charlottenlund,DK,,RL,,
DKORE,"Orehoved, Falster","Orehoved, Falster",DK,,AI,,
DKORO,Orø,Oro,DK,,AI,,
DKOTB,Østerby Havn,Østerby Havn,DK,81,AS,5719N 01108E,
DKRAN,Randers,Randers,DK,,AF,,
DKRD4,Rude,Rude,DK,85,RL,5600N 01014E,
DKRDH,Rødvig Havn,Rodvig Havn,DK,85,AA,5515N 01222E,
DKRDK,Rødekro,Rodekro,DK,,RL,5504N 00919E,
DKRKB,Rudkøbing,Rudkobing,DK,,AI,,
DKRKE,Roskilde,Roskilde,DK,,AF,,
DKRMO,Romo,Romo,DK,83,RL,5508N 00831E,
DKRNN,Rønne,Ronne,DK,,AI,,
DKROD,Rødbyhavn,Rodbyhavn,DK,85,AA,5439N 01121E,
DKROF,Rødby,Rodby,DK,85,AI,5441N 01123E,
DKROR,Aalborg Portland Cementfabrikk,Aalborg Portland Cementfabrikk,DK,,RL,,
DKRRV,Rørvig,Rorvig,DK,,AI,,
DKRYS,Ryslinge,Ryslinge,DK,83,RL,5515N 01033E,
DKSAE,Sæby,Saby,DK,,RL,5720N 01032E,
DKSAX,Sakskøbing,Sakskobing,DK,,AI,,
DKSB2,Strøby,Stroby,DK,85,RL,5523N 01218E,
DKSBK,Stubbekøbing,Stubbekobing,DK,85,AI,5453N 01203E,
DKSD7,Sandved,Sandved,DK,85,RL,5516N 01132E,
DKSDA,Sydals,Sydals,DK,,RL,5454N 00953E,
DKSDO,Skarø/Drejø,Skaro/Drejo,DK,,AI,,
DKSEO,Sejerø,Sejero,DK,,AI,,
DKSF2,Store Fuglede,Store Fuglede,DK,85,RL,5535N 01115E,
DKSGD,Sønderborg,Sonderborg,DK,83,AF,5454N 00947E,
DKSH6,Store Heddinge,Store Heddinge,DK,85,RL,5519N 01225E,
DKSIT,Stigsnaes Inter Terminal,Stigsnaes Inter Terminal,DK,85,RL,5512N 01114E,
DKSK3,Skodsborg,Skodsborg,DK,84,RL,5549N 01234E,
DKSKA,Skagen,Skagen,DK,,AF,,
DKSKH,Skovshoved,Skovshoved,DK,84,RL,5546N 01236E,
DKSKV,Skive,Skive,DK,,AF,,
DKSL2,Søllested,Sollested,DK,83,RL,5518N 01003E,
DKSLB,Silkeborg,Silkeborg,DK,,AF,,
DKSLV,Sælvig Havn,Salvig Havn,DK,,AI,,
DKSM6,Store Merløse,Store Merlose,DK,85,RL,5533N 01143E,
DKSN2,Snertinge,Snertinge,DK,85,RL,5504N 01155E,
DKSN7,Stensved,Stensved,DK,85,RL,5500N 01202E,
DKSNE,Snekkersten,Snekkersten,DK,,AI,,
DKSNO,Strynø,Stryno,DK,,AI,,
DKSNY,Sundby/Mors,Sundby/Mors,DK,81,RL,5652N 00840E,
DKSOB,Søby Havn,Soby Havn,DK,,AI,,
DKSPB,Spodsbjerg Havn,Spodsbjerg Havn,DK,,AI,,
DKSSK,Skælskør,Skalskor,DK,,RL,,
DKSSV,Studstrupværkets Havn,Studstrupvarkets Havn,DK,,AI,,
DKSTA,Stavning,Stavning,DK,,AI,5558N 00823E,
DKSTB,Strib Havn,Strib Havn,DK,,AI,,
DKSTE,Stege,Stege,DK,,AI,,
DKSTG,Stignæsværkets Havn,Stignasvarkets Havn,DK,,AI,,
DKSTN,Stigsnæs,Stigsnas,DK,,AI,,
DKSTP,Stevns Pier,Stevns Pier,DK,85,RL,5519N 01227E,
DKSTR,Struer,Struer,DK,,AF,,
DKSTT,Statoil-Havnen,Statoil-Havnen,DK,,AF,,
DKSUE,Sundsøre,Sundsore,DK,,AI,,
DKSVA,Svaneke,Svaneke,DK,,RL,5508N 01509E,
DKSVE,Svendborg,Svendborg,DK,,AF,,
DKSVG,Sandvig,Sandvig,DK,,RL,5517N 01447E,
DKSVV,Stålvalseværket,Stalvalsevarket,DK,,AI,,
DKTB4,Toreby,Toreby,DK,85,RL,5445N 01148E,
DKTED,Thisted,Thisted,DK,,AF,,
DKTJL,Tjele,Tjele,DK,82,RL,5630N 00936E,
DKTKB,Tikøb,Tikob,DK,84,RL,5601N 01228E,
DKTMD,Torsminde,Torsminde,DK,82,RL,5622N 00807E,
DKTN3,Tune,Tune,DK,85,RL,5536N 01211E,
DKTNO,Tunø,Tuno,DK,,AI,,
DKTRG,Torrig,Torrig,DK,85,RL,5454N 01120E,
DKTRO,Troense,Troense,DK,83,RL,5502N 01039E,
DKTRS,Tårs,Tars,DK,,AI,,
DKTUB,Tuborg,Tuborg,DK,,AF,,
DKTYB,Tyborøn,Tyboron,DK,,AF,,
DKUNX,Masnedsund Godningshamn,Masnedsund Godningshamn,DK,85,AI,5500N 01155E,
DKVAE,Vallensbæk,Vallensbak,DK,84,RL,5538N 01221E,
DKVB2,Vejby,Vejby,DK,84,RL,5604N 01209E,
DKVBN,Vordingborg Nordhavnen,Vordingborg Nordhavnen,DK,85,AA,5500N 01155E,
DKVBS,Vordingborg Sydhavnen,Vordingborg Sydhavnen,DK,85,AA,5459N 01153E,
DKVEJ,Vejle,Vejle,DK,,AF,,
DKVEN,Venø Havn,Veno Havn,DK,,AI,,
DKVES,"Vesterø Havn, Læsø","Vestero Havn, Laso",DK,,AI,,
DKVG4,Væggerløse,Vaggerlose,DK,85,RL,5442N 01156E,
DKVK7,Veksø,Vekso,DK,84,RL,5545N 01215E,
DKVM2,Vemmelev,Vemmelev,DK,85,RL,5522N 01116E,
DKVNG,Vang Havn,Vang Havn,DK,,RL,,
DKVOR,Vordingborg,Vordingborg,DK,85,AF,5500N 01154E,
DKVRE,Avedore,Avedore,DK,,RL,,
DKVSV,Norjyllandsvarkets havn,Norjyllandsvarkets havn,DK,,AI,,
DKVT2,Vesterborg,Vesterborg,DK,85,RL,5451N 01117E,
DMADM,Anse du Mai,Anse du Mai,DM,,RL,1536N 06123W,
DMBEL,Belfast,Belfast,DM,,RL,,
DMPOR,Portsmouth,Portsmouth,DM,,RL,1534N 06127W,
DMRSU,Roseau,Roseau,DM,,AI,,
DOAZU,Azua,Azua,DO,02,RL,1827N 07044W,
DOBAN,Baní,Bani,DO,,RL,1817N 07020W,
DOBAV,Bavaro,Bavaro,DO,18,RL,1843S 06827W,
DOBCC,Boca Chica,Boca Chica,DO,,AI,,
DOBQL,Barcequillo,Barcequillo,DO,21,RL,1826N 07002W,
DOBRX,Barahona,Barahona,DO,,AI,,
DOCAI,Catalina Island,Catalina Island,DO,12,RL,1822N 06900W,
DOCAL,Cayo Levantado,Cayo Levantado,DO,20,RL,1912N 06919W,
DOCAU,Caucedo,Caucedo,DO,01,RL,1825N 06938W,
DOCBJ,Cabo Rojo,Cabo Rojo,DO,,AI,,
DOCDC,Casa de Campo,Casa de Campo,DO,12,RL,1824N 06854W,
DOHAI,Rio Haina,Rio Haina,DO,,QQ,,
DOHIG,Higüey,Higuey,DO,21,RL,1827N 07016W,
DOINA,Bajos de Haina,Bajos de Haina,DO,21,AS,1825N 07002W,
DOLRM,La Romana,La Romana,DO,,AI,,
DOMAN,Manzanillo,Manzanillo,DO,,RL,1942N 07145W,
DOOCO,Ocoa Bay,Ocoa Bay,DO,,RL,1837N 07065W,
DOPAL,Puerto Palenque,Puerto Palenque,DO,,RL,1814N 07009W,
DOPDR,Pedernales,Pedernales,DO,,AI,,
DOPOP,Puerto Plata,Puerto Plata,DO,,AI,,
DOPUO,Puerto Libertador,Puerto Libertador,DO,,QQ,,
DOPVA,Puerto Viejo de Azua,Puerto Viejo de Azua,DO,,RL,1820N 07050W,
DOSDQ,Santo Domingo,Santo Domingo,DO,01,AI,1828N 06954W,
DOSFN,San Francisco de Macorís,San Francisco de Macoris,DO,,RL,1918N 07015W,
DOSNX,Sabana de la Mar,Sabana de la Mar,DO,,AI,1904N 06923W,
DOSNZ,Sánchez,Sanchez,DO,,RL,1914N 06937W,
DOSPM,San Pedro de Macorís,San Pedro de Macoris,DO,,AI,1827N 06918W,
DOSTI,Santiago de los Caballeros,Santiago de los Caballeros,DO,,RL,,
DOVAL,Villa Altagracia,Villa Altagracia,DO,21,RL,1840N 07010W,
DZ2ON,Oran Dry Port,Oran Dry Port,DZ,31,RL,3541N 00038W,
DZAAE,Annaba (ex Bone),Annaba (ex Bone),DZ,,AI,,
DZALG,Alger (Algiers),Alger (Algiers),DZ,16,AI,3645N 00303E,
DZAZW,Arzew,Arzew,DZ,,RL,3552N 00019W,
DZBHA,Bethioua,Bethioua,DZ,31,RL,3548N 00016W,
DZBIU,Bouinane,Bouinane,DZ,09,RL,,
DZBJA,Bejaia (ex Bougie),Bejaia (ex Bougie),DZ,,AI,,
DZBSF,Benisaf,Benisaf,DZ,,RL,3517N 00123W,
DZBTA,Bethoula,Bethoula,DZ,,AI,,
DZCHE,Cherchell,Cherchell,DZ,,RL,3636N 00212E,
DZCOL,Collo,Collo,DZ,,RL,3701N 00633E,
DZDEL,Dellys,Dellys,DZ,,RL,3655N 00353E,
DZDJE,Djen-Djen,Djen-Djen,DZ,,AI,,
DZDJI,Jijel (ex Djidjelli),Jijel (ex Djidjelli),DZ,,QQ,,
DZGHA,Ghardaïa,Ghardaia,DZ,,RL,3229N 00340E,
DZGHZ,Ghazaouet,Ghazaouet,DZ,13,RL,3506N 00151W,
DZKHE,Kherrata,Kherrata,DZ,,RL,3629N 00516E,
DZMOS,Mostaganem,Mostaganem,DZ,,QQ,,
DZORN,Oran,Oran,DZ,,AI,,
DZROU,Rouiba,Rouiba,DZ,16,RL,3644N 00317E,
DZSKI,Skikda (ex Philippeville),Skikda (ex Philippeville),DZ,,AI,,
DZTBS,Tebessa,Tebessa,DZ,12,RL,3524N 00807E,
DZTEN,Ténès,Tenes,DZ,,RL,3631N 00119E,
DZTLM,Tlemcen,Tlemcen,DZ,13,RL,3452N 00118W,
ECAYO,"Puerto Ayora, Isla Santa Cruz","Puerto Ayora, Isla Santa Cruz",EC,W,AI,0045S 09019W,
ECBAQ,Puerto Baquerizo Moreno,Puerto Baquerizo Moreno,EC,W,AI,0054S 08936W,
ECBHA,Bahía de Caráquez,Bahia de Caraquez,EC,M,AI,0033S 08030W,
ECBLI,Bartolome Island,Bartolome Island,EC,W,RL,0017S 09033W,
ECCAR,Pedro Carbo,Pedro Carbo,EC,,RL,,
ECCAT,Caleta Tagus,Caleta Tagus,EC,W,RL,0015S 09122W,
ECDUN,Durán,Duran,EC,G,RL,0212S 07950W,
ECEBL,Balao,Balao,EC,,AI,,
ECESM,Esmeraldas,Esmeraldas,EC,E,AI,0059N 07942W,
ECESP,Espanola Island,Espanola Island,EC,W,RL,0123S 08941W,
ECFLO,Floreana Island,Floreana Island,EC,W,RL,0118S 09026W,
ECGUA,Guayas,Guayas,EC,G,RL,0058S 07933W,
ECGYE,Guayaquil,Guayaquil,EC,G,AI,0210S 07954W,
ECLLD,La Libertad,La Libertad,EC,G,AI,0214S 08054W,
ECLPT,La Puntilla,La Puntilla,EC,,RL,0209S 07952W,
ECMEC,Manta,Manta,EC,M,AI,0057S 08044W,
ECOCC,Coca,Coca,EC,N,RL,0029S 07658W,
ECPBG,Puerto Balao Grande,Puerto Balao Grande,EC,G,RL,0254S 07950W,
ECPBO,Puerto Bolívar,Puerto Bolivar,EC,O,AI,0316S 07959W,
ECPEG,Puerto Egas,Puerto Egas,EC,W,RL,0014S 09051W,
ECPEV,Puerto Nuevo,Puerto Nuevo,EC,,RL,0213S 07955W,
ECPSJ,Posorja,Posorja,EC,G,RL,0242S 08015W,
ECPUN,Puná,Puna,EC,G,RL,0244S 07955W,
ECRAB,Rabida Island,Rabida Island,EC,W,RL,0025S 09042W,
ECSLR,San Lorenzo,San Lorenzo,EC,E,AI,0115N 07850W,
ECSNC,Salinas,Salinas,EC,G,AI,0213S 08058W,
ECSYM,Seymour,Seymour,EC,W,AI,0025S 09017W,
ECTEP,Tepre,Tepre,EC,,RL,,
ECVIL,"Puerto Villamil, Isla Isabela","Puerto Villamil, Isla Isabela",EC,W,AI,0056S 09101W,
ECZTL,Zapotal,Zapotal,EC,G,RL,0219S 08032W,
EEABJ,Abaja Sadam,Abaja Sadam,EE,74,AA,5822N 02201E,
EEABR,Abruka,Abruka,EE,74,AA,5810N 02232E,
EEADV,Admirali Väikesadam,Admirali Vaikesadam,EE,68,AA,5832N 02341E,
EEAEN,Aegna,Aegna,EE,37,AA,5934N 02445E,
EEAHO,Ahoi Jõesadam,Ahoi Joesadam,EE,74,AA,5813N 02222E,
EEAKS,Alajõe Kalasadam,Alajoe Kalasadam,EE,45,AA,5900N 02726E,
EEASE,Aseri,Aseri,EE,45,RL,5927N 02652E,
EEASV,Aseri Väikesadam,Aseri Vaikesadam,EE,60,AA,5927N 02652E,
EEATL,Atla,Atla,EE,74,AA,5818N 02154E,
EEBEK,Bekkeri,Bekkeri,EE,37,AA,5927N 02439E,
EEDIR,Dirhami,Dirhami,EE,56,AA,5913N 02330E,
EEEIS,Eisma,Eisma,EE,60,RL,5934N 02618E,
EEHAA,Haapsalu,Haapsalu,EE,56,RL,5856N 02332E,
EEHII,Hiiessaare,Hiiessaare,EE,39,AA,5900N 02251E,
EEHLD,Haldi,Haldi,EE,39,AA,5848N 02227E,
EEHLT,Heltermaa,Heltermaa,EE,39,AA,5852N 02303E,
EEHRA,Hara Sadam,Hara Sadam,EE,56,AA,5905N 02332E,
EEHRS,Hara Sadam,Hara Sadam,EE,37,AA,5935N 02537E,
EEHUN,Hundipea,Hundipea,EE,37,AA,5928N 02443E,
EEHVV,Haapsalu Veskiviigi,Haapsalu Veskiviigi,EE,56,AA,5858N 02332E,
EEJAP,Japsi Kalasadam,Japsi Kalasadam,EE,68,AA,5823N 02429E,
EEJEP,Jõe Paadisadam,Joe Paadisadam,EE,79,AA,5822N 02644E,
EEJGP,Jaagupi,Jaagupi,EE,68,AA,5802N 02428E,
EEJHT,Juheta,Juheta,EE,68,AA,5823N 02417E,
EEJKR,Jõekääru,Joekaaru,EE,45,AA,5859N 02711E,
EEJOS,Narva Linnasadam,Narva Linnasadam,EE,45,RL,5923N 02812E,
EEKAK,Kakumäe,Kakumae,EE,37,AA,5927N 02436E,
EEKAL,Kalana,Kalana,EE,39,AA,5855N 02203E,
EEKAM,Kalmaküla Sadam,Kalmakula Sadam,EE,45,AA,5853N 02658E,
EEKAP,Karlova Paadisadam,Karlova Paadisadam,EE,79,RL,5822N 02645E,
EEKAS,Kalasadam,Kalasadam,EE,37,AA,5927N 02445E,
EEKBN,Kaberneeme Sadam,Kaberneeme Sadam,EE,37,AA,5931N 02517E,
EEKDL,Kärdla,Kardla,EE,39,AI,5900N 02245E,
EEKDR,Kudruküla Sadam,Kudrukula Sadam,EE,45,AA,5927N 02905E,
EEKEJ,Kesse-Jaani,Kesse-Jaani,EE,74,AA,5838N 02327E,
EEKEL,Kelvingi,Kelvingi,EE,37,AA,5933N 02450E,
EEKGS,Kõiguste,Koiguste,EE,74,AA,5822N 02258E,
EEKGV,Koguva,Koguva,EE,74,AA,5836N 02304E,
EEKHN,Kihnu,Kihnu,EE,68,AA,5808N 02401E,
EEKII,Kiideva,Kiideva,EE,56,RL,5846N 02332E,
EEKJK,Kalevi Jahtklubi,Kalevi Jahtklubi,EE,37,AA,5928N 02450E,
EEKKE,Kurkse,Kurkse,EE,37,AA,5916N 02401E,
EEKKS,Kassari Sadam,Kassari Sadam,EE,39,AA,5846N 02250E,
EEKLD,Kaldu,Kaldu,EE,74,AA,5827N 02316E,
EEKLE,Kallaste,Kallaste,EE,74,AA,5839N 02316E,
EEKLK,Koljunuki,Koljunuki,EE,37,AA,5930N 02505E,
EEKLL,Kallaste,Kallaste,EE,79,AA,5839N 02709E,
EEKLN,Kelnase,Kelnase,EE,37,AA,5938N 02501E,
EEKLR,Kallaste Rannasadam,Kallaste Rannasadam,EE,79,AA,5840N 02710E,
EEKND,Kunda,Kunda,EE,60,AA,5931N 02632E,
EEKNG,Kungla,Kungla,EE,74,AA,5821N 02257E,
EEKOL,Kolkja,Kolkja,EE,79,RL,5833N 02713E,
EEKPA,Karepa Sadam,Karepa Sadam,EE,60,AA,5933N 02625E,
EEKRG,Kõrgessaare,Korgessaare,EE,39,AA,5858N 02228E,
EEKSA,Kärsa,Karsa,EE,74,AA,5815N 02244E,
EEKSN,Kastna,Kastna,EE,68,AA,5820N 02355E,
EEKSP,Kaunispe,Kaunispe,EE,74,AA,5803N 02204E,
EEKUG,Narva Kulgu Sadam,Narva Kulgu Sadam,EE,45,RL,5921N 02810E,
EEKUI,Kuivastu,Kuivastu,EE,74,AA,5834N 02323E,
EEKUR,Kuressaare sadam,Kuressaare sadam,EE,74,AA,5815N 02228E,
EEKVI,Kaavi Paadisadam,Kaavi Paadisadam,EE,74,AA,5759N 02212E,
EEKVR,Kavaru,Kavaru,EE,68,AA,5816N 02410E,
EELAN,Lääne,Laane,EE,68,AA,5832N 02341E,
EELAO,Lao,Lao,EE,68,AA,5814N 02407E,
EELAT,Läätsa,Laatsa,EE,74,AA,5808N 02215E,
EELAU,Lautri,Lautri,EE,39,AA,5855N 02205E,
EELEN,Lennusadam,Lennusadam,EE,37,AA,5927N 02444E,
EELEP,Leppneeme,Leppneeme,EE,37,AA,5932N 02451E,
EELHK,Lehtma Kalurisadam,Lehtma Kalurisadam,EE,39,AA,5904N 02242E,
EELHS,Lahesuu,Lahesuu,EE,37,AA,5927N 02442E,
EELHT,Lehtma,Lehtma,EE,39,AA,5904N 02242E,
EELIN,Lindi,Lindi,EE,68,AA,5820N 02417E,
EELIU,Liu,Liu,EE,68,AA,5817N 02416E,
EELKS,Laaksaare,Laaksaare,EE,79,AA,5820N 02725E,
EELMA,Lõmala,Lomala,EE,74,AA,5810N 02207E,
EELNR,Lõunaranna,Lounaranna,EE,74,AA,5832N 02319E,
EELPN,Leppneeme Kalasadam,Leppneeme Kalasadam,EE,37,AA,5933N 02452E,
EELPS,Lõpesuu,Lopesuu,EE,74,AA,5829N 02316E,
EELSA,Loksa,Loksa,EE,37,AA,5935N 02542E,
EELSL,Lohusalu,Lohusalu,EE,37,AA,5924N 02413E,
EELUI,Luige Väikesadam,Luige Vaikesadam,EE,56,AA,5852N 02329E,
EEMAH,Mahu Sadam,Mahu Sadam,EE,60,RL,5931N 02343E,
EEMAN,Manilaiu,Manilaiu,EE,68,AA,5913N 02408E,
EEMDR,Miiduranna,Miiduranna,EE,37,AA,5930N 02449E,
EEMEH,Mehikoorma Sadam,Mehikoorma Sadam,EE,79,AA,5814N 02729E,
EEMIH,Mihkli Sadam,Mihkli Sadam,EE,50,AA,5847N 02659E,
EEMNI,Männi,Manni,EE,68,AA,5831N 02340E,
EEMNT,Mõntu,Montu,EE,74,AA,5757N 02208E,
EEMNV,Mõntu Väikelaevade Sadam,Montu Vaikelaevade Sadam,EE,74,AA,5757N 02207E,
EEMRL,Merelaiu,Merelaiu,EE,68,AA,5818N 02401E,
EEMRS,Meeruse,Meeruse,EE,37,AA,5927N 02440E,
EEMTV,Mustvee,Mustvee,EE,50,AA,5851N 02657E,
EEMUG,Muuga,Muuga,EE,37,AA,5930N 02458E,
EEMUN,Munalaiu,Munalaiu,EE,68,AA,5814N 02407E,
EEMUR,Muratsi Sadam,Muratsi Sadam,EE,74,AA,5814N 02235E,
EENAI,Naissaare,Naissaare,EE,37,AA,5933N 02433E,
EENAS,Nasva,Nasva,EE,74,AA,5813N 02224E,
EENJD,Nasva Jõesadam,Nasva Joesadam,EE,74,AA,5814N 02223E,
EENJS,Narva-Jõesuu Sadam,Narva-Joesuu Sadam,EE,45,AA,5928N 02803E,
EENME,Neeme,Neeme,EE,37,AA,5932N 02510E,
EENOB,Noblessneri,Noblessneri,EE,37,AA,5927N 02444E,
EENRM,Nurme,Nurme,EE,37,AA,5935N 02447E,
EENST,Naistlaiu Sadam,Naistlaiu Sadam,EE,39,AA,5849N 02302E,
EENVA,Nõva Sadam,Nova Sadam,EE,56,AA,5915N 02340E,
EEOIU,Oiu,Oiu,EE,84,AA,5824N 02559E,
EEOMR,Omedu Rand,Omedu Rand,EE,50,AA,5847N 02659E,
EEORI,Orissaare,Orissaare,EE,74,AA,5834N 02306E,
EEORJ,Orjaku,Orjaku,EE,39,AA,5847N 02246E,
EEOSM,Osmussaare Sadam,Osmussaare Sadam,EE,56,AA,5917N 02325E,
EEOST,Österby,Osterby,EE,56,AA,5859N 02331E,
EEOTI,Oti,Oti,EE,37,AA,5934N 02448E,
EEOTS,Otsa,Otsa,EE,79,AA,5839N 02710E,
EEPAA,Paatsalu,Paatsalu,EE,68,AA,5831N 02341E,
EEPAP,Papissaare Sadam,Papissaare Sadam,EE,74,AA,5822N 02159E,
EEPAR,Patareisadam,Patareisadam,EE,37,AA,5927N 02445E,
EEPAS,Paljassaare,Paljassaare,EE,37,AA,5927N 02442E,
EEPHL,Pihelgalaiu,Pihelgalaiu,EE,68,AA,5827N 02340E,
EEPIR,Pirita,Pirita,EE,37,AA,5928N 02449E,
EEPLN,Paldiski Põhjasadam,Paldiski Pohjasadam,EE,37,AA,5921N 02403E,
EEPLS,Paldiski Lõunasadam,Paldiski Lounasadam,EE,37,AA,5920N 02405E,
EEPRE,Piirissaare Sadam,Piirissaare Sadam,EE,79,AA,5823N 02731E,
EEPRI,Peerni,Peerni,EE,68,AA,5815N 02408E,
EEPRJ,Purtse Jahisadam,Purtse Jahisadam,EE,45,AA,5926N 02659E,
EEPRK,Purtse Kalasadam,Purtse Kalasadam,EE,45,AA,5926N 02659E,
EEPRL,Prangli Lõunasadam,Prangli Lounasadam,EE,37,AA,5937N 02500E,
EEPRN,Pärnu,Parnu,EE,68,AA,5823N 02430E,
EEPRV,Pärnu Sadama Väikesadam,Parnu Sadama Vaikesadam,EE,68,AA,5823N 02429E,
EEPSM,Pae Sadam,Pae Sadam,EE,74,AA,5829N 02316E,
EEPSV,Paslepa-Viigi Sadam,Paslepa-Viigi Sadam,EE,56,AA,5901N 02326E,
EEPUR,Purtse,Purtse,EE,45,AA,5925N 02700E,
EEPUS,Pusi,Pusi,EE,79,AA,5838N 02709E,
EEPVS,Piirivalvesadam,Piirivalvesadam,EE,37,AA,5927N 02440E,
EERAJ,Raja,Raja,EE,50,AA,5850N 02657E,
EERBS,Rebase Paadisadam,Rebase Paadisadam,EE,79,AA,5822N 02645E,
EERGR,Roograhu,Roograhu,EE,39,AA,5900N 02249E,
EERHK,Rohuküla,Rohukula,EE,56,AA,5854N 02326E,
EERJS,Ristna Jahisadam,Ristna Jahisadam,EE,39,AA,5855N 02204E,
EERLB,Rälby Sadam,Ralby Sadam,EE,56,AA,5902N 02317E,
EERLS,Ristna Lõunasadam,Ristna Lounasadam,EE,39,AA,5855N 02204E,
EERMS,Roomassaare,Roomassaare,EE,74,AA,5813N 02230E,
EERNG,Ringsu,Ringsu,EE,74,AA,5747N 02316E,
EERNM,Rannametsa,Rannametsa,EE,68,AA,5807N 02429E,
EERNV,Rohuneeme Väikesadam,Rohuneeme Vaikesadam,EE,37,AA,5934N 02448E,
EERON,Rohuneeme,Rohuneeme,EE,37,AA,5934N 02448E,
EEROO,Roopa,Roopa,EE,74,AA,5816N 02152E,
EERPI,Räpina,Rapina,EE,64,AA,5808N 02732E,
EERST,Ristna,Ristna,EE,37,AA,5916N 02344E,
EERUV,Ruhve,Ruhve,EE,74,AA,5823N 02302E,
EERVS,Remniku Vanasadam,Remniku Vanasadam,EE,45,AA,5901N 02733E,
EESAM,Salmistu,Salmistu,EE,74,AA,5930N 02522E,
EESAS,Sassukvere,Sassukvere,EE,50,AA,5843N 02708E,
EESGS,Saaga Sadam,Saaga Sadam,EE,79,AA,5823N 02659E,
EESHL,Suur-Holmi,Suur-Holmi,EE,56,AA,5858N 02332E,
EESIG,Sigatsuaru Väikesadam,Sigatsuaru Vaikesadam,EE,68,AA,5809N 02400E,
EESLE,Salme Jõesadam,Salme Joesadam,EE,74,AA,5810N 02215E,
EESLM,Sillamäe,Sillamae,EE,45,AA,5925N 02744E,
EESLN,Salinõmme,Salinomme,EE,39,AA,5850N 02257E,
EESMA,Saaremaa sadam,Saaremaa sadam,EE,74,AA,5832N 02214E,
EESNK,Salinõmme Kalasadam,Salinomme Kalasadam,EE,39,AA,5850N 02257E,
EESNP,Salinõmme Paadisadam,Salinomme Paadisadam,EE,39,AA,5859N 02257E,
EESOE,Soela,Soela,EE,74,AA,5837N 02236E,
EESRA,Saarepera,Saarepera,EE,64,AA,5810N 02730E,
EESRU,Sõru,Soru,EE,39,AA,5842N 02232E,
EESRV,Sõru Väikelaevasadam,Soru Vaikelaevasadam,EE,39,RL,5842N 02231E,
EESSO,Soo,Soo,EE,50,AA,5843N 02707E,
EESUA,Suaru,Suaru,EE,68,AA,5808N 02401E,
EESUK,Suaru Kalasadam,Suaru Kalasadam,EE,68,AA,5808N 02400E,
EESUL,Suur-Lootsi,Suur-Lootsi,EE,45,RL,5928N 02803E,
EESUR,Suurpea,Suurpea,EE,37,AA,5938N 02541E,
EESUS,Suursadam,Suursadam,EE,39,AA,5858N 02255E,
EESVI,Sviby,Sviby,EE,56,AA,5858N 02319E,
EESVS,Saastna Vanasadam,Saastna Vanasadam,EE,56,AA,5844N 02334E,
EETAL,Taaliku Sadam,Taaliku Sadam,EE,74,AA,5836N 02259E,
EETGI,Triigi,Triigi,EE,74,AA,5836N 02243E,
EETIL,Tilgu,Tilgu,EE,37,AA,5927N 02429E,
EETJA,Turja Sadam,Turja Sadam,EE,74,AA,5820N 02256E,
EETJS,Tori Jõesadam,Tori Joesadam,EE,74,AA,5815N 02228E,
EETLL,Tallinn,Tallinn,EE,37,AI,5926N 02444E,
EETLT,Tuletorni,Tuletorni,EE,39,AA,5847N 02246E,
EETLV,Talvesadam,Talvesadam,EE,68,AA,5823N 02430E,
EETMA,Tärkma,Tarkma,EE,39,AA,5841N 02236E,
EETMN,Tammneeme Sadam,Tammneeme Sadam,EE,37,AA,5931N 02453E,
EETOI,Toila,Toila,EE,45,RL,5926N 02732E,
EETPL,Tapurla,Tapurla,EE,37,AA,5936N 02534E,
EETRE,Treimani,Treimani,EE,68,AA,5755N 02423E,
EETRU,Turusadam,Turusadam,EE,79,AA,5822N 02644E,
EETRV,Tarvastu,Tarvastu,EE,84,AA,5815N 02558E,
EEUIS,Uisusadam,Uisusadam,EE,74,AA,5833N 02305E,
EEURE,Kuressaare,Kuressaare,EE,74,AI,5815N 02230E,
EEURG,Ürgoru Paadisadam,Urgoru Paadisadam,EE,79,AA,5822N 02659E,
EEVAN,Vanasadam,Vanasadam,EE,37,AA,5927N 02446E,
EEVAR,Värssu,Varssu,EE,39,AA,5856N 02257E,
EEVDU,Võidu,Voidu,EE,68,AA,5819N 02401E,
EEVEB,Vene-Balti,Vene-Balti,EE,37,AI,5927N 02439E,
EEVEE,Veere,Veere,EE,74,AA,5828N 02203E,
EEVER,Vergi,Vergi,EE,60,AA,5836N 02606E,
EEVIK,Vikati Sadam,Vikati Sadam,EE,74,AA,5822N 02152E,
EEVIN,Viinistu Sadam,Viinistu Sadam,EE,37,AA,5939N 02545E,
EEVIR,Virtsu,Virtsu,EE,56,AA,5835N 02331E,
EEVIS,Virtsu Kalasadam,Virtsu Kalasadam,EE,56,AA,5835N 02331E,
EEVLR,Valmeranna,Valmeranna,EE,74,AA,5830N 02314E,
EEVNA,Vasknarva,Vasknarva,EE,45,AA,5900N 02744E,
EEVNJ,Varnja Sadam,Varnja Sadam,EE,79,AA,5829N 02715E,
EEVOI,Võiste,Voiste,EE,68,AA,5813N 02428E,
EEVOK,Võõpsu Külasadam,Voopsu Kulasadam,EE,87,AA,5804N 02733E,
EEVOP,Võõpsu,Voopsu,EE,64,AA,5805N 02733E,
EEVOS,Võsu,Vosu,EE,60,RL,5935N 02558E,
EEVPA,Vahtrepa Sadam,Vahtrepa Sadam,EE,39,RL,5853N 02301E,
EEVPS,Varbla Puhkeküla,Varbla Puhkekula,EE,68,RL,5826N 02341E,
EEVRA,Värska Sadam,Varska Sadam,EE,87,AA,5757N 02737E,
EEVRI,Värati,Varati,EE,68,AA,5819N 02359E,
EEVRK,Võrkaia,Vorkaia,EE,74,AA,5841N 02312E,
EEVRS,Varese Sadam,Varese Sadam,EE,74,RL,5835N 02224E,
EEVSG,Vana-Sauga Sadam,Vana-Sauga Sadam,EE,68,AA,5823N 02429E,
EEVTR,Väike-Turu,Vaike-Turu,EE,79,AA,5823N 02644E,
EEVUS,Vasknarva Uussadam,Vasknarva Uussadam,EE,45,AA,5901N 02744E,
EEVVM,Veere Vanasadam,Veere Vanasadam,EE,74,AA,5828N 02203E,
EEVVN,Vasknarva Paadisadam,Vasknarva Paadisadam,EE,45,AA,5900N 02744E,
EEVVS,Virtsu Vanasadam,Virtsu Vanasadam,EE,56,AA,5835N 02334E,
EEWJS,Westmeri Jahisadam,Westmeri Jahisadam,EE,56,AA,5858N 02332E,
EEWST,Westmeri,Westmeri,EE,56,AA,5858N 02331E,
EGADA,Al Adabiyah,Al Adabiyah,EG,,RL,2952N 03228E,
EGAGN,Abu Ghosoun,Abu Ghosoun,EG,,AA,2427N 03512E,
EGAIS,Ain Sukhna,Ain Sukhna,EG,,RL,,
EGAKI,Abu Kir,Abu Kir,EG,,RL,,
EGALY,El Iskandariya (Alexandria),El Iskandariya (Alexandria),EG,ALX,AI,3111N 02955E,
EGAQU,Al Qusayr,Al Qusayr,EG,BA,RL,2606N 03417E,
EGARY,Al Amriyah,Al Amriyah,EG,KFS,AS,3135N 03058E,
EGAUE,Abu Rudeis,Abu Rudeis,EG,,AI,,
EGAZA,Abu Zenimah,Abu Zenimah,EG,JS,RL,2903N 03306E,
EGBGB,Atakka Dry Port,Atakka Dry Port,EG,SUZ,RL,3206N 03300E,
EGDAM,Dumyat (Damietta),Dumyat (Damietta),EG,,RL,3125N 03149E,
EGDOM,Dome Marina,Dome Marina,EG,SUZ,AA,2926N 03229E,
EGEDK,El Dekheila,El Dekheila,EG,,RL,,
EGEPP,Marsa Egyptian Propylene & Polypropylene,Marsa Egyptian Propylene & Polypropylene,EG,PTS,AA,3118N 03209E,
EGGAL,Galala Marina,Galala Marina,EG,SUZ,AA,2928N 03226E,
EGGEI,Geisum Terminal,Geisum Terminal,EG,,RL,,
EGGLB,Port Ghalib,Port Ghalib,EG,BA,AA,2532N 03438E,
EGGUA,El-Guna (El Gouna),El-Guna (El Gouna),EG,BA,RL,2723N 03340E,
EGHAM,Hamrawein,Hamrawein,EG,,RL,,
EGHRG,Hurghada,Hurghada,EG,,AI,,
EGIKU,Idku,Idku,EG,,RL,3118N 03018E,
EGMAH,Mersa El Hamra,Mersa El Hamra,EG,,QQ,,
EGMEA,Porto Marina El Alamein,Porto Marina El Alamein,EG,MT,AA,3049N 02859E,
EGNUW,Nuwaiba,Nuwaiba,EG,JS,AI,2858N 03439E,
EGOPT,Marsa Oriental Petrochemicals,Marsa Oriental Petrochemicals,EG,SUZ,AA,2941N 03221E,
EGPIB,Port Ibrahim,Port Ibrahim,EG,,QQ,,
EGPSD,Port Said,Port Said,EG,,AI,,
EGPSE,Port Said East,Port Said East,EG,SUZ,AA,3113N 03221E,
EGPTK,Port Tewfik,Port Tewfik,EG,,QQ,,
EGRAB,Ras Budran,Ras Budran,EG,,RL,2856N 03307E,
EGRAG,Ras Gharib,Ras Gharib,EG,,QQ,,
EGRSH,Ras Shukheir,Ras Shukheir,EG,,QQ,,
EGRSU,Ras Sudr,Ras Sudr,EG,,RL,2936N 03240E,
EGSBY,Soma Bay Marina,Soma Bay Marina,EG,BA,AA,2651N 03359E,
EGSGA,Safaga,Safaga,EG,,QQ,,
EGSIN,South Sinai (Ganoub Sinai),South Sinai (Ganoub Sinai),EG,SUZ,RL,2952N 03360E,
EGSOK,Sokhna Port,Sokhna Port,EG,,RL,2939N 03221E,
EGSSH,Sharm ash Shaykh,Sharm ash Shaykh,EG,JS,AI,2752N 03417E,
EGSUZ,As Suways (Suez),As Suways (Suez),EG,SUZ,RL,2958N 03231E,
EGTOR,El Tor,El Tor,EG,SIN,RL,2814N 03337E,
EGWAF,Wadi Feiran,Wadi Feiran,EG,,QQ,,
EHEAI,Ejbei Uad el Aabd,Ejbei Uad el Aabd,EH,,RL,2709N 01312W,
ERASA,Assab,Assab,ER,DK,AI,1300N 04244E,
ERMSW,Massawa (Mitsiwa),Massawa (Mitsiwa),ER,SK,AI,1536N 03927E,
ES2BL,Lloseta,Lloseta,ES,PM,RL,3943N 00252E,
ES2TT,Ametlla,Ametlla,ES,T,AA,4134N 00115E,
ES2VA,Vallecillo,Vallecillo,ES,LE,AA,4221N 00512W,
ES4SS,Santurtz,Santurtz,ES,BI,RL,4319N 00301W,
ES8TC,Rejected,Rejected,ES,MU,RL,3728N 00049W,
ESAAQ,Santiago del Campo,Santiago del Campo,ES,CC,RL,3938N 00622W,
ESAAW,Sa Canal,Sa Canal,ES,PM,AA,3850N 00123E,
ESABH,Abanto,Abanto,ES,,RL,4319N 00430W,
ESACA,Alcanar,Alcanar,ES,T,RL,4033N 00029E,
ESACE,Lanzarote,Lanzarote,ES,GC,AI,2858N 01332W,
ESACH,Aceuchal,Aceuchal,ES,BA,RL,,
ESAD6,Nuevo Baztán,Nuevo Baztan,ES,M,RL,4022N 00315W,
ESADR,Adra,Adra,ES,,RL,3645N 00301W,
ESADS,Alameda de La Sagra,Alameda de La Sagra,ES,TO,RL,,
ESADT,Alcaudete de la Jaya,Alcaudete de la Jaya,ES,,RL,3947N 00452W,
ESAGA,Agaete,Agaete,ES,GC,AA,2807N 01542W,
ESAGD,La Guardia,La Guardia,ES,PO,RL,4154N 00853W,
ESAGG,Argelaguer,Argelaguer,ES,GI,RL,4213N 00239E,
ESAGP,Málaga,Malaga,ES,MA,AI,3643N 00425W,
ESAGU,Aguilas,Aguilas,ES,,RL,3724N 00135W,
ESALA,Villarreal de Álava,Villarreal de Alava,ES,VI,RL,4259N 00238W,
ESALC,Alicante,Alicante,ES,,AI,,
ESALG,Algeciras,Algeciras,ES,,AI,,
ESALT,Algorta,Algorta,ES,BI,RL,4321N 00301W,
ESALX,Almendricos,Almendricos,ES,MU,RL,3728N 00147W,
ESAMP,Ampuero,Ampuero,ES,,RL,4321N 00325W,
ESAMX,Almorox,Almorox,ES,,RL,4014N 00423W,
ESARI,Arguineguin,Arguineguin,ES,,RL,,
ESARN,Arenys de Mar,Arenys de Mar,ES,,RL,,
ESARZ,Allaríz,Allariz,ES,,RL,4211N 00748W,
ESAS8,Cabueñes,Cabuenes,ES,O,RL,4331N 00536W,
ESASL,Andosilla,Andosilla,ES,,RL,4223N 00157W,
ESATO,El Astillero,El Astillero,ES,,RL,4324N 00349W,
ESATQ,Ataquines,Ataquines,ES,,RL,4111N 00448W,
ESAVS,Aviles,Aviles,ES,,AI,,
ESAXO,A Baiuca,A Baiuca,ES,,RL,4318N 00830W,
ESAYA,Ayamonte,Ayamonte,ES,,AI,,
ESAYR,Ayora,Ayora,ES,,RL,3904N 00103W,
ESB8C,Bacáicoa,Bacaicoa,ES,NA,RL,4253N 00206W,
ESBAT,La Batlloria,La Batlloria,ES,B,RL,4143N 00233E,
ESBBJ,Breña Baja,Brena Baja,ES,,RL,2838N 01745W,
ESBCN,Barcelona,Barcelona,ES,,AI,,
ESBDA,Benegida,Benegida,ES,,RL,3904N 00033W,
ESBDF,Barbate,Barbate,ES,CA,AI,3611N 00555W,
ESBDP,Banyeres del Penedes,Banyeres del Penedes,ES,T,RL,4106N 00131E,
ESBEM,Benidorm,Benidorm,ES,,RN,,
ESBGG,Berlanga,Berlanga,ES,BA,RL,3817N 00549W,
ESBGJ,Berguenda,Berguenda,ES,VI,RL,4247N 00303W,
ESBIO,Bilbao,Bilbao,ES,BI,AI,4315N 00258W,
ESBLA,Blanes,Blanes,ES,,RL,,
ESBLR,Begur,Begur,ES,GI,RL,4157N 00312E,
ESBMO,Benimodo,Benimodo,ES,V,RL,3913N 00031W,
ESBOA,Boadilla del Monte,Boadilla del Monte,ES,M,RL,,
ESBOS,Burgo de Osma,Burgo de Osma,ES,SO,RL,4134N 00304W,
ESBPM,Porreras,Porreras,ES,PM,RL,3931N 00300E,
ESBRL,Burela,Burela,ES,,RL,,
ESBRM,Bermeo,Bermeo,ES,BI,AI,4326N 00243W,
ESBRX,Burriana,Burriana,ES,,AI,,
ESBS3,Binissalem,Binissalem,ES,PM,RL,3941N 00250E,
ESBSL,Bermiyo Sallago,Bermiyo Sallago,ES,,RL,4122N 00606W,
ESBU3,Benicull,Benicull,ES,V,RL,3911N 00023W,
ESBVN,Buenavista del Norte,Buenavista del Norte,ES,TF,AA,2822N 01654W,
ESC9A,Calles,Calles,ES,V,RL,3944N 00058W,
ESCAD,Cadiz,Cadiz,ES,,AI,,
ESCAQ,Riudecanyes,Riudecanyes,ES,T,RL,4107N 00057E,
ESCAR,Cartagena,Cartagena,ES,MU,AA,3736N 00059W,
ESCAS,Castellón de la Plana,Castellon de la Plana,ES,V,AI,3959N 00002W,
ESCBD,Cambados,Cambados,ES,,AI,,
ESCBL,Cambrils,Cambrils,ES,T,RL,4104N 00104E,
ESCBP,Cabo de Palos,Cabo de Palos,ES,MU,RL,3738N 00041W,
ESCBS,Cala Sabina,Cala Sabina,ES,,AI,,
ESCBZ,Cabezuela,Cabezuela,ES,,AI,,
ESCC7,Escorca,Escorca,ES,PM,RL,3949N 00251E,
ESCCN,Corcubión,Corcubion,ES,,AI,4257N 00911W,
ESCCX,Carcaixent,Carcaixent,ES,,RL,3904N 00024W,
ESCDI,Carrizal,Carrizal,ES,,RL,2754N 01524W,
ESCDK,Las Casas de Alcanar,Las Casas de Alcanar,ES,T,AA,4033N 00032E,
ESCED,Cedeira,Cedeira,ES,A,RL,4339N 00803W,
ESCEE,Cee,Cee,ES,,RL,,
ESCEL,Celeiró,Celeiro,ES,,AI,4242N 00703W,
ESCES,Capellades,Capellades,ES,B,RL,4132N 00142E,
ESCEU,Ceuta,Ceuta,ES,,AI,,
ESCFL,Casillas Flores,Casillas Flores,ES,SA,RL,4023N 00645W,
ESCGE,Calonge,Calonge,ES,GI,RL,4152N 00305E,
ESCGG,Campllong,Campllong,ES,GI,RL,4153N 00249E,
ESCGR,Consuegra,Consuegra,ES,,RL,3928N 00336W,
ESCHR,Caleta de Sebo,Caleta de Sebo,ES,GC,RL,2914N 01330W,
ESCHZ,Puebla de Sancho Pérez,Puebla de Sancho Perez,ES,BA,RL,3824N 00624W,
ESCIV,Ciervana,Ciervana,ES,BI,RL,,
ESCJE,Costa Adeje,Costa Adeje,ES,TF,RL,2804N 01645W,
ESCNO,Cariño,Carino,ES,C,AI,4345N 00752W,
ESCOI,Catoira,Catoira,ES,PO,RL,4240N 00843W,
ESCPA,Campoamor,Campoamor,ES,A,RL,3754N 00045W,
ESCPL,Campanillas,Campanillas,ES,,RL,3643N 00432W,
ESCQU,Carranque,Carranque,ES,TO,RL,4010N 00354W,
ESCRG,Cabo Roig,Cabo Roig,ES,A,RL,3755N 00044W,
ESCRI,Cierbena,Cierbena,ES,AB,RL,,
ESCRP,Carpio Tajo,Carpio Tajo,ES,,RL,3953N 00427W,
ESCRS,Carboneras,Carboneras,ES,AL,AI,3659N 00153W,
ESCSN,Cisneros,Cisneros,ES,P,RL,4213N 00451W,
ESCSO,Castropol,Castropol,ES,O,RL,4332N 00702W,
ESCUD,Cuarte de Huerva,Cuarte de Huerva,ES,Z,RL,4135N 00055W,
ESCUR,Castro-Urdiales,Castro-Urdiales,ES,S,RL,4323N 00313W,
ESCUT,Morro del Jable,Morro del Jable,ES,GC,RL,2803N 01420W,
ESCVJ,Victoria de Acentejo,Victoria de Acentejo,ES,A,RL,,
ESCZT,Camarzana Tera,Camarzana Tera,ES,,RL,4200N 00601W,
ESDAG,Dos Aguas,Dos Aguas,ES,V,RL,3917N 00048W,
ESDBA,Deba,Deba,ES,SS,RL,4318N 00221W,
ESDBO,Playa Den Bossa,Playa Den Bossa,ES,PM,RL,3853N 00125E,
ESDEJ,Valdetorres de Jarama,Valdetorres de Jarama,ES,M,RL,4042N 00330W,
ESDGS,Villandangos,Villandangos,ES,A,RL,,
ESDNA,Denia,Denia,ES,,AI,,
ESDRI,Derio,Derio,ES,,RL,,
ESEAS,San Sebastian,San Sebastian,ES,,AI,,
ESEBO,Cebolla,Cebolla,ES,,RL,3957N 00434W,
ESECT,El Casar de Talamanca,El Casar de Talamanca,ES,GU,RL,4042N 00326W,
ESEDL,Estadilla,Estadilla,ES,HU,RL,4203N 00015E,
ESEGR,Grove,Grove,ES,PO,RL,4230N 00852W,
ESEJC,Ejea de los Caballeros,Ejea de los Caballeros,ES,,RL,4207N 00108W,
ESEKZ,Eskoriatza,Eskoriatza,ES,SS,RL,,
ESELV,Elvillar,Elvillar,ES,VI,RL,4234N 02032W,
ESEMP,Empuriabrava,Empuriabrava,ES,GI,RL,4215N 00308E,
ESENG,Enguera,Enguera,ES,,RL,3859N 00041W,
ESENT,Entoma,Entoma,ES,OR,RL,,
ESEOO,El Pedernoso,El Pedernoso,ES,CU,RL,3929N 00245W,
ESESC,Escombreras,Escombreras,ES,,RL,,
ESETH,Huete,Huete,ES,CU,RL,4008N 00241W,
ESEUG,Santa Eugenia,Santa Eugenia,ES,C,RL,4233N 00900W,
ESEWE,Fuenterrabía,Fuenterrabia,ES,SS,AA,4322N 00147W,
ESEZC,Ezcaray,Ezcaray,ES,,RL,4219N 00301W,
ESFAL,Fuente-Álamo,Fuente-Alamo,ES,AB,RL,3842N 00126W,
ESFLD,Formentera Island,Formentera Island,ES,,RL,3839N 00135E,
ESFNC,La Font den Carros,La Font den Carros,ES,,RL,3855N 00010W,
ESFRA,Frades,Frades,ES,C,RL,4303N 00817W,
ESFRM,Fermoselle,Fermoselle,ES,,RL,4119N 00623W,
ESFRO,Ferrol,Ferrol,ES,C,AI,4329N 00815W,
ESFSL,Fuensalida,Fuensalida,ES,,RL,4003N 00412W,
ESFUE,Puerto del Rosario-Fuerteventura,Puerto del Rosario-Fuerteventura,ES,,AI,,
ESGAN,Gandía,Gandia,ES,V,AI,3858N 00011W,
ESGAR,Garrucha,Garrucha,ES,,AI,,
ESGCR,Santa Maria de Guia de Gran Canaria,Santa Maria de Guia de Gran Canaria,ES,GC,RL,,
ESGCS,El Grao,El Grao,ES,CS,RL,3958N 00001E,
ESGDL,Godella,Godella,ES,V,RL,,
ESGDM,Salvaterra de Mino,Salvaterra de Mino,ES,,RL,,
ESGDR,Grajal de Ribera,Grajal de Ribera,ES,LE,RL,4211N 00537W,
ESGGA,Garriguella,Garriguella,ES,GI,RL,4220N 00304E,
ESGIJ,Gijón,Gijon,ES,O,AI,4332N 00540W,
ESGLE,La Escala (L'Escala),La Escala (L'Escala),ES,GI,AI,4207N 00308E,
ESGND,Puerto de Granadilla,Puerto de Granadilla,ES,TF,RL,2803N 01629W,
ESGRC,Garachico,Garachico,ES,TF,RL,2822N 01645W,
ESGRT,Lagartera,Lagartera,ES,,RL,3954N 00512W,
ESGRY,Grao,Grao,ES,,QQ,,
ESGTL,Gran Tarajal,Gran Tarajal,ES,GC,RL,2812N 01401W,
ESGTX,Getxo,Getxo,ES,,RL,4332N 00301W,
ESGU6,Fontanar,Fontanar,ES,GU,RL,4044N 00310W,
ESGVA,Cigales,Cigales,ES,VA,RL,4146N 00442W,
ESGYA,Granyanella,Granyanella,ES,L,RL,4140N 00113E,
ESHDA,Horta de Avinyo,Horta de Avinyo,ES,B,RL,,
ESHDD,Hinojosa del Duque,Hinojosa del Duque,ES,CO,RL,3830N 00509W,
ESHHU,Castillazuelo,Castillazuelo,ES,HU,RL,4204N 00040E,
ESHIE,Puerto de la Estaca,Puerto de la Estaca,ES,,RL,2747N 01754W,
ESHIG,Higuera la Real,Higuera la Real,ES,BA,RL,3808N 00641W,
ESHLL,Hormilla,Hormilla,ES,LO,RL,4226N 00246W,
ESHSN,Hermisende,Hermisende,ES,,RL,4158N 00653W,
ESHTY,Hontanaya,Hontanaya,ES,CU,RL,3944N 00250W,
ESHUR,Humilladero,Humilladero,ES,MA,RL,,
ESHUV,Huelva,Huelva,ES,,AI,,
ESHVC,Sanxenxo,Sanxenxo,ES,PO,RL,4224N 00848W,
ESIAS,Camariñas,Camarinas,ES,C,AI,4307N 00910W,
ESIBZ,Ibiza,Ibiza,ES,PM,AI,3854N 00126E,
ESITE,Belchite,Belchite,ES,,RL,4118N 00045W,
ESITR,Iturriotz,Iturriotz,ES,SS,RL,,
ESIUA,Iurreta,Iurreta,ES,BI,RL,4310N 00238W,
ESJAV,Jávea,Javea,ES,A,RL,3847N 00010E,
ESJON,Burujon,Burujon,ES,,RL,3954N 00418W,
ESJRM,San Julián de Ramis,San Julian de Ramis,ES,GI,RL,4201N 00251E,
ESJUE,Guijuelo,Guijuelo,ES,SA,RL,4033N 00540W,
ESKLL,La Ametlla de Mar,La Ametlla de Mar,ES,T,AI,4054N 00048E,
ESL4O,Lodoso,Lodoso,ES,BU,AA,4226N 00349W,
ESLAN,Lanciego,Lanciego,ES,AV,RL,,
ESLAP,Lapuebla de Labarca,Lapuebla de Labarca,ES,,RL,4230N 00234W,
ESLAX,Lage,Lage,ES,C,RL,4313N 00900W,
ESLCG,La Coruña (A Coruña),La Coruna (A Coruna),ES,C,AI,4322N 00823W,
ESLCR,Los Cristianos,Los Cristianos,ES,,AI,,
ESLE6,Torrente,Torrente,ES,V,RL,3926N 00028W,
ESLEC,Lecumberri,Lecumberri,ES,NA,RL,4300N 00153W,
ESLEI,Almería,Almeria,ES,AL,AI,3650N 00227W,
ESLEK,Lekeitio,Lekeitio,ES,,AI,,
ESLEL,Calella,Calella,ES,B,AA,4137N 00240E,
ESLES,La Estaca,La Estaca,ES,,AI,,
ESLGC,La Graciosa,La Graciosa,ES,GC,RL,2913N 01330W,
ESLGU,Legutiano,Legutiano,ES,,RL,4258N 00238W,
ESLIT,Lizartza,Lizartza,ES,SS,RL,4319N 00159W,
ESLIU,San Felíu de Buxalleu,San Feliu de Buxalleu,ES,GI,RL,4147N 00235E,
ESLJO,La Llagosta,La Llagosta,ES,,RL,,
ESLLO,Lloret de Mar,Lloret de Mar,ES,GI,RL,4142N 00251E,
ESLMN,La Minosa,La Minosa,ES,GU,RL,,
ESLPA,Las Palmas de Gran Canaria,Las Palmas de Gran Canaria,ES,GC,AI,2806N 01525W,
ESLPC,Puebla del Caramiñal,Puebla del Caraminal,ES,C,AI,4236N 00856W,
ESLPF,La Poble de Farnals,La Poble de Farnals,ES,,RL,3935N 00140W,
ESLRT,La Restinga,La Restinga,ES,TF,RL,2737N 01759W,
ESLSD,Los Santos de la Humosa,Los Santos de la Humosa,ES,M,RL,,
ESLSI,Los Silos,Los Silos,ES,,RL,,
ESLSL,La Seu d'Urgell,La Seu d'Urgell,ES,,RL,4222N 00127E,
ESLTV,Moral de Calatrava,Moral de Calatrava,ES,CR,RL,3850N 00335W,
ESLUQ,Luque,Luque,ES,CO,RL,,
ESLZR,La Zarza,La Zarza,ES,BA,RL,3849N 00613W,
ESM8M,San Mames De Meruelo,San Mames De Meruelo,ES,S,RL,4327N 00334W,
ESM8U,Mourente,Mourente,ES,LU,RL,4334N 00716W,
ESMAH,"Mahón, Menorca","Mahon, Menorca",ES,PM,AI,3953N 00415E,
ESMAI,Malpica (Malpica de Bergantiños),Malpica (Malpica de Bergantinos),ES,C,RL,4319N 00848W,
ESMAT,La Matanza,La Matanza,ES,MU,RL,,
ESMBY,Mombuey,Mombuey,ES,,RL,4202N 00620W,
ESMCZ,Mozoncillo,Mozoncillo,ES,SG,RL,4109N 00411W,
ESMEC,Meco,Meco,ES,M,RL,,
ESMED,El Medano,El Medano,ES,GC,AA,2802N 01632W,
ESMET,Miguel Esteban,Miguel Esteban,ES,,RL,3931N 00305W,
ESMGA,Mugia,Mugia,ES,C,RL,4306N 00913W,
ESMGN,Magan,Magan,ES,,RL,3957N 00355W,
ESMGR,Mugardos,Mugardos,ES,C,RL,4328N 00815W,
ESMIA,Mesia,Mesia,ES,C,RL,4306N 00816W,
ESMIC,Miraclamp,Miraclamp,ES,L,RL,4136N 00052E,
ESMIR,Miramar,Miramar,ES,,RL,3857N 00000W,
ESMIX,Miranda de Ebro,Miranda de Ebro,ES,,RL,4241N 00257W,
ESMLJ,Murillo de Río Leza,Murillo de Rio Leza,ES,LO,RL,4224N 00219W,
ESMLN,Melilla,Melilla,ES,ML,AI,3519N 00253W,
ESMLO,Maliaño,Maliano,ES,,RL,4325N 00350W,
ESMMA,Malgrat de Mar,Malgrat de Mar,ES,,RL,4139N 00245E,
ESMNF,Montefrio,Montefrio,ES,GR,RL,3719N 00401W,
ESMOA,Moaña,Moana,ES,PO,AI,4217N 00844W,
ESMOG,Mogarraz,Mogarraz,ES,SA,RL,4029N 00603W,
ESMOI,Montiel,Montiel,ES,CR,RL,3842N 00252W,
ESMOJ,Mojácar,Mojacar,ES,,RL,3709N 00151W,
ESMOT,Motril,Motril,ES,,AI,,
ESMPG,"Marin, Pontevedra","Marin, Pontevedra",ES,,AI,,
ESMQU,Mascaraque,Mascaraque,ES,TO,RL,3943N 00349W,
ESMRJ,Madridejos,Madridejos,ES,TO,RL,3928N 00332W,
ESMRN,Maracena,Maracena,ES,,RL,3712N 00338W,
ESMRS,Muros,Muros,ES,,RL,,
ESMSN,Masnou,Masnou,ES,,RL,4129N 00219E,
ESMTC,Montblanc,Montblanc,ES,,RL,4123N 00110E,
ESMTQ,Montesquiu,Montesquiu,ES,,RL,4206N 00212E,
ESMTU,Motrico (Mutriku),Motrico (Mutriku),ES,SS,AI,4318N 00223W,
ESMUN,Munguía,Munguia,ES,,RL,4321N 00250W,
ESMUS,Musel-Arnao,Musel-Arnao,ES,O,RL,4334N 00542W,
ESNAA,Ayegui,Ayegui,ES,NA,RL,4239N 00202W,
ESNBL,Noblejas,Noblejas,ES,,RL,3959N 00326W,
ESNCA,Inca,Inca,ES,PM,RL,3943N 00254E,
ESNCO,Coristanco,Coristanco,ES,C,RL,4312N 00845W,
ESNDD,Las Noras de Daza,Las Noras de Daza,ES,AL,RL,3645N 00244W,
ESNJE,Nájera,Najera,ES,LO,RL,4225N 00244W,
ESNLL,Santa Olalla,Santa Olalla,ES,TO,RL,4001N 00426W,
ESNNN,Bunuiel,Bunuiel,ES,A,RL,,
ESNRA,Salinas De Pamplona,Salinas De Pamplona,ES,NA,RL,4245N 00139W,
ESNRT,Monserrat,Monserrat,ES,,RL,3922N 00036W,
ESNTR,Mentrida,Mentrida,ES,,RL,4014N 00411W,
ESNVS,Noves,Noves,ES,TO,RL,,
ESOLY,Olias del Rey,Olias del Rey,ES,,RL,3957N 00358W,
ESOLZ,Olazagutía,Olazagutia,ES,,RL,4252N 00212W,
ESOMR,Mora,Mora,ES,,RL,3940N 00346W,
ESOND,Ondárroa,Ondarroa,ES,BI,AI,4319N 00225W,
ESONS,Obanos,Obanos,ES,,RL,4241N 00147W,
ESOOP,Cadaqués,Cadaques,ES,GI,AI,4217N 00317E,
ESORJ,Órjiva,Orjiva,ES,GR,RL,3654N 00325W,
ESOSR,Oroso,Oroso,ES,C,RL,4259N 00826W,
ESOTG,Ortigueira,Ortigueira,ES,C,RL,4340N 00751W,
ESOTO,Rotova,Rotova,ES,V,RL,3856N 00015W,
ESOUT,Outes,Outes,ES,C,AA,4251N 00854W,
ESOZL,Orzola,Orzola,ES,GC,RL,2913N 01327W,
ESPAF,Pajara Fuerteventura,Pajara Fuerteventura,ES,A,RL,,
ESPAL,Palamós,Palamos,ES,,AI,4151N 00308E,
ESPAN,Pantoja,Pantoja,ES,,RL,4003N 00350W,
ESPAS,Pasajes,Pasajes,ES,,AI,,
ESPAZ,Pilar de la Horadada,Pilar de la Horadada,ES,A,RL,,
ESPBU,Pancorbo,Pancorbo,ES,BU,RL,4238N 00306W,
ESPCN,Picassent,Picassent,ES,,RL,3921N 00027W,
ESPCO,Puerto Colom,Puerto Colom,ES,,AA,,
ESPD3,Puerto de la Selva,Puerto de la Selva,ES,,RL,4220N 00312E,
ESPDS,Puerto de Sagunto,Puerto de Sagunto,ES,V,RL,3939N 00013W,
ESPET,Petra,Petra,ES,PM,RL,3937N 00306E,
ESPEV,Pontevedra,Pontevedra,ES,,RL,,
ESPGU,Puerto de Guimar,Puerto de Guimar,ES,TF,RL,2818N 01622W,
ESPIT,Pitillas,Pitillas,ES,NA,RL,4225N 00137W,
ESPJC,Poliña Jucar,Polina Jucar,ES,,RL,3912N 00022W,
ESPLC,Polanco,Polanco,ES,S,RL,,
ESPLI,Playa Ingles,Playa Ingles,ES,GC,RL,2746N 01535W,
ESPMI,Palma de Mallorca,Palma de Mallorca,ES,,AI,3934N 00238E,
ESPNY,Sant Antoni de Portmany,Sant Antoni de Portmany,ES,,RL,3859N 00118E,
ESPOR,Portugalete,Portugalete,ES,,RL,,
ESPPS,Puerto de Playa de Santiago,Puerto de Playa de Santiago,ES,TF,RL,2802N 01712W,
ESPRE,Puerto Calero,Puerto Calero,ES,GC,RL,2855N 01342W,
ESPRG,Puig-reig,Puig-reig,ES,,RL,4159N 00152E,
ESPRO,Puerto Rosario,Puerto Rosario,ES,GC,RL,2830N 01352W,
ESPRT,Portosin,Portosin,ES,C,RL,4246N 00857W,
ESPSJ,Playa San Juan,Playa San Juan,ES,TF,RL,2810N 01648W,
ESPSL,Posada de Llanera,Posada de Llanera,ES,LU,RL,4326N 00551W,
ESPSM,Puerto de Santa Maria,Puerto de Santa Maria,ES,,AI,,
ESPSO,Pola de Siero,Pola de Siero,ES,O,RL,4324N 00539W,
ESPTM,Puertomarin,Puertomarin,ES,LU,RL,4248N 00737W,
ESPTN,Son (Puerto del Son),Son (Puerto del Son),ES,C,AA,4241N 00901W,
ESPUC,Puerto del Carmen,Puerto del Carmen,ES,GC,RL,2855N 01340W,
ESPVA,Puras,Puras,ES,VA,RL,4111N 00439W,
ESPVG,Puerto de Vega,Puerto de Vega,ES,O,RL,4334N 00638W,
ESQFU,Corralejo,Corralejo,ES,,AI,,
ESQIS,Quismondo,Quismondo,ES,,RL,4006N 00419W,
ESQIU,Ciudadela,Ciudadela,ES,,AI,,
ESQLY,Playa Blanca,Playa Blanca,ES,,AI,,
ESRA5,Rajadell,Rajadell,ES,B,RL,4143N 00142E,
ESRAL,Sarral,Sarral,ES,T,RL,4126N 00114E,
ESRBI,Ribeira (Santa Uxia),Ribeira (Santa Uxia),ES,,RL,4233N 00900W,
ESRBS,Ribadesella,Ribadesella,ES,,RL,,
ESRDA,Alcala del Rio,Alcala del Rio,ES,SE,RL,3731N 00558W,
ESRDE,Rubielos de Mora,Rubielos de Mora,ES,TE,RL,4011N 00039W,
ESRDP,Renedo de Pielago,Renedo de Pielago,ES,S,RL,,
ESREG,Rioseco de Guriezo,Rioseco de Guriezo,ES,S,RL,,
ESRES,Casar de Cáceres,Casar de Caceres,ES,CC,RL,3934N 00625W,
ESRIB,Ribadeo,Ribadeo,ES,,AI,,
ESROM,El Rompido,El Rompido,ES,H,RL,3713N 00707W,
ESRON,Lantaron,Lantaron,ES,S,RL,,
ESROS,Rosas,Rosas,ES,,RL,,
ESROT,Rota,Rota,ES,,AI,,
ESRPL,Ripoll,Ripoll,ES,,RL,4212N 00211E,
ESRRS,Ferreras,Ferreras,ES,,RL,4154N 00611W,
ESRTA,Rentería,Renteria,ES,SS,RL,4319N 00154W,
ESRUE,Rueda,Rueda,ES,,RL,4125N 00457W,
ESRUM,Santo Angel,Santo Angel,ES,MU,RL,3756N 00107W,
ESRUZ,Puerto de la Cruz,Puerto de la Cruz,ES,TF,RL,2825N 01633W,
ESS8C,Santervas De Campos,Santervas De Campos,ES,VA,RL,4213N 00506W,
ESS9S,Salinas de Oro,Salinas de Oro,ES,NA,RL,4247N 00153W,
ESSAA,San Antonio,San Antonio,ES,,AI,,
ESSAD,Sada,Sada,ES,,AI,,
ESSAG,Sagunto,Sagunto,ES,V,AI,3941N 00016W,
ESSAP,San Pedro Pescador,San Pedro Pescador,ES,GI,RL,4211N 00305E,
ESSAS,San Asensio,San Asensio,ES,,RL,4230N 00245W,
ESSAT,Salinetas,Salinetas,ES,,RL,,
ESSBT,San Bartolomé de Tirajana,San Bartolome de Tirajana,ES,GC,AI,2900N 01336W,
ESSCI,San Ciprian,San Ciprian,ES,,AI,,
ESSCR,San Carlos de la Rápita,San Carlos de la Rapita,ES,T,AI,4037N 00036E,
ESSCT,Santa Cruz de Tenerife,Santa Cruz de Tenerife,ES,,AI,,
ESSDG,Sallent de Gallego,Sallent de Gallego,ES,HU,RL,4246N 00020W,
ESSDR,Santander,Santander,ES,,AI,,
ESSEO,San Esteban de Pravia,San Esteban de Pravia,ES,,AI,,
ESSER,Serra,Serra,ES,V,RL,3941N 00026W,
ESSEW,Seña,Sena,ES,S,RL,,
ESSFL,Sant Feliu de Llobregat,Sant Feliu de Llobregat,ES,,RL,4123N 00203E,
ESSFO,San Fernando,San Fernando,ES,CA,RL,3628N 00612W,
ESSFU,Sant Feliu de Guixols,Sant Feliu de Guixols,ES,GI,AI,4147N 00302E,
ESSGD,Santa Agueda,Santa Agueda,ES,,RL,3810N 00047W,
ESSGT,San Agustin,San Agustin,ES,,RL,2746N 01628W,
ESSID,San Isidro de Dueñas,San Isidro de Duenas,ES,P,RL,,
ESSIO,Casasimarro,Casasimarro,ES,CU,RL,3922N 00202W,
ESSIS,Sils,Sils,ES,GI,RL,4148N 00245E,
ESSIT,Sitges,Sitges,ES,B,RL,4114N 00150E,
ESSJ2,Sant Jordi,Sant Jordi,ES,PM,AA,3933N 00246E,
ESSJN,San Juan de Nivea,San Juan de Nivea,ES,,RL,,
ESSJO,Sant Joan Despí,Sant Joan Despi,ES,,RL,4122N 00204E,
ESSL4,Sant Lluís,Sant Lluis,ES,PM,RL,3950N 00415E,
ESSL8,Sobradelo,Sobradelo,ES,PO,RL,4235N 00847W,
ESSMD,Sant Miquel de Fluvià,Sant Miquel de Fluvia,ES,GI,RL,4210N 00259E,
ESSNR,Santurce,Santurce,ES,BI,RL,4320N 00302W,
ESSO8,San Miguel Del Arroyo,San Miguel Del Arroyo,ES,VA,RL,4126N 00427W,
ESSOL,El Port,El Port,ES,PM,RL,3946N 00242E,
ESSOV,Sollana,Sollana,ES,V,RL,,
ESSP4,Sanguineda,Sanguineda,ES,PO,RL,4211N 00838W,
ESSPC,Santa Cruz de La Palma,Santa Cruz de La Palma,ES,GC,AI,2841N 01746W,
ESSPO,Santa Pola,Santa Pola,ES,,AI,,
ESSPP,San Pedro del Pinatar,San Pedro del Pinatar,ES,,AI,,
ESSPQ,San Pedro Ceque,San Pedro Ceque,ES,ZA,RL,4303N 00604W,
ESSRH,San Román de Hornija,San Roman de Hornija,ES,VA,RL,4129N 00517W,
ESSSG,San Sebastian de la Gomera,San Sebastian de la Gomera,ES,,AI,,
ESSTE,Santa Eulalia del Río,Santa Eulalia del Rio,ES,PM,RL,3859N 00131E,
ESSUM,Sumarcarcer,Sumarcarcer,ES,,RL,3906N 00038E,
ESSUR,Santa Úrsula,Santa Ursula,ES,TF,RL,2825N 01628W,
ESSVB,San Vicente de la Barquera,San Vicente de la Barquera,ES,S,AI,4323N 00423W,
ESSVI,San Vicente,San Vicente,ES,OR,RL,4227N 00704W,
ESSVQ,Sevilla,Sevilla,ES,,AI,,
ESSXX,Sangenjo,Sangenjo,ES,PO,AA,4224N 00849W,
ESTAL,El Tarajal,El Tarajal,ES,CO,RL,,
ESTAR,Tarragona,Tarragona,ES,,AI,,
ESTAZ,Tazacorte,Tazacorte,ES,TF,RL,2838N 01756W,
ESTBR,Tabara,Tabara,ES,ZA,RL,4149N 00557W,
ESTBZ,Tabuenca,Tabuenca,ES,Z,RL,4142N 00133W,
ESTDC,Trobajo del Cerecedo,Trobajo del Cerecedo,ES,LE,RL,4234N 00535W,
ESTDY,Tordoya,Tordoya,ES,C,RL,4306N 00834W,
ESTEM,Tembleque,Tembleque,ES,TO,RL,,
ESTG2,Les Borges del Camp,Les Borges del Camp,ES,T,RL,4110N 00101E,
ESTHO,Torre Horadada,Torre Horadada,ES,A,RL,3752N 00045W,
ESTJF,Tijarafe,Tijarafe,ES,TF,RL,2842N 01757W,
ESTJI,La Tejita,La Tejita,ES,,AA,,
ESTJQ,Tejina,Tejina,ES,TF,RL,2832N 01621W,
ESTKG,Tossa (Tossa de Mar),Tossa (Tossa de Mar),ES,GI,AA,4143N 00256E,
ESTMS,Torre de Miguel Sesmero,Torre de Miguel Sesmero,ES,BA,RL,,
ESTO9,Palomeque,Palomeque,ES,TO,RL,4007N 00357W,
ESTOR,Torrevieja,Torrevieja,ES,,AI,,
ESTOT,Tortosa,Tortosa,ES,,RL,,
ESTRE,Trebujena,Trebujena,ES,CA,RL,3652N 00610W,
ESTRF,Tarifa,Tarifa,ES,CA,AI,,
ESTRR,Torredembarra,Torredembarra,ES,T,RL,4109N 00124E,
ESTRU,Trubia,Trubia,ES,O,RL,4330N 00544W,
ESTRY,Real de Montroy,Real de Montroy,ES,,RL,3920N 00036W,
ESTT2,La Selva del Camp,La Selva del Camp,ES,T,RL,4112N 00108E,
ESTTO,Treto,Treto,ES,,RL,,
ESTVC,Tornavacas,Tornavacas,ES,CC,RL,4015N 00541W,
ESUCC,Belmonte,Belmonte,ES,CU,RL,3934N 00242W,
ESUIS,Ucieda,Ucieda,ES,S,RL,4315N 00414W,
ESUNY,Avinyó,Avinyo,ES,B,RL,4152N 00158E,
ESURI,Llauri,Llauri,ES,,RL,3909N 00020W,
ESURZ,Urroz,Urroz,ES,,RL,4247N 00127W,
ESV7N,Vidania,Vidania,ES,SS,RL,4308N 00209W,
ESV8C,San Cristobal de Entrevinas,San Cristobal de Entrevinas,ES,ZA,RL,4203N 00538W,
ESV8M,Villasana De Mena,Villasana De Mena,ES,BU,RL,4306N 00317W,
ESVBN,Villabona,Villabona,ES,SS,RL,4311N 00203W,
ESVCC,Vallcarca,Vallcarca,ES,B,RL,4114N 00152E,
ESVEZ,Rossburgh,Rossburgh,ES,CL,RL,,
ESVGO,Vigo,Vigo,ES,,AI,,
ESVGR,Valle Gran Rey,Valle Gran Rey,ES,,AA,,
ESVIL,Villagarcía de Arosa,Villagarcia de Arosa,ES,PO,AI,4236N 00845W,
ESVIT,Vitoria-Gasteiz,Vitoria-Gasteiz,ES,,RL,4251N 00240W,
ESVIV,Viveiro,Viveiro,ES,LU,RL,4340N 00736W,
ESVJO,Valera de Abajo,Valera de Abajo,ES,CU,RL,3946N 00209W,
ESVLC,Valencia,Valencia,ES,,AI,,
ESVLG,Villanueva y Geltrú (Vilanova i la Geltrú),Villanueva y Geltru (Vilanova i la Geltru),ES,B,RL,4113N 00144E,
ESVVR,Vivares,Vivares,ES,EX,RL,,
ESVZM,Vizmalo,Vizmalo,ES,BU,RL,4210N 00406W,
ESVZO,Vimianzo,Vimianzo,ES,C,RL,4307N 00902W,
ESVZR,Vinaroz,Vinaroz,ES,,AI,,
ESZ8N,Zalain,Zalain,ES,NA,RL,4317N 00142W,
ESZ8R,Echarri-Aranaz,Echarri-Aranaz,ES,NA,RL,4254N 00204W,
ESZAZ,Zaragoza,Zaragoza,ES,,AI,,
ESZMF,Sauzal,Sauzal,ES,TF,AA,2828N 01625W,
ESZUE,Zuera,Zuera,ES,,RL,4152N 00047W,
ESZZ4,Villaflor,Villaflor,ES,ZA,RL,4135N 00559W,
FIAHL,Alholmen,Alholmen,FI,,RL,6342N 02242E,
FIAJO,Ajos,Ajos,FI,,RL,6540N 02434E,
FIAKK,Asikkala,Asikkala,FI,04,RL,6203N 02826E,
FIBAR,Baronsalmi,Baronsalmi,FI,,RL,5958N 02352E,
FIBRA,Brändö,Brando,FI,01,AF,6025N 02103E,
FIBRO,Bromarv,Bromarv,FI,18,RL,5959N 02302E,
FIDEG,Degerby,Degerby,FI,18,RL,6006N 02411E,
FIDLS,Dalsbruk (Taalintehdas),Dalsbruk (Taalintehdas),FI,19,AI,6001N 02231E,Taalintehdas (Dalsbruk)
FIDRA,Dragsfjärd,Dragsfjard,FI,19,AF,6004N 02228E,
FIECK,Eckerö,Eckero,FI,01,AC,6013N 01937E,
FIEJO,Eurajoki (Euraåminne),Eurajoki (Euraaminne),FI,17,AI,6112N 02144E,Euraåminne (Eurajoki)
FIEM2,Elämäjärvi,Elamajarvi,FI,08,RL,6329N 02540E,
FIENK,Enonkoski,Enonkoski,FI,04,AF,6205N 02855E,
FIESP,Esbo (Espoo),Esbo (Espoo),FI,18,AI,6012N 02439E,Espoo (Esbo)
FIFAR,Färjsundet,Farjsundet,FI,01,AI,6014N 02001E,
FIFOG,Föglö,Foglo,FI,01,AF,6001N 02025E,
FIFOR,Förby,Forby,FI,19,AF,,
FIGDB,Gottby (Godby),Gottby (Godby),FI,01,AF,6008N 01950E,
FIGUL,Gullö,Gullo,FI,18,AF,5957N 02325E,
FIHAK,Hakkola,Hakkola,FI,03,RL,6223N 02243E,
FIHAL,Halonen,Halonen,FI,10,RL,6641N 02730E,
FIHAO,Hailuoto,Hailuoto,FI,14,AF,6500N 02450E,
FIHAR,Harvaluoto,Harvaluoto,FI,01,RL,6022N 02028E,
FIHAU,Haukipudas,Haukipudas,FI,14,AF,,
FIHEL,Helsingfors (Helsinki),Helsingfors (Helsinki),FI,18,AI,,Helsinki
FIHIM,Himanka,Himanka,FI,,RL,6404N 02339E,
FIHIT,Hiitinen,Hiitinen,FI,,RL,5953N 02230E,
FIHKO,Hangö (Hanko),Hango (Hanko),FI,18,AI,,Hanko (Hangö)
FIHMA,Himankakylä,Himankakyla,FI,07,RL,6410N 02342E,
FIHMN,Fredrikshamn (Hamina),Fredrikshamn (Hamina),FI,09,AI,6034N 02712E,Hamina (Fredrikshamn)
FIHOG,Högsåra,Hogsara,FI,19,RL,5957N 02222E,
FIHOU,Houtskari (Houtskär),Houtskari (Houtskar),FI,19,AI,6013N 02123E,Houtskär (Houtskari)
FIHVM,Hirvensalmi,Hirvensalmi,FI,,RL,6138N 02648E,
FIIIS,Idensalmi (Iisalmi),Idensalmi (Iisalmi),FI,15,AC,6333N 02711E,Iisalmi (Idensalmi)
FIIMA,Imatra,Imatra,FI,02,AC,6110N 02845E,
FIINI,Iniö,Inio,FI,19,AF,6024N 02124E,
FIINK,Ingå (Inkoo),Inga (Inkoo),FI,18,AI,,Inkoo (Ingå)
FIISN,Isnäs,Isnas,FI,18,AF,,
FIJAN,Janakkala,Janakkala,FI,06,RL,6054N 02436E,
FIJOE,Joensuu,Joensuu,FI,13,AC,6236N 02946E,
FIJOU,Joutseno,Joutseno,FI,02,AF,6106N 02829E,
FIJUK,Juuka,Juuka,FI,13,RL,6314N 02915E,
FIJUS,Jussaro,Jussaro,FI,,RL,5949N 02334E,
FIJYV,Jyväskylä,Jyvaskyla,FI,08,AC,6215N 02544E,
FIKAN,Kantlax (Kaitalahti),Kantlax (Kaitalahti),FI,12,RL,6145N 02343E,
FIKAS,Kaskinen (Kaskö),Kaskinen (Kasko),FI,19,AI,6037N 02153E,Kaskö (Kaskinen)
FIKEM,Kemi/Torneå (Kemi/Tornio),Kemi/Tornea (Kemi/Tornio),FI,10,AI,6544N 02434E,Kemi/Tornio (Kemi/Torneå)
FIKES,Kesälahti,Kesalahti,FI,13,RL,6153N 02950E,
FIKIM,Kemiö (Kimito),Kemio (Kimito),FI,19,AI,6010N 02245E,Kimito (Kemiö)
FIKIR,Kirkniemi,Kirkniemi,FI,18,RL,6010N 02357E,
FIKJO,Kalajoki,Kalajoki,FI,14,AF,6415N 02357E,
FIKK5,Kalliola,Kalliola,FI,04,RL,6105N 02538E,
FIKKR,Kökar,Kokar,FI,01,AF,5956N 02053E,
FIKKV,Koskenkorva,Koskenkorva,FI,03,RL,6241N 02228E,
FIKLA,Klamila,Klamila,FI,09,RL,6031N 02728E,
FIKLV,Kallviken,Kallviken,FI,,RL,6022N 02627E,
FIKNT,Kantvik,Kantvik,FI,18,AF,6005N 02423E,
FIKOJ,Kojonkulma,Kojonkulma,FI,19,RL,6057N 02259E,
FIKOK,Karleby (Kokkola),Karleby (Kokkola),FI,07,AI,6350N 02307E,Kokkola (Karleby)
FIKOR,Korpo (Korppoo),Korpo (Korppoo),FI,19,AI,6010N 02134E,Korppoo (Korpo)
FIKPL,Kaipola,Kaipola,FI,04,RL,6149N 02513E,
FIKRO,Kronvik,Kronvik,FI,12,AF,6304N 02131E,
FIKRS,Kristiinankaupunki (Kristinestad),Kristiinankaupunki (Kristinestad),FI,12,AI,6217N 02123E,Kristinestad (Kristiinankaupunki)
FIKSN,Kasnäs,Kasnas,FI,19,AA,5955N 02224E,
FIKTK,Kotka,Kotka,FI,09,AC,6028N 02655E,
FIKTQ,Kitee,Kitee,FI,13,AF,6206N 03007E,
FIKUM,Kumlinge,Kumlinge,FI,01,AF,6016N 02047E,
FIKUO,Kuopio,Kuopio,FI,15,AC,6253N 02741E,
FIKUR,Kuru,Kuru,FI,11,RL,6152N 02344E,
FIKUS,Gustavs (Kustavi),Gustavs (Kustavi),FI,19,AI,,Kustavi (Gustavs)
FIKVH,Koverhaara (Koverhar),Koverhaara (Koverhar),FI,18,AI,5952N 02313E,Koverhar (Koverhaara)
FILAK,Lakulahti,Lakulahti,FI,,RL,6031N 02710E,
FILAN,Långnäs,Langnas,FI,01,AC,,
FILAP,Lappohja (Lappvik),Lappohja (Lappvik),FI,18,AI,5954N 02315E,Lappvik (Lappohja)
FILHO,Halosenlahti,Halosenlahti,FI,,RL,6514N 02519E,
FILLO,Lapaluoto,Lapaluoto,FI,14,RL,6440N 02426E,
FILLX,Lielax,Lielax,FI,19,RL,6019N 02224E,
FILOV,Loviisa (Lovisa),Loviisa (Lovisa),FI,18,AI,6027N 02614E,Lovisa (Loviisa)
FILPJ,Lappajärvi,Lappajarvi,FI,,RL,6312N 02338E,
FILPP,Lappeenranta (Villmanstrand),Lappeenranta (Villmanstrand),FI,02,AC,6103N 02811E,Villmanstrand (Lappeenranta)
FILSK,Lindkoski,Lindkoski,FI,18,RL,6038N 02616E,
FILUA,Luumäki,Luumaki,FI,02,RL,6055N 02740E,
FILUK,Laukaa,Laukaa,FI,08,RL,6225N 02557E,
FILUV,Luvia,Luvia,FI,17,AF,6121N 02137E,
FILVB,Lövböle,Lovbole,FI,19,RL,6009N 02233E,
FIMAA,Maaninka,Maaninka,FI,15,AF,6309N 02718E,
FIMER,Merikarvia (Sastmola),Merikarvia (Sastmola),FI,17,AF,6151N 02130E,Sastmola (Merikarvia)
FIMHQ,Maarianhamina (Mariehamn),Maarianhamina (Mariehamn),FI,01,AI,6006N 01957E,Mariehamn (Maarianhamina)
FIMIK,Mikkeli (Sankt Michel),Mikkeli (Sankt Michel),FI,04,AC,6141N 02716E,Sankt Michel (Mikkeli)
FIMRS,Marsund,Marsund,FI,01,RL,6012N 01942E,
FIMTY,Mäntyluoto,Mantyluoto,FI,17,RL,6135N 02129E,
FIMUL,Multia,Multia,FI,08,RL,6225N 02447E,
FIMUN,Munsala,Munsala,FI,12,RL,6329N 02220E,
FIMUS,Mustola,Mustola,FI,02,RL,6104N 02818E,
FINAU,Nagu (Nauvo),Nagu (Nauvo),FI,19,AI,6011N 02155E,Nauvo (Nagu)
FINLI,Naantali (Nådendal),Naantali (Nadendal),FI,19,AI,6027N 02202E,Nådendal (Naantali)
FINLS,Nilsia,Nilsia,FI,15,RL,6312N 02850E,
FINOU,Nousiainen (Nousis),Nousiainen (Nousis),FI,19,RL,6036N 02205E,
FINUR,Nurmes,Nurmes,FI,13,AF,6332N 02910E,
FIOLK,Olkiluoto,Olkiluoto,FI,17,RL,6114N 02129E,
FIOUL,Oulu (Uleåborg),Oulu (Uleaborg),FI,14,AI,6501N 02528E,Uleåborg (Oulu)
FIPAA,Parola,Parola,FI,06,RL,6102N 02421E,
FIPAH,Parhalahti,Parhalahti,FI,14,RL,6429N 02420E,
FIPAR,Parainen (Pargas),Parainen (Pargas),FI,19,AI,6018N 02218E,Pargas (Parainen)
FIPER,Pernaja (Pernå),Pernaja (Perna),FI,18,AI,6027N 02603E,Pernå (Pernaja)
FIPK9,Piikkiö,Piikkio,FI,19,RL,6026N 02231E,
FIPNL,Pennala,Pennala,FI,13,RL,,
FIPOH,Pohjankuru (Skuru),Pohjankuru (Skuru),FI,18,AF,6007N 02333E,Skuru (Pohjankuru)
FIPOR,Björneborg (Pori),Bjorneborg (Pori),FI,17,AI,6129N 02148E,Pori (Björneborg)
FIPRK,Parikkala,Parikkala,FI,02,RL,6133N 02930E,
FIPRS,Jakobstad (Pietarsaari),Jakobstad (Pietarsaari),FI,12,AI,6341N 02247E,Pietarsaari (Jakobstad)
FIPRV,Borgå (Porvoo),Borga (Porvoo),FI,18,AI,6024N 02540E,Porvoo (Borgå)
FIPSI,Poitsila,Poitsila,FI,09,RL,6033N 02710E,
FIPT2,Pihtipudas,Pihtipudas,FI,08,RL,6323N 02534E,
FIPUH,Puhos,Puhos,FI,13,RL,6206N 02955E,
FIPUU,Puumala,Puumala,FI,04,AF,,
FIRAA,Brahestad (Raahe),Brahestad (Raahe),FI,14,AI,6441N 02429E,Raahe (Brahestad)
FIRAU,Rauma (Raumo),Rauma (Raumo),FI,17,AC,6108N 02130E,Raumo (Rauma)
FIREP,Reposaari,Reposaari,FI,,RL,6137N 02127E,
FIRHU,Rouhu,Rouhu,FI,,RL,6032N 02140E,
FIRIS,Ristiina,Ristiina,FI,04,AF,6130N 02716E,
FIROY,Röyttä,Roytta,FI,,RL,6545N 02410E,
FIRTR,Rautaruukki,Rautaruukki,FI,14,AF,6439N 02425E,
FIRUI,Ruovesi,Ruovesi,FI,11,RL,6159N 02405E,
FIRUO,Ruotsinpyhtää (Strömfors),Ruotsinpyhtaa (Stromfors),FI,18,AF,6032N 02627E,Strömfors (Ruotsinpyhtää)
FIRVN,Rovaniemi,Rovaniemi,FI,10,AC,6630N 02543E,
FIRYM,Rimito (Rymättylä),Rimito (Rymattyla),FI,19,AF,6022N 02157E,Rymättylä (Rimito)
FISAL,Salo,Salo,FI,19,AF,,
FISAN,Sandö (Santasaari),Sando (Santasaari),FI,19,RL,6013N 02230E,
FISAR,Finby (Särkisalo),Finby (Sarkisalo),FI,18,QQ,6006N 02256E,
FISBG,Suomenlinna (Sveaborg),Suomenlinna (Sveaborg),FI,18,RL,6008N 02459E,Sveaborg (Suomenlinna)
FISII,Siilinjärvi,Siilinjarvi,FI,15,AF,6305N 02740E,
FISIP,Sibbo (Sipoo),Sibbo (Sipoo),FI,18,AI,6022N 02516E,Sipoo (Sibbo)
FISKB,Skogby,Skogby,FI,18,AF,,
FISKI,Skinnarvik,Skinnarvik,FI,19,RL,6008N 02228E,
FISKU,Skutviken,Skutviken,FI,,RL,5956N 02323E,
FISKV,Kilpilahti (Sköldvik),Kilpilahti (Skoldvik),FI,18,AI,6018N 02533E,Sköldvik (Kilpilahti)
FISLY,Siltakylä (Broby),Siltakyla (Broby),FI,09,RL,6030N 02645E,
FISMA,Summa,Summa,FI,09,RL,6032N 02707E,
FISNA,Snappertuna,Snappertuna,FI,18,RL,6000N 02339E,
FISSI,Särkisalmi,Sarkisalmi,FI,02,RL,6136N 02929E,
FISTR,Strömma,Stromma,FI,19,AF,,
FISUL,Sunila,Sunila,FI,09,RL,6029N 02657E,
FISVK,Sulkava,Sulkava,FI,18,RL,6045N 02512E,
FISVL,Nyslott (Savonlinna),Nyslott (Savonlinna),FI,04,AC,6152N 02854E,Savonlinna (Nyslott)
FITAI,Ekenäs (Tammisaari),Ekenas (Tammisaari),FI,18,AI,5958N 02326E,Tammisaari (Ekenäs)
FITEI,Teijo,Teijo,FI,19,AF,,
FITES,Tessvär,Tessvar,FI,19,RL,6003N 02254E,
FITHK,Tahkoluoto,Tahkoluoto,FI,,RL,6138N 02125E,
FITJO,Tessjö (Tesjoki),Tessjo (Tesjoki),FI,18,RL,6028N 02619E,
FITKU,Turku (Åbo),Turku (Abo),FI,19,AI,6027N 02217E,Åbo (Turku)
FITMP,Tammerfors (Tampere),Tammerfors (Tampere),FI,17,AF,6130N 02345E,Tampere (Tammerfors)
FITOJ,Töjby,Tojby,FI,12,RL,6239N 02110E,
FITOK,Tolkis (Tolkkinen),Tolkis (Tolkkinen),FI,18,AI,6020N 02535E,Tolkkinen (Tolkis)
FITOR,Torneå (Tornio),Tornea (Tornio),FI,10,AI,6551N 02411E,Tornio (Torneå)
FITOT,Tottesund,Tottesund,FI,12,RL,6314N 02203E,
FITSD,Tervsund,Tervsund,FI,,RL,6015N 02219E,
FITVA,Tvärminne,Tvarminne,FI,18,RL,5950N 02311E,
FITVS,Taivassalo (Tövsala),Taivassalo (Tovsala),FI,19,AI,6034N 02136E,Tövsala (Taivassalo)
FIUIM,Uimaharju,Uimaharju,FI,13,AF,6254N 03014E,
FIUKI,Nystad (Uusikaupunki),Nystad (Uusikaupunki),FI,19,AI,6048N 02125E,Uusikaupunki (Nystad)
FIUKP,Nykarleby (Uusikaarlepyy),Nykarleby (Uusikaarlepyy),FI,12,AI,6332N 02232E,Uusikaarlepyy (Nykarleby)
FIULV,Ulvila,Ulvila,FI,17,RL,6126N 02153E,
FIUSK,Uskila,Uskila,FI,11,RL,6114N 02415E,
FIUUS,Uusi-Valamo/Heinävesi,Uusi-Valamo/Heinavesi,FI,04,RL,,
FIVAA,Vaasa (Vasa),Vaasa (Vasa),FI,12,AI,6306N 02136E,Vasa (Vaasa)
FIVAR,Vartsala,Vartsala,FI,19,RL,6020N 02300E,
FIVAS,Vestlax,Vestlax,FI,19,RL,6005N 02246E,
FIVEI,Veitsiluoto,Veitsiluoto,FI,10,RL,6541N 02438E,
FIVEL,Velkua,Velkua,FI,19,AF,6028N 02140E,
FIVIR,Varpuniemi (Kello),Varpuniemi (Kello),FI,10,RL,6405N 02824E,
FIVJK,Varjakka,Varjakka,FI,14,RL,6454N 02508E,
FIVKO,Valko (Valkom),Valko (Valkom),FI,18,AC,,Valkom (Valko)
FIVKT,Vuoksen Terminal,Vuoksen Terminal,FI,02,RL,6113N 02849E,
FIVRA,Virrat (Virdois),Virrat (Virdois),FI,11,RL,6214N 02345E,
FIVRK,Varkaus,Varkaus,FI,15,AC,6219N 02754E,
FIVSS,Vuosaari (Nordsjö),Vuosaari (Nordsjo),FI,18,RL,6013N 02511E,
FIVTF,Västanfjärd,Vastanfjard,FI,19,RL,6003N 02239E,
FIWAS,Vasklot (Vaskiluoto),Vasklot (Vaskiluoto),FI,12,RL,6306N 02134E,
FIYXP,Yxpila,Yxpila,FI,,RL,6350N 02302E,
FIZBQ,Perttula,Perttula,FI,18,RL,6027N 02442E,
FJDEN,Denarau,Denarau,FJ,11,RL,1746S 17723E,
FJELL,Ellington Wharf,Ellington Wharf,FJ,,RL,1721S 17813E,
FJLBS,Labasa,Labasa,FJ,07,RL,1625S 17923E,
FJLTK,Lautoka,Lautoka,FJ,01,RL,1737S 17727E,
FJMAL,Malau (Labasa),Malau (Labasa),FJ,,RL,1622S 17923E,
FJMOM,Momi,Momi,FJ,,RL,1755S 17717E,
FJNAM,Nambouwalu,Nambouwalu,FJ,,RL,1659S 17842E,
FJRTA,Rotuma,Rotuma,FJ,,AI,,
FJSIN,Singatoka,Singatoka,FJ,,RL,1810S 17731E,
FJSUV,Suva,Suva,FJ,12,AI,1808S 17827E,
FJSVU,Savusavu,Savusavu,FJ,,AI,,
FJVAT,Vatia Wharf,Vatia Wharf,FJ,,RL,1724S 17746E,
FJVUD,Vuda,Vuda,FJ,,RL,1736S 17730E,
FJWAI,Wairiki,Wairiki,FJ,,RL,1655S 17840E,
FKFBE,Fox Bay,Fox Bay,FK,,AI,,
FKPSY,Port Stanley,Port Stanley,FK,,AI,,
FMEAU,Eauripik Atoll,Eauripik Atoll,FM,YAP,RL,0642N 14304E,
FMFSI,Faisi,Faisi,FM,,QQ,,
FMGAF,Gaferut Atoll,Gaferut Atoll,FM,YAP,RL,0914N 14523E,
FMIFA,Ifalik Atoll,Ifalik Atoll,FM,YAP,RL,0714N 14427E,
FMKSA,Kosrae (ex Kusaie),Kosrae (ex Kusaie),FM,,AI,,
FMLUK,Lukunor Atoll,Lukunor Atoll,FM,TRK,RL,0531N 15346E,
FMNGA,Ngatik,Ngatik,FM,PNI,RL,0548N 15716E,
FMPLW,Puluwat,Puluwat,FM,TRK,RL,0721N 14911E,
FMPNI,Pohnpei (ex Ponape),Pohnpei (ex Ponape),FM,,AI,,
FMPUL,Pulap Island,Pulap Island,FM,TRK,RL,0735N 14925E,
FMSAT,Satawal,Satawal,FM,YAP,RL,0721N 14702E,
FMSOR,Sorol Atoll,Sorol Atoll,FM,YAP,RL,0808N 14023E,
FMTKK,Chuuk (ex Truk),Chuuk (ex Truk),FM,,AI,,
FMWOL,Woleai Atoll,Woleai Atoll,FM,YAP,RL,0721N 14352E,
FMYAP,Yap,Yap,FM,,AI,,
FOEDI,Eidi,Eidi,FO,,RL,6218N 00705W,
FOFUG,Fuglafjørdur,Fuglafjordur,FO,,RL,,
FOHUS,Husevig,Husevig,FO,,RL,,
FOHYV,Hoyvik,Hoyvik,FO,,RL,6202N 00645W,
FOKOL,Kollafjördur,Kollafjordur,FO,,RL,6207N 00653W,
FOKVI,Klaksvik,Klaksvik,FO,,RL,,
FOLOP,Lopra,Lopra,FO,,RL,,
FONLS,Nólsoy,Nolsoy,FO,,RL,6201N 00640W,
FONSK,Norÿskáli,Noryskali,FO,,RL,6213N 00700W,
FORVK,Runavík,Runavik,FO,,RL,6207N 00643W,
FOSJO,Sjovar havn,Sjovar havn,FO,,RL,6206N 00645W,
FOSKA,Skáli,Skali,FO,,RL,6209N 00646W,
FOSMJ,Solmundefjord,Solmundefjord,FO,,RL,,
FOSRV,Sorvágur,Sorvagur,FO,,RL,6204N 00718W,
FOSTR,Strendur,Strendur,FO,,RL,6207N 00645W,
FOSYN,Streymnes,Streymnes,FO,,RL,6212N 00701W,
FOTHO,Thorshavn,Thorshavn,FO,,RL,6201N 00646W,
FOTOF,Toftir,Toftir,FO,,RL,6206N 00644W,
FOTOR,Tórshavn,Torshavn,FO,,RL,6210N 06460W,
FOTVO,Tvoroyri,Tvoroyri,FO,,RL,6133N 00648W,
FOVAG,Vágur,Vagur,FO,,RL,6128N 00649W,
FOVES,Vestmanhavn,Vestmanhavn,FO,,RL,,
FOVID,Vadair,Vadair,FO,,RL,,
FR33G,Plassac,Plassac,FR,33,RL,4506N 00039W,
FR3CG,Bessan,Bessan,FR,34,RL,4322N 00325E,
FR43H,Olonzac,Olonzac,FR,34,RL,4317N 00243E,
FR4MM,Malestroit,Malestroit,FR,56,AA,4749N 00223W,
FR4PS,Plessé,Plesse,FR,44,RL,4732N 00153W,
FR4S4,Saint-André-de-la-Roche,Saint-Andre-de-la-Roche,FR,06,RL,4344N 00717E,
FR4VA,Villesèquelande,Villesequelande,FR,11,RL,4314N 00214E,
FR5EP,Épervans,Epervans,FR,71,RL,4645N 00454E,
FR5TB,Saint-Trojan-les-Bains,Saint-Trojan-les-Bains,FR,17,AA,4550N 00112W,
FR69R,Chasselay,Chasselay,FR,69,RL,4552N 00447E,
FR8AY,Uzemain,Uzemain,FR,88,RL,4805N 00621E,
FR8GT,Guitalens-l'Albarède,Guitalens-l'Albarede,FR,81,AA,4339N 00203E,
FR8LV,Landunvez,Landunvez,FR,29,RL,4832N 00444W,
FR9AV,Vadencourt,Vadencourt,FR,02,AA,4956N 00334E,
FR9DS,Dieue-Sur-Meuse,Dieue-Sur-Meuse,FR,55,RL,4904N 00525E,
FR9SS,Ressons-le-Long,Ressons-le-Long,FR,02,RL,4923N 00309E,
FRA84,Aubais,Aubais,FR,30,RL,4345N 00009E,
FRA86,Achery,Achery,FR,02,RL,4941N 00323E,
FRAA2,Asnelles,Asnelles,FR,14,AA,4920N 00035W,
FRAAH,Apach,Apach,FR,57,RL,4927N 00622E,
FRAAI,Bouliac,Bouliac,FR,33,RL,4449N 00031W,
FRAAO,Aramon,Aramon,FR,30,RL,4354N 00440E,
FRABA,Rabastens,Rabastens,FR,81,RL,4349N 00144E,
FRABB,Abbeville,Abbeville,FR,80,AF,5006N 00150E,
FRAD5,Tourouzelle,Tourouzelle,FR,11,RL,4315N 00244E,
FRADB,Andernos-les-Bains,Andernos-les-Bains,FR,33,RL,4444N 00106W,
FRAEO,Auvers-sur-Oise,Auvers-sur-Oise,FR,95,RL,4904N 00211E,
FRAGF,Agen,Agen,FR,47,AF,4412N 00037E,
FRAGK,Le Cap-d'Agde,Le Cap-d'Agde,FR,34,RL,4317N 00331E,
FRAIQ,Audruicq,Audruicq,FR,62,RL,5052N 00204E,
FRAJA,Ajaccio,Ajaccio,FR,2A,AF,4156N 00844E,
FRAJK,Brasles,Brasles,FR,02,RL,4903N 00326E,
FRAJR,Argeliers,Argeliers,FR,11,RL,4318N 00254E,
FRAMI,Amiens,Amiens,FR,80,AF,4954N 00218E,
FRAMS,Ambès,Ambes,FR,33,RL,4500N 00032W,
FRANO,Langon,Langon,FR,33,AA,4433N 00015W,
FRANT,Antibes,Antibes,FR,06,AF,4335N 00707E,
FRAO7,Chardonnay,Chardonnay,FR,71,RL,4630N 00452E,
FRAQS,Asnières-sur-Seine,Asnieres-sur-Seine,FR,92,RL,4855N 00217E,
FRAQX,Redessan,Redessan,FR,30,RL,4350N 00430E,
FRARC,Arcachon,Arcachon,FR,33,AF,4439N 00111W,
FRARD,Ardres,Ardres,FR,62,RL,5051N 00159E,
FRARJ,Puyricard,Puyricard,FR,13,RL,4350N 00525E,
FRARR,Arras,Arras,FR,62,AF,5017N 00247E,
FRAUD,Audierne,Audierne,FR,29,AF,4801N 00434W,
FRAUF,Auxerre,Auxerre,FR,89,AF,4748N 00334E,
FRAVN,Avignon,Avignon,FR,84,AF,4357N 00448E,
FRAWS,Aiserey,Aiserey,FR,21,RL,4710N 00510E,
FRAXY,Argancy,Argancy,FR,57,RL,4912N 00612E,
FRAYT,Aytré,Aytre,FR,17,RL,4608N 00106W,
FRAYW,Ay,Ay,FR,51,RL,4903N 00400E,
FRB6P,Beaumont-de-Pertuis,Beaumont-de-Pertuis,FR,84,AA,4344N 00542E,
FRBAI,Indre,Indre,FR,44,RL,4712N 00140W,
FRBAS,Bassens,Bassens,FR,33,AF,4454N 00031W,
FRBAU,Boucau,Boucau,FR,64,AF,4331N 00129W,
FRBAV,Bavilliers,Bavilliers,FR,90,RL,4737N 00650E,
FRBAY,Bayonne,Bayonne,FR,64,AF,4330N 00129W,
FRBBB,Val d'Oust,Val d'Oust,FR,56,RL,4751N 00227W,
FRBCA,Beaucaire,Beaucaire,FR,30,RL,4348N 00438E,
FRBCJ,Le Barcarès,Le Barcares,FR,66,RL,4247N 00302E,
FRBCQ,Boissettes,Boissettes,FR,77,RL,4831N 00237E,
FRBDD,Bidart,Bidart,FR,64,RL,4326N 00134W,
FRBEP,Brazey-en-Plaine,Brazey-en-Plaine,FR,21,RL,4708N 00513E,
FRBES,Brest,Brest,FR,29,AF,4824N 00429W,
FRBET,Béthune,Bethune,FR,62,AF,5032N 00238E,
FRBEV,Berville-sur-Mer,Berville-sur-Mer,FR,27,AF,4926N 00022E,
FRBFT,Botans,Botans,FR,90,RL,4736N 00651E,
FRBG2,Saint-Bonnet-sur-Gironde,Saint-Bonnet-sur-Gironde,FR,17,RL,4521N 00040W,
FRBG6,Hiers-Brouage,Hiers-Brouage,FR,17,AA,4551N 00104W,
FRBH4,Bourcefranc-le-Chapus,Bourcefranc-le-Chapus,FR,17,RL,4551N 00109W,
FRBHC,Bouchain,Bouchain,FR,59,RL,5017N 00319E,
FRBIA,Bastia,Bastia,FR,2B,AF,4242N 00927E,
FRBIQ,Biarritz,Biarritz,FR,64,AF,4329N 00133W,
FRBKD,Roquefort-des-Corbières,Roquefort-des-Corbieres,FR,11,RL,4259N 00257E,
FRBLD,Bar-le-Duc,Bar-le-Duc,FR,55,AF,4847N 00510E,
FRBLF,Balaruc-les-Bains,Balaruc-les-Bains,FR,34,RL,4327N 00341E,
FRBM3,La Beaumette,La Beaumette,FR,06,RL,4409N 00654E,
FRBM7,Bernières-sur-Mer,Bernieres-sur-Mer,FR,14,AA,4920N 00025W,
FRBM8,Bricqueville-sur-Mer,Bricqueville-sur-Mer,FR,50,AA,4855N 00131W,
FRBMT,Beaumont-sur-Oise,Beaumont-sur-Oise,FR,95,RL,4908N 00218E,
FRBN2,Binic,Binic,FR,22,AA,4836N 00250W,
FRBN4,Le Bonhomme,Le Bonhomme,FR,85,AA,4658N 00214W,
FRBOD,Bordeaux,Bordeaux,FR,33,AF,4450N 00035W,
FRBOI,Bouguenais,Bouguenais,FR,44,RL,4711N 00137W,
FRBOL,Boulogne-sur-Mer,Boulogne-sur-Mer,FR,62,AF,5043N 00137E,
FRBON,Bonifacio,Bonifacio,FR,2A,AF,4123N 00910E,
FRBPS,Blénod-lès-Pont-à-Mousson,Blenod-les-Pont-a-Mousson,FR,54,RL,4853N 00603E,
FRBQA,Bauvin,Bauvin,FR,59,RL,5031N 00254E,
FRBQH,La Bussière-sur-Ouche,La Bussiere-sur-Ouche,FR,21,RL,4713N 00443E,
FRBQT,Brebotte,Brebotte,FR,90,RL,4735N 00658E,
FRBR5,La Barbotière,La Barbotiere,FR,33,AA,4438N 00104W,
FRBRQ,Brebières,Brebieres,FR,62,RL,5020N 00301E,
FRBSC,Bonsecours,Bonsecours,FR,76,AI,4926N 00108E,
FRBSM,Bonneuil-sur-Marne,Bonneuil-sur-Marne,FR,94,RL,4846N 00229E,
FRBSN,Besançon,Besancon,FR,25,AF,4715N 00602E,
FRBTU,Betton,Betton,FR,35,RL,4810N 00138W,
FRBXO,Bollène,Bollene,FR,84,RL,4417N 00444E,
FRBYE,Blaye,Blaye,FR,33,AF,4508N 00040W,
FRC26,Chanos-Curson,Chanos-Curson,FR,26,RL,4504N 00455E,
FRC2H,Chausey,Chausey,FR,50,AA,4850N 00136W,
FRC2P,Capo Pertusato,Capo Pertusato,FR,2A,RL,4122N 00911E,
FRCA2,Cuxac-d'Aude,Cuxac-d'Aude,FR,11,RL,4315N 00300E,
FRCAW,Cabourg,Cabourg,FR,14,RL,4917N 00007W,
FRCBT,Capbreton,Capbreton,FR,40,RL,4338N 00126W,
FRCC4,Chassey-le-Camp,Chassey-le-Camp,FR,71,RL,4653N 00442E,
FRCCK,Cantois,Cantois,FR,33,RL,4442N 00014W,
FRCCN,Cérons,Cerons,FR,33,RL,4438N 00020W,
FRCCP,Cubzac-les-Ponts,Cubzac-les-Ponts,FR,33,RL,4458N 00027W,
FRCDH,Castets-en-Dorthe,Castets-en-Dorthe,FR,33,RL,4433N 00009W,
FRCDX,Capendu,Capendu,FR,11,RL,4311N 00233E,
FRCEQ,Cannes,Cannes,FR,06,AF,4333N 00701E,
FRCER,Cherbourg-en-Cotentin,Cherbourg-en-Cotentin,FR,50,AF,4938N 00137W,
FRCFG,Châteauneuf-le-Rouge,Chateauneuf-le-Rouge,FR,13,RL,4329N 00534E,
FRCFR,Caen,Caen,FR,14,AF,4911N 00022W,
FRCGF,Le Sourn,Le Sourn,FR,56,RL,4803N 00259W,
FRCHM,Charleville-Mézières,Charleville-Mezieres,FR,08,AF,4946N 00443E,
FRCIJ,Le Cailar,Le Cailar,FR,30,RL,4340N 00414E,
FRCJO,Cepoy,Cepoy,FR,45,RL,4803N 00243E,
FRCKT,Cruet,Cruet,FR,73,RL,4531N 00605E,
FRCKY,Cancale,Cancale,FR,35,RL,4841N 00151W,
FRCL2,La Cerlangue,La Cerlangue,FR,76,RL,4930N 00025E,
FRCLY,Calvi,Calvi,FR,2B,AF,4234N 00845E,
FRCM4,Charly-sur-Marne,Charly-sur-Marne,FR,02,RL,4858N 00317E,
FRCMC,Chamblanc,Chamblanc,FR,21,RL,4701N 00509E,
FRCMP,Compiègne,Compiegne,FR,60,AF,4925N 00249E,
FRCMR,Colmar,Colmar,FR,68,AF,4805N 00721E,
FRCMT,Chaumont,Chaumont,FR,52,AF,4807N 00508E,
FRCN5,Centuri,Centuri,FR,2B,AA,4257N 00921E,
FRCN6,Le Controis-en-Sologne,Le Controis-en-Sologne,FR,41,AA,4725N 00127E,
FRCNG,Cognac,Cognac,FR,16,AF,4542N 00020W,
FRCOC,Concarneau,Concarneau,FR,29,AF,4753N 00355W,
FRCOZ,Caronte,Caronte,FR,13,RL,4324N 00501E,
FRCP3,Capinghem,Capinghem,FR,59,RL,5039N 00258E,
FRCQ4,Locmariaquer,Locmariaquer,FR,56,AA,4734N 00257W,
FRCQD,Cendrecourt,Cendrecourt,FR,70,RL,4751N 00556E,
FRCQF,Calais,Calais,FR,62,AF,5057N 00151E,
FRCQG,Caumont-sur-Garonne,Caumont-sur-Garonne,FR,47,RL,4427N 00012E,
FRCQN,Château-Landon,Chateau-Landon,FR,77,RL,4809N 00242E,
FRCQQ,Caplong,Caplong,FR,33,RL,4447N 00008E,
FRCQR,Cruscades,Cruscades,FR,11,RL,4311N 00249E,
FRCR4,Créancey,Creancey,FR,21,RL,4715N 00436E,
FRCRL,Creil,Creil,FR,60,AF,4915N 00229E,
FRCS2,La Chapelle-Saint-Sauveur,La Chapelle-Saint-Sauveur,FR,71,RL,4650N 00516E,
FRCS5,Chenac-Saint-Seurin-d'Uzet,Chenac-Saint-Seurin-d'Uzet,FR,17,RL,4531N 00050W,
FRCSD,Crêches-sur-Saône,Creches-sur-Saone,FR,71,RL,4615N 00447E,
FRCSM,Châlons-en-Champagne,Chalons-en-Champagne,FR,51,AF,4857N 00422E,
FRCSS,Chalon-sur-Saône,Chalon-sur-Saone,FR,71,AF,4647N 00451E,
FRCT2,Coustellet,Coustellet,FR,84,RL,4353N 00511E,
FRCT4,Chaillevette,Chaillevette,FR,17,AA,4544N 00103W,
FRCXA,Chatillon-Saint-Jean,Chatillon-Saint-Jean,FR,26,RL,4505N 00508E,
FRCXS,Châtillon-sur-Loire,Chatillon-sur-Loire,FR,45,RL,4735N 00245E,
FRCXY,Cordemais,Cordemais,FR,44,RL,4717N 00153W,
FRCYI,Chamilly,Chamilly,FR,71,RL,4652N 00441E,
FRDAD,Saint-Martin-d'Ardèche,Saint-Martin-d'Ardeche,FR,07,RL,4418N 00434E,
FRDAL,Dallon,Dallon,FR,02,RL,4949N 00314E,
FRDAS,Saint-Martin-d'Ablois,Saint-Martin-d'Ablois,FR,51,RL,4900N 00352E,
FRDBE,Bénodet,Benodet,FR,29,AI,4752N 00406W,
FRDC2,Cheminas,Cheminas,FR,07,RL,4507N 00445E,
FRDCG,Saint-Cast-le-Guildo,Saint-Cast-le-Guildo,FR,22,RL,4836N 00215W,
FRDCJ,Saint-Christoly-Médoc,Saint-Christoly-Medoc,FR,33,RL,4521N 00050W,
FRDDR,Deyme,Deyme,FR,31,RL,4329N 00132E,
FRDEI,Denneville,Denneville,FR,50,AA,4919N 00139W,
FRDEN,Denain,Denain,FR,59,RL,5019N 00324E,
FRDGD,Damgan,Damgan,FR,56,AA,4731N 00235W,
FRDIJ,Dijon,Dijon,FR,21,AF,4719N 00503E,
FRDKK,Dunkerque,Dunkerque,FR,59,AF,5102N 00223E,
FRDLJ,L'Île-d'Olonne,L'Ile-d'Olonne,FR,85,RL,4634N 00147W,
FRDML,Dom-le-Mesnil,Dom-le-Mesnil,FR,08,RL,4941N 00448E,
FRDMS,Dormans,Dormans,FR,51,RL,4904N 00338E,
FRDMV,Demangevelle,Demangevelle,FR,71,RL,4756N 00602E,
FRDNJ,Dions,Dions,FR,84,RL,4350N 00419E,
FRDNZ,Billy-le-Grand,Billy-le-Grand,FR,51,RL,4906N 00414E,
FRDOL,Deauville,Deauville,FR,14,AF,4922N 00004E,
FRDON,Donges,Donges,FR,44,AF,4718N 00204W,
FRDPE,Dieppe,Dieppe,FR,76,AF,4955N 00105E,
FRDRZ,Douarnenez,Douarnenez,FR,29,AF,4806N 00420W,
FRDUT,Lanildut,Lanildut,FR,29,RL,4829N 00445W,
FRDVT,Darvault,Darvault,FR,77,RL,4816N 00244E,
FRDXG,Le Lion-d'Angers,Le Lion-d'Angers,FR,49,RL,4738N 00043W,
FRDXZ,Pupillin,Pupillin,FR,39,RL,4653N 00546E,
FRDYJ,Moidrey,Moidrey,FR,50,RL,4834N 00130W,
FRE29,Etel,Etel,FR,56,AA,4739N 00312W,
FRE7M,Le Martelet,Le Martelet,FR,71,RL,4618N 00442E,
FRECI,Écuelles,Ecuelles,FR,77,RL,4821N 00249E,
FREDU,Dieulouard,Dieulouard,FR,54,RL,4851N 00604E,
FREEX,Vereux,Vereux,FR,70,RL,4731N 00538E,
FREFG,Bonnelles,Bonnelles,FR,78,RL,4837N 00202E,
FREFR,Châteauneuf-de-Gadagne,Chateauneuf-de-Gadagne,FR,84,RL,4356N 00456E,
FREG5,Vallabrègues,Vallabregues,FR,30,RL,4351N 00438E,
FREGE,Labège,Labege,FR,31,RL,4332N 00132E,
FREGG,Épagne-Épagnette,Epagne-Epagnette,FR,80,RL,5004N 00152E,
FREGR,Segré,Segre,FR,49,RL,4741N 00052W,
FREHA,Bréhan,Brehan,FR,56,RL,4804N 00241W,
FREHN,Le Chesne,Le Chesne,FR,08,RL,4931N 00446E,
FREHU,Ercheu,Ercheu,FR,80,RL,4943N 00257E,
FREHY,Brethenay,Brethenay,FR,52,RL,4809N 00507E,
FREIO,Étiolles,Etiolles,FR,91,RL,4838N 00228E,
FREM2,Essômes-sur-Marne,Essomes-sur-Marne,FR,02,RL,4901N 00322E,
FREMR,Porquerolles,Porquerolles,FR,83,RL,4300N 00612E,
FRENC,Nancy,Nancy,FR,54,AF,4842N 00611E,
FREP5,Épineuil,Epineuil,FR,89,RL,4752N 00359E,
FREQN,Le Quesne,Le Quesne,FR,56,RL,4717N 00230W,
FRER4,Érôme,Erome,FR,26,RL,4507N 00449E,
FRER5,Cers,Cers,FR,34,RL,4319N 00318E,
FRESB,Esbly,Esbly,FR,77,RL,4854N 00249E,
FRESM,Étalondes,Etalondes,FR,76,RL,5002N 00123E,
FRET2,Etretat,Etretat,FR,76,AA,4942N 00012E,
FRETA,Étalans,Etalans,FR,25,RL,4709N 00616E,
FRETB,Berre-l'Étang,Berre-l'Etang,FR,13,AI,4328N 00510E,
FREUI,Lérouville,Lerouville,FR,55,RL,4847N 00532E,
FREVD,Pléneuf-Val-André,Pleneuf-Val-Andre,FR,22,AA,4836N 00233W,
FREVR,Évry,Evry,FR,91,AF,4837N 00226E,
FREXS,Estaires,Estaires,FR,59,RL,5038N 00243E,
FREYZ,Eyrein,Eyrein,FR,19,RL,4520N 00157E,
FREZX,Comps,Comps,FR,33,RL,4504N 00036W,
FRF29,Pont-Aven,Pont-Aven,FR,29,RL,4751N 00345W,
FRF2V,Fermanville,Fermanville,FR,50,AA,4941N 00127W,
FRF3M,Fresnes-sur-Marne,Fresnes-sur-Marne,FR,77,RL,4856N 00244E,
FRFA3,Francueil,Francueil,FR,37,RL,4719N 00105E,
FRFAU,Fresnes-sur-Escaut,Fresnes-sur-Escaut,FR,59,RL,5026N 00335E,
FRFAX,Boncourt-le-Bois,Boncourt-le-Bois,FR,21,RL,4708N 00500E,
FRFBH,Monfaucon,Monfaucon,FR,24,RL,4455N 00015E,
FRFBI,Fougères-sur-Bièvre,Fougeres-sur-Bievre,FR,41,RL,4727N 00121E,
FRFBL,Fublaines,Fublaines,FR,77,RL,4856N 00256E,
FRFDR,Fraissé-des-Corbières,Fraisse-des-Corbieres,FR,11,RL,4258N 00252E,
FRFEC,Fécamp,Fecamp,FR,76,AF,4945N 00023E,
FRFEY,Feyzin,Feyzin,FR,69,AF,4540N 00452E,
FRFIE,Fontafie,Fontafie,FR,16,RL,4552N 00032E,
FRFMA,Fumay,Fumay,FR,08,RL,4958N 00441E,
FRFNS,Flins,Flins,FR,78,RL,4858N 00152E,
FRFOP,Fontaine-le-Port,Fontaine-le-Port,FR,77,RL,4829N 00246E,
FRFOS,Fos-sur-Mer,Fos-sur-Mer,FR,13,AF,4326N 00456E,
FRFS4,Saint-Pair-sur-Mer,Saint-Pair-sur-Mer,FR,50,RL,4849N 00134W,
FRFTB,Fort-Batard,Fort-Batard,FR,62,RL,5054N 00200E,
FRFTJ,Les Fougerêts,Les Fougerets,FR,56,RL,4744N 00213W,
FRFUL,Feuillères,Feuilleres,FR,80,RL,4957N 00250E,
FRFUS,Fouesnant,Fouesnant,FR,29,RL,4754N 00401W,
FRG2X,Groix,Groix,FR,56,AA,4738N 00328W,
FRG33,La Rivière,La Riviere,FR,33,RL,4456N 00019W,
FRG63,Pérignat-lès-Sarliève,Perignat-les-Sarlieve,FR,63,RL,4544N 00308E,
FRG8R,Chusclan,Chusclan,FR,30,RL,4409N 00441E,
FRG8V,Glaire-et-Villette,Glaire-et-Villette,FR,08,RL,4943N 00455E,
FRGAO,Gigny-sur-Saône,Gigny-sur-Saone,FR,71,RL,4640N 00455E,
FRGB2,Guéthary,Guethary,FR,64,AA,4325N 00136W,
FRGBQ,Guarbecque,Guarbecque,FR,62,RL,5037N 00229E,
FRGCH,Guichen,Guichen,FR,35,RL,4758N 00147W,
FRGCP,Grandcamp-Maisy,Grandcamp-Maisy,FR,14,AA,4923N 00058E,
FRGDM,La Grande-Motte,La Grande-Motte,FR,34,RL,4334N 00405E,
FRGDS,Grande-Synthe,Grande-Synthe,FR,59,RL,5100N 00217E,
FRGEW,Gueberschwihr,Gueberschwihr,FR,68,RL,4800N 00717E,
FRGFR,Granville,Granville,FR,50,AF,4850N 00135W,
FRGFV,Lavigny,Lavigny,FR,39,RL,4643N 00536E,
FRGHD,Geudertheim,Geudertheim,FR,67,RL,4843N 00745E,
FRGHG,La Hague,La Hague,FR,50,RL,4939N 00149W,
FRGHT,Scharrachbergheim,Scharrachbergheim,FR,67,RL,4836N 00729E,
FRGJN,Mutigny,Mutigny,FR,51,RL,4904N 00401E,
FRGLA,Les Angles,Les Angles,FR,30,RL,4358N 00446E,
FRGLO,Gonfreville-l'Orcher,Gonfreville-l'Orcher,FR,76,AF,4930N 00014E,
FRGMS,Gujan-Mestras,Gujan-Mestras,FR,33,RL,4438N 00104W,
FRGNY,Grigny,Grigny,FR,91,RL,4839N 00223E,
FRGON,Saint-Géréon,Saint-Gereon,FR,44,RL,4722N 00112W,
FRGPI,Saint-Léger-le-Petit,Saint-Leger-le-Petit,FR,18,RL,4707N 00300E,
FRGPO,Grand-Fort-Philippe,Grand-Fort-Philippe,FR,59,AA,5100N 00206E,
FRGRV,Gravelines,Gravelines,FR,59,AF,5059N 00208E,
FRGSU,Morsang-sur-Seine,Morsang-sur-Seine,FR,91,RL,4834N 00230E,
FRGT3,Louailles,Louailles,FR,72,RL,4748N 00015W,
FRGTN,Genets,Genets,FR,50,AA,4841N 00129W,
FRGUR,Gauriac,Gauriac,FR,33,RL,4504N 00037W,
FRGUZ,Bouzigues,Bouzigues,FR,34,RL,4327N 00339E,
FRGV6,Gravette,Gravette,FR,44,AA,4708N 00210W,
FRGVL,Gennevilliers,Gennevilliers,FR,92,AF,4856N 00218E,
FRGXE,Guenrouet,Guenrouet,FR,44,RL,4731N 00158W,
FRGXY,Gergy,Gergy,FR,71,RL,4653N 00457E,
FRH57,Hartzviller,Hartzviller,FR,57,RL,4840N 00705E,
FRH67,Hohwarth,Hohwarth,FR,67,RL,4820N 00721E,
FRHAO,Chaumousey,Chaumousey,FR,88,RL,4810N 00620E,
FRHBV,Heudebouville,Heudebouville,FR,27,RL,4912N 00115E,
FRHDO,Hoedic,Hoedic,FR,56,AA,4720N 00253W,
FRHEJ,Puyguilhem,Puyguilhem,FR,24,RL,4444N 00021E,
FRHET,Hennebont,Hennebont,FR,56,AF,4748N 00317W,
FRHEY,Chessy,Chessy,FR,77,RL,4853N 00246E,
FRHIY,Chierry,Chierry,FR,02,RL,4902N 00326E,
FRHJK,Bonnencontre,Bonnencontre,FR,21,RL,4705N 00509E,
FRHMX,Île-de-Batz,Ile-de-Batz,FR,29,AA,4845N 00359E,
FRHOG,Hombourg,Hombourg,FR,68,RL,4746N 00730E,
FRHON,Honfleur,Honfleur,FR,14,AF,4925N 00014E,
FRHOP,Hopital-Camfrout,Hopital-Camfrout,FR,29,AA,4820N 00414W,
FRHOT,Île-d'Houat,Ile-d'Houat,FR,56,AA,4723N 00103E,
FRHPY,Chipilly,Chipilly,FR,80,RL,4955N 00239E,
FRHRA,Soing-Cubry-Charentenay,Soing-Cubry-Charentenay,FR,70,RL,4735N 00553E,
FRHRF,Harfleur,Harfleur,FR,76,AI,4930N 00012E,
FRHRN,Harnes,Harnes,FR,62,RL,5027N 00254E,
FRHS2,Haisnes,Haisnes,FR,62,RL,5031N 00248E,
FRHSA,Hauteville-sur-Mer,Hauteville-sur-Mer,FR,50,AA,4859N 00132W,
FRHSG,Hossegor,Hossegor,FR,40,RL,4340N 00126W,
FRHSN,Le Theil-sur-Huisne,Le Theil-sur-Huisne,FR,61,RL,4816N 00042E,
FRHTI,Taden,Taden,FR,22,RL,4829N 00201W,
FRHUN,Huningue,Huningue,FR,68,AF,4736N 00735E,
FRHV2,Hautvillers,Hautvillers,FR,51,RL,4905N 00357E,
FRHY9,Cheny,Cheny,FR,89,RL,4757N 00332E,
FRHYD,Bligny,Bligny,FR,10,RL,4810N 00437E,
FRHYJ,Prinquiau,Prinquiau,FR,44,RL,4722N 00201W,
FRHYR,Hyères,Hyeres,FR,83,RL,4307N 00607E,
FRHZK,Crestet,Crestet,FR,84,RL,4413N 00506E,
FRIAV,Saint-Savinien,Saint-Savinien,FR,17,RL,4553N 00041W,
FRIBA,La Vôge-les-Bains,La Voge-les-Bains,FR,88,RL,4800N 00616E,
FRIDX,Ile-d'Aix,Ile-d'Aix,FR,17,AA,4601N 00111W,
FRIDY,L'Île-d'Yeu,L'Ile-d'Yeu,FR,85,AI,4643N 00221W,
FRIEC,Riec-sur-Bélon,Riec-sur-Belon,FR,29,AI,4750N 00342W,
FRIGS,Ingrandes,Ingrandes,FR,49,RL,4724N 00055W,
FRIHR,Île-de-Bréhat,Ile-de-Brehat,FR,22,AA,4851N 00100E,
FRIHS,Biaches,Biaches,FR,80,RL,4955N 00255E,
FRIHT,Richemont,Richemont,FR,57,RL,4917N 00610E,
FRILR,L'Île-Rousse,L'Ile-Rousse,FR,2B,AF,4238N 00856E,
FRILS,Morainvilliers,Morainvilliers,FR,78,RL,4856N 00156E,
FRIOU,Issou,Issou,FR,78,RL,4859N 00148E,
FRIRT,Bissert,Bissert,FR,67,RL,4856N 00702E,
FRIS4,Île-de-Sein,Ile-de-Sein,FR,29,AA,4802N 00451W,
FRISG,Isle-Saint-Georges,Isle-Saint-Georges,FR,33,RL,4443N 00029W,
FRISM,Isigny-sur-Mer,Isigny-sur-Mer,FR,14,AI,4918N 00106W,
FRIUS,Les Trois Lacs,Les Trois Lacs,FR,27,RL,4914N 00120E,
FRIXY,Igney,Igney,FR,88,RL,4816N 00624E,
FRIY8,Chauffour,Chauffour,FR,71,RL,4820N 00000E,
FRIZO,Izon,Izon,FR,33,AF,4455N 00022W,
FRJAV,Javrezac,Javrezac,FR,16,RL,4542N 00021W,
FRJFM,Ondes,Ondes,FR,31,RL,4347N 00118E,
FRJKI,Hordain,Hordain,FR,59,RL,5016N 00319E,
FRJLP,Juan-les-Pins,Juan-les-Pins,FR,06,AA,4334N 00706E,
FRJMQ,Combertault,Combertault,FR,21,RL,4700N 00454E,
FRJPL,Virey,Virey,FR,71,RL,4650N 00452E,
FRJUU,Jouarre,Jouarre,FR,77,RL,4856N 00308E,
FRJYS,La Penne-sur-Ouveze,La Penne-sur-Ouveze,FR,26,RL,4415N 00513E,
FRKAQ,Saint-Julien-de-Chédon,Saint-Julien-de-Chedon,FR,41,RL,4718N 00112W,
FRKLO,Ponte Leccia,Ponte Leccia,FR,2B,RL,4228N 00912E,
FRKLU,Muides-sur-Loire,Muides-sur-Loire,FR,41,RL,4740N 00132E,
FRKLY,Cruzy,Cruzy,FR,34,RL,4321N 00257E,
FRKRE,Kerlouan,Kerlouan,FR,29,AA,4839N 00422W,
FRKRZ,Reigny,Reigny,FR,18,RL,4718N 00245E,
FRL49,Liré,Lire,FR,49,RL,4721N 00110W,
FRL5T,Lignières-de-Touraine,Lignieres-de-Touraine,FR,37,RL,4718N 00025E,
FRL83,La Moutonne,La Moutonne,FR,83,RL,4307N 00604E,
FRLA4,Lauris,Lauris,FR,84,RL,4345N 00519E,
FRLA5,Lauraguel,Lauraguel,FR,11,RL,4306N 00210E,
FRLAD,l'Ardoise,l'Ardoise,FR,30,AF,4406N 00442E,
FRLAI,Lannion,Lannion,FR,22,AF,4844N 00327W,
FRLAV,Lavéra,Lavera,FR,13,AF,4323N 00502E,
FRLBD,La Bassée,La Bassee,FR,59,RL,5032N 00248E,
FRLCR,Le Creusot,Le Creusot,FR,71,AF,4648N 00426E,
FRLCT,La Ciotat,La Ciotat,FR,13,AF,4311N 00536E,
FRLD2,Logonna-Daoulas,Logonna-Daoulas,FR,29,AA,4819N 00418W,
FRLDN,Landerneau,Landerneau,FR,29,AF,4827N 00415W,
FRLEH,Le Havre,Le Havre,FR,76,AF,4930N 00006E,
FRLEZ,Lézardrieux,Lezardrieux,FR,22,AF,4847N 00306W,
FRLF2,Lège-Cap-Ferret,Lege-Cap-Ferret,FR,33,AI,4448N 00109W,
FRLFR,Le Fret,Le Fret,FR,29,AF,4817N 00431W,
FRLGM,Lagny-sur-Marne,Lagny-sur-Marne,FR,77,RL,4852N 00243E,
FRLGQ,Le Grand-Quevilly,Le Grand-Quevilly,FR,76,RL,4925N 00102E,
FRLGR,Le Grau-du-Roi,Le Grau-du-Roi,FR,30,AI,4332N 00408E,
FRLGU,le Guildo,le Guildo,FR,22,AF,4834N 00213W,
FRLIB,Libourne,Libourne,FR,33,AF,4455N 00015W,
FRLIO,Lyon,Lyon,FR,69,AF,4546N 00450E,
FRLIS,L'Isle-sur-la-Sorgue,L'Isle-sur-la-Sorgue,FR,84,RL,4355N 00503E,
FRLJG,Illange,Illange,FR,57,RL,4920N 00611E,
FRLKJ,Campouriez,Campouriez,FR,12,RL,4441N 00237E,
FRLKL,Lesconil,Lesconil,FR,29,AI,4748N 00413W,
FRLKZ,Concoeur-et-Corboin,Concoeur-et-Corboin,FR,21,RL,4710N 00455E,
FRLLE,Lille,Lille,FR,59,AF,5038N 00304E,
FRLLW,Villevallier,Villevallier,FR,89,RL,4801N 00319E,
FRLMD,la Mède,la Mede,FR,13,AF,4324N 00507E,
FRLMW,La Maxe,La Maxe,FR,57,RL,4910N 00611E,
FRLMY,Limay,Limay,FR,78,RL,4859N 00144E,
FRLMZ,Limetz-Villez,Limetz-Villez,FR,78,RL,4904N 00133E,
FRLN3,Landéda,Landeda,FR,29,AA,4835N 00434W,
FRLN8,Landevennec,Landevennec,FR,29,AA,4818N 00416W,
FRLO6,Lanmodez,Lanmodez,FR,22,AA,4851N 00306W,
FRLO7,Loché,Loche,FR,71,RL,4617N 00446E,
FRLO9,Chorey-les-Beaune,Chorey-les-Beaune,FR,21,RL,4703N 00452E,
FRLOA,Longueau,Longueau,FR,80,RL,4952N 00221E,
FRLOC,Loctudy,Loctudy,FR,29,AF,4750N 00410W,
FRLOW,Loisy,Loisy,FR,71,RL,4635N 00502E,
FRLP7,Lamor-Plage,Lamor-Plage,FR,56,RL,4742N 00323W,
FRLPE,la Pallice,la Pallice,FR,17,AF,4610N 00113W,
FRLQ4,Trédrez-Locquémeau,Tredrez-Locquemeau,FR,22,AA,4842N 00334W,
FRLQ5,Locquirec,Locquirec,FR,29,AA,4842N 00339W,
FRLQA,Le Mas-d'Agenais,Le Mas-d'Agenais,FR,47,RL,4424N 00013E,
FRLQD,Lesdins,Lesdins,FR,02,RL,4953N 00316E,
FRLQG,Lamagistère,Lamagistere,FR,82,RL,4407N 00048E,
FRLQT,Louvières,Louvieres,FR,52,RL,4802N 00517E,
FRLRH,La Rochelle,La Rochelle,FR,17,AF,4610N 00109W,
FRLRT,Lorient,Lorient,FR,56,AF,4745N 00322W,
FRLSB,Les Billaux,Les Billaux,FR,33,RL,4457N 00014W,
FRLSO,Les Sables-d'Olonne,Les Sables-d'Olonne,FR,85,AF,4630N 00147W,
FRLTF,Les Trois-Fontaines,Les Trois-Fontaines,FR,08,RL,5008N 00447E,
FRLTR,Le Tréport,Le Treport,FR,76,AF,5004N 00122E,
FRLTT,Le Trait,Le Trait,FR,76,RL,4929N 00048E,
FRLUQ,Lugrin,Lugrin,FR,74,RL,4624N 00640E,
FRLVE,Le Verdon-sur-Mer,Le Verdon-sur-Mer,FR,33,AF,4533N 00104W,
FRLWM,Le Moustoir,Le Moustoir,FR,56,RL,4737N 00251W,
FRLXA,Le Perreux-sur-Marne,Le Perreux-sur-Marne,FR,94,RL,4850N 00229E,
FRLZF,La Forêt-Fouesnant,La Foret-Fouesnant,FR,29,AI,4755N 00359W,
FRM52,Vandières,Vandieres,FR,51,RL,4906N 00344E,
FRM56,Séné,Sene,FR,56,RL,4737N 00245W,
FRM57,Vaux,Vaux,FR,57,RL,4906N 00606E,
FRM75,Muids,Muids,FR,27,RL,4913N 00118E,
FRM89,Mailly-le-Château,Mailly-le-Chateau,FR,89,RL,4736N 00338E,
FRMAC,Mâcon,Macon,FR,71,AF,4618N 00450E,
FRMAU,Maubeuge,Maubeuge,FR,59,AF,5017N 00358E,
FRMBT,Montbartier,Montbartier,FR,82,RL,4354N 00116E,
FRMCC,Morancé,Morance,FR,69,RL,4554N 00442E,
FRMCQ,Macau,Macau,FR,33,RL,4501N 00037W,
FRMDA,Mudaison,Mudaison,FR,34,RL,4338N 00401E,
FRMDW,Sainte-Maure-de-Peyriac,Sainte-Maure-de-Peyriac,FR,47,RL,4401N 00009E,
FRME4,Mérifons,Merifons,FR,34,RL,4337N 00317E,
FRME5,Île-Molène,Ile-Molene,FR,29,AA,4824N 00303E,
FRMEA,Meaux,Meaux,FR,77,AF,4858N 00253E,
FRMEL,Melun,Melun,FR,77,AF,4832N 00240E,
FRMGU,Mauguio,Mauguio,FR,34,RL,4337N 00401E,
FRMHB,La Trinité-sur-Mer,La Trinite-sur-Mer,FR,56,AI,4735N 00302W,
FRMJU,Moulle,Moulle,FR,62,RL,5047N 00210E,
FRMJY,Colombier,Colombier,FR,24,RL,4447N 00031E,
FRMKX,Crissay-sur-Manse,Crissay-sur-Manse,FR,37,RL,4709N 00029E,
FRML9,Molosmes,Molosmes,FR,89,RL,4753N 00403E,
FRMLH,Mulhouse,Mulhouse,FR,68,AF,4745N 00720E,
FRMM6,Montmartin-sur-Mer,Montmartin-sur-Mer,FR,50,AA,4859N 00131W,
FRMMJ,Saint-Androny,Saint-Androny,FR,33,RL,4511N 00039W,
FRMMV,Malmy,Malmy,FR,08,RL,4936N 00450E,
FRMOS,Montargis,Montargis,FR,45,AF,4800N 00244E,
FRMQA,Martot,Martot,FR,27,RL,4918N 00103E,
FRMQY,Millery,Millery,FR,54,RL,4849N 00607E,
FRMR3,Mornac-sur-Seudre,Mornac-sur-Seudre,FR,17,AA,4543N 00102W,
FRMR6,Mérignat,Merignat,FR,01,RL,4604N 00526E,
FRMR7,Marolles,Marolles,FR,51,RL,4843N 00438E,
FRMRN,Marans,Marans,FR,17,AF,4618N 00100W,
FRMRS,Marseille,Marseille,FR,13,AF,4318N 00524E,
FRMRW,Mireval,Mireval,FR,34,RL,4330N 00348E,
FRMSI,Méry-sur-Oise,Mery-sur-Oise,FR,95,RL,4904N 00212E,
FRMT6,Montech,Montech,FR,82,RL,4357N 00114E,
FRMTD,Montbéliard,Montbeliard,FR,25,AF,4731N 00648E,
FRMTX,Montoir-de-Bretagne,Montoir-de-Bretagne,FR,44,AF,4720N 00209W,
FRMV2,Malleval,Malleval,FR,42,RL,4523N 00444E,
FRMVG,Magnanville,Magnanville,FR,78,RL,4858N 00141E,
FRMWF,Blomac,Blomac,FR,11,RL,4312N 00236E,
FRMWR,Marseillan,Marseillan,FR,34,RL,4321N 00332E,
FRMXN,Morlaix,Morlaix,FR,29,AF,4835N 00350W,
FRMYK,Moyencourt,Moyencourt,FR,80,RL,4943N 00256E,
FRMZK,Le Mériot,Le Meriot,FR,10,RL,4830N 00327E,
FRMZM,Metz,Metz,FR,57,AF,4908N 00610E,
FRMZS,Mézières-sur-Seine,Mezieres-sur-Seine,FR,78,RL,4858N 00148E,
FRN25,Nommay,Nommay,FR,25,RL,4732N 00651E,
FRNAC,Carnac,Carnac,FR,56,RL,4735N 00305W,
FRNCB,Le Conquet,Le Conquet,FR,29,RL,4822N 00446W,
FRNCE,Nice,Nice,FR,06,AF,4342N 00716E,
FRNEF,Neuf-Brisach,Neuf-Brisach,FR,68,RL,4801N 00732E,
FRNEH,Vognes,Vognes,FR,01,RL,4549N 00543E,
FRNGI,Saint-Gilles,Saint-Gilles,FR,71,RL,4653N 00440E,
FRNLA,Sainte-Anne-sur-Vilaine,Sainte-Anne-sur-Vilaine,FR,35,RL,4743N 00149W,
FRNMA,Penmarch,Penmarch,FR,29,AA,4749N 00340E,
FRNMS,Nemours,Nemours,FR,77,AF,4816N 00242E,
FRNMT,Sainte-Marie-du-Mont,Sainte-Marie-du-Mont,FR,50,AA,4923N 00113W,
FRNNH,Channes,Channes,FR,10,RL,4756N 00415E,
FRNOP,Baden,Baden,FR,56,RL,4737N 00255W,
FRNOU,Port-la-Nouvelle,Port-la-Nouvelle,FR,11,AF,4301N 00303E,
FRNQU,Le Conquet,Le Conquet,FR,29,AA,4822N 00446W,
FRNRH,Penmarc'H Point,Penmarc'H Point,FR,29,RL,4748N 00422W,
FRNSD,Lavans-lès-Dole,Lavans-les-Dole,FR,39,RL,4708N 00535E,
FRNTE,Nantes,Nantes,FR,44,AF,4713N 00133W,
FRNTZ,Bantouzelle,Bantouzelle,FR,59,RL,5004N 00312E,
FRNUS,Nanteuil-sur-Aisne,Nanteuil-sur-Aisne,FR,08,RL,4931N 00418E,
FRNVS,Nevers,Nevers,FR,58,AF,4700N 00309E,
FRNYI,Neuilly-en-Sancerre,Neuilly-en-Sancerre,FR,18,RL,4718N 00241E,
FRNYY,Montallery,Montallery,FR,89,RL,4747N 00342E,
FRNZ3,Monze,Monze,FR,11,RL,4309N 00228E,
FROEI,L'Oserie,L'Oserie,FR,28,RL,4832N 00057E,
FROFF,Plogoff,Plogoff,FR,29,RL,4802N 00440W,
FROGB,Boulogne-Billancourt,Boulogne-Billancourt,FR,92,RL,4850N 00215E,
FROHP,Orchamps,Orchamps,FR,39,RL,4709N 00539E,
FROJA,Boutiers-Saint-Trojan,Boutiers-Saint-Trojan,FR,16,RL,4543N 00018W,
FRONY,Cognocoli,Cognocoli,FR,2A,RL,4149N 00854E,
FROOZ,Chooz,Chooz,FR,08,RL,5006N 00448E,
FROQL,Locmiquélic,Locmiquelic,FR,56,RL,4743N 00321W,
FROS2,Ouessant,Ouessant,FR,29,AA,4827N 00506W,
FROSH,Lutzelbourg,Lutzelbourg,FR,57,RL,4844N 00715E,
FROTM,Ottmarsheim,Ottmarsheim,FR,68,AF,4747N 00731E,
FROTY,Le Crotoy,Le Crotoy,FR,80,RL,5013N 00137E,
FROUI,Ouistreham,Ouistreham,FR,14,AF,4917N 00016W,
FROYI,Oigny-en-Valois,Oigny-en-Valois,FR,02,RL,4913N 00308E,
FROYY,Saudoy,Saudoy,FR,51,RL,4841N 00343E,
FRP5C,Busnes,Busnes,FR,62,RL,5035N 00231E,
FRP62,Pont-à-Vendin,Pont-a-Vendin,FR,62,RL,5028N 00253E,
FRPAB,Pont-l'Abbé,Pont-l'Abbe,FR,29,AF,4752N 00413W,
FRPAD,Pagny-la-Ville,Pagny-la-Ville,FR,21,RL,4704N 00510E,
FRPAI,Paimpol,Paimpol,FR,22,AF,4847N 00303W,
FRPAJ,Pont-Arcy,Pont-Arcy,FR,02,RL,4923N 00337E,
FRPAP,Pauillac,Pauillac,FR,33,AF,4512N 00045W,
FRPAR,Paris,Paris,FR,75C,AF,4851N 00221E,
FRPBF,Paimbuf,Paimbuf,FR,44,AF,4717N 00201W,
FRPC6,Saint-Nicolas,Saint-Nicolas,FR,62,RL,5018N 00246E,
FRPD2,Plombières-lès-Dijon,Plombieres-les-Dijon,FR,21,RL,4720N 00458E,
FRPDB,Port-de-Bouc,Port-de-Bouc,FR,13,AF,4324N 00459E,
FRPDF,Pontevès,Ponteves,FR,83,RL,4334N 00603E,
FRPDH,Port-des-Barques,Port-des-Barques,FR,17,AA,4557N 00055E,
FRPDU,Saint-Pierre-d'Autils,Saint-Pierre-d'Autils,FR,27,RL,4907N 00125E,
FRPET,Petit-Couronne,Petit-Couronne,FR,76,AF,4923N 00102E,
FRPF4,Étrigny,Etrigny,FR,71,RL,4635N 00448E,
FRPG5,Port de Goulee,Port de Goulee,FR,33,AA,4524N 00054W,
FRPGC,Plougrescant,Plougrescant,FR,22,AA,4851N 00314W,
FRPGQ,Pogny,Pogny,FR,51,RL,4852N 00429E,
FRPH4,Portiragnes,Portiragnes,FR,34,RL,4318N 00320E,
FRPHG,Campagnac,Campagnac,FR,81,RL,4402N 00151E,
FRPHN,Pleudihen-sur-Rance,Pleudihen-sur-Rance,FR,22,RL,4830N 00158W,
FRPHT,Plichancourt,Plichancourt,FR,51,RL,4845N 00439E,
FRPI2,Pirou,Pirou,FR,50,AA,4911N 00135W,
FRPI9,Préfailles,Prefailles,FR,44,AA,4708N 00213W,
FRPJE,Port-Jérôme,Port-Jerome,FR,27,AF,4928N 00032E,
FRPJH,Saint-Christophe-la-Couperie,Saint-Christophe-la-Couperie,FR,49,RL,4715N 00112W,
FRPJU,Pujaut,Pujaut,FR,30,RL,4400N 00446E,
FRPKL,Pouillé,Pouille,FR,41,RL,4719N 00117E,
FRPKM,Monnières,Monnieres,FR,44,RL,4708N 00121W,
FRPKS,Pouilly-sur-Loire,Pouilly-sur-Loire,FR,58,RL,4717N 00257E,
FRPM6,Port Manec'h,Port Manec'h,FR,29,AA,4749N 00347W,
FRPNF,Port-Navalo,Port-Navalo,FR,56,RL,4733N 00254W,
FRPNH,Pont-d'Ouche,Pont-d'Ouche,FR,21,RL,4710N 00441E,
FRPNU,Paillencourt,Paillencourt,FR,59,RL,5015N 00316E,
FRPO4,Ota,Ota,FR,2A,AA,4216N 00845E,
FRPOV,Port-Vendres,Port-Vendres,FR,66,AF,4231N 00307E,
FRPOX,Pontrieux,Pontrieux,FR,22,AF,4842N 00310W,
FRPPL,Port-Louis,Port-Louis,FR,56,AA,4743N 00321W,
FRPQC,Pont-Réan,Pont-Rean,FR,35,RL,4800N 00147W,
FRPQE,Poses,Poses,FR,27,RL,4918N 00114E,
FRPRC,Pornic,Pornic,FR,44,AF,4707N 00206W,
FRPRJ,Port-Joinville,Port-Joinville,FR,85,AF,4643N 00221W,
FRPRP,Propriano,Propriano,FR,2A,AF,4141N 00854E,
FRPS9,Perros-Guirec,Perros-Guirec,FR,22,AA,4849N 00327W,
FRPSL,Port-Saint-Louis-du-Rhône,Port-Saint-Louis-du-Rhone,FR,13,AF,4323N 00448E,
FRPSX,Pont-Sainte-Maxence,Pont-Sainte-Maxence,FR,60,RL,4918N 00236E,
FRPTI,Pont-de-l'Isère,Pont-de-l'Isere,FR,26,RL,4500N 00453E,
FRPTV,Pontavert,Pontavert,FR,02,RL,4924N 00349E,
FRPUM,Précy-sur-Marne,Precy-sur-Marne,FR,77,RL,4856N 00247E,
FRPVO,Porto-Vecchio,Porto-Vecchio,FR,2A,AF,4135N 00917E,
FRPVX,Pont-de-Vaux,Pont-de-Vaux,FR,01,RL,4626N 00456E,
FRPWA,Pernant,Pernant,FR,02,RL,4923N 00313E,
FRPXZ,Plobsheim,Plobsheim,FR,67,RL,4828N 00743E,
FRPYX,Pargny-sur-Saulx,Pargny-sur-Saulx,FR,51,RL,4846N 00449E,
FRPZ3,Plouézec,Plouezec,FR,22,AA,4845N 00259W,
FRQBR,Camarsac,Camarsac,FR,33,RL,4450N 00022W,
FRQEN,Quenne,Quenne,FR,89,RL,4747N 00339E,
FRQEY,Saint-Antoine-du-Queyret,Saint-Antoine-du-Queyret,FR,33,RL,4446N 00001E,
FRQGS,Soulanges,Soulanges,FR,51,RL,4847N 00432E,
FRQLC,Saint-Quentin-la-Motte-Croix-au-Bailly,Saint-Quentin-la-Motte-Croix-au-Bailly,FR,80,RL,5004N 00127E,
FRQLK,Denicé,Denice,FR,69,RL,4600N 00439E,
FRQMM,Campagne,Campagne,FR,34,RL,4347N 00402E,
FRQPL,Communay,Communay,FR,69,RL,4536N 00450E,
FRQQQ,Cormicy,Cormicy,FR,51,RL,4922N 00354E,
FRQRU,Quiberville,Quiberville,FR,76,AA,4954N 00055E,
FRQSC,Quinsac,Quinsac,FR,33,RL,4445N 00030W,
FRQSM,Crouttes-sur-Marne,Crouttes-sur-Marne,FR,02,RL,4859N 00314E,
FRQSO,Samois-sur-Seine,Samois-sur-Seine,FR,77,RL,4827N 00245E,
FRQTS,Santoche,Santoche,FR,25,RL,4724N 00631E,
FRQUI,Quiberon,Quiberon,FR,56,AF,4729N 00307W,
FRQUL,Querqueville,Querqueville,FR,50,AA,4940N 00142W,
FRQVP,Demigny,Demigny,FR,71,RL,4656N 00450E,
FRQWC,Châteauvert,Chateauvert,FR,83,RL,4330N 00602E,
FRQWM,Reignier-Ésery,Reignier-Esery,FR,74,RL,4608N 00616E,
FRQXA,Reichsfeld,Reichsfeld,FR,67,RL,4822N 00723E,
FRQYR,Troyes,Troyes,FR,10,AF,4818N 00405E,
FRQYV,Colombiers,Colombiers,FR,34,RL,4319N 00308E,
FRQZH,Serra-di-Ferro,Serra-di-Ferro,FR,2A,RL,4144N 00848E,
FRQZX,Camillac,Camillac,FR,33,RL,4503N 00035W,
FRR26,Roche-Saint-Secret,Roche-Saint-Secret,FR,26,RL,4429N 00502E,
FRRAD,Radicatel,Radicatel,FR,76,RL,4930N 00030E,
FRRAV,Cravant,Cravant,FR,89,RL,4741N 00341E,
FRRCO,Rochefort,Rochefort,FR,17,AF,4557N 00058W,
FRRDM,La Couarde-sur-Mer,La Couarde-sur-Mer,FR,17,RL,4612N 00124W,
FRRDN,Redon,Redon,FR,35,AI,4739N 00205W,
FRRDT,La Redorte,La Redorte,FR,11,RL,4315N 00238E,
FRREI,Reichstett,Reichstett,FR,67,AF,4839N 00745E,
FRRF3,Toulenne,Toulenne,FR,33,RL,4433N 00016W,
FRRFA,Homps,Homps,FR,11,RL,4316N 00243E,
FRRH7,Taponas,Taponas,FR,69,RL,4607N 00446E,
FRRHE,Reims,Reims,FR,51,AF,4916N 00402E,
FRRHP,Ouessant,Ouessant,FR,29,RL,4828N 00505W,
FRRLI,Ramillies,Ramillies,FR,59,RL,5012N 00315E,
FRRME,Armentières,Armentieres,FR,59,RL,5041N 00253E,
FRRMO,Larmor-Baden,Larmor-Baden,FR,56,AA,4735N 00254W,
FRRN3,Rions,Rions,FR,33,RL,4439N 00021W,
FRRNY,Frangy,Frangy,FR,74,RL,4601N 00556E,
FRRON,Roncq,Roncq,FR,59,AF,5045N 00307E,
FRROU,Roubaix,Roubaix,FR,59,AF,5041N 00311E,
FRRQE,Rech,Rech,FR,57,RL,4859N 00701E,
FRRRB,Sarralbe,Sarralbe,FR,57,RL,4900N 00701E,
FRRS4,Frossay,Frossay,FR,44,AA,4715N 00156W,
FRRSA,Roquebrune-sur-Argens,Roquebrune-sur-Argens,FR,83,AA,4326N 00638E,
FRRSQ,Rosult,Rosult,FR,59,RL,5027N 00322E,
FRRTB,Port-en-Bessin-Huppain,Port-en-Bessin-Huppain,FR,14,RL,4921N 00045W,
FRRTE,Bourg-Charente,Bourg-Charente,FR,16,RL,4540N 00014W,
FRRTV,Chartèves,Charteves,FR,02,RL,4905N 00329E,
FRRUN,Rungis,Rungis,FR,94,AF,4845N 00221E,
FRRUR,Plouër-sur-Rance,Plouer-sur-Rance,FR,22,RL,4832N 00200W,
FRRVC,Rivecourt,Rivecourt,FR,60,RL,4921N 00244E,
FRRXL,Rosières-aux-Salines,Rosieres-aux-Salines,FR,54,RL,4836N 00620E,
FRRYG,le Château Renard,le Chateau Renard,FR,44,RL,4746N 00131W,
FRRYN,Royan,Royan,FR,17,AF,4537N 00103W,
FRRYY,Pierry,Pierry,FR,51,RL,4901N 00356E,
FRRZT,Saint-Désirat,Saint-Desirat,FR,07,RL,4515N 00447E,
FRRZW,Combaillaux,Combaillaux,FR,34,RL,4341N 00346E,
FRRZX,Pujols-sur-Ciron,Pujols-sur-Ciron,FR,33,RL,4434N 00021W,
FRS29,Saint-Pabu,Saint-Pabu,FR,29,AA,4834N 00324E,
FRS2R,Saint-Martin-de-Ré,Saint-Martin-de-Re,FR,17,AA,4612N 00122W,
FRS4P,Santa-Maria-Poggio,Santa-Maria-Poggio,FR,2B,AA,4220N 00930E,
FRS5M,Saâcy-sur-Marne,Saacy-sur-Marne,FR,77,RL,4858N 00313E,
FRS8C,Sercus,Sercus,FR,59,RL,5042N 00227E,
FRSAR,Sarreguemines,Sarreguemines,FR,57,AF,4907N 00704E,
FRSBK,Saint-Brieuc,Saint-Brieuc,FR,22,AF,4831N 00247W,
FRSET,Sète,Sete,FR,34,AF,4324N 00342E,
FRSGT,Sainte-Gemmes-sur-Loire,Sainte-Gemmes-sur-Loire,FR,49,RL,4725N 00034W,
FRSIR,Saint-Rémy,Saint-Remy,FR,21,RL,4738N 00418E,
FRSIT,Saint-Vit,Saint-Vit,FR,25,RL,4711N 00549E,
FRSL8,Saint-Laurent-sur-Mer,Saint-Laurent-sur-Mer,FR,14,AA,4922N 00053W,
FRSLV,Solesmes,Solesmes,FR,72,RL,4751N 00018W,
FRSML,Saint-Malo,Saint-Malo,FR,35,AF,4839N 00201W,
FRSMW,Samoreau,Samoreau,FR,77,RL,4825N 00245E,
FRSNM,Flammerans,Flammerans,FR,21,RL,4714N 00527E,
FRSNQ,Sancé,Sance,FR,71,RL,4620N 00450E,
FRSNR,Saint-Nazaire,Saint-Nazaire,FR,44,AF,4717N 00212W,
FRSO6,Sauzon,Sauzon,FR,56,AA,4722N 00313W,
FRSP5,Saint-Paul,Saint-Paul,FR,04,RL,4431N 00645E,
FRSPK,Spycker,Spycker,FR,59,RL,5058N 00219E,
FRSQR,Saint-Pierre-Quiberon,Saint-Pierre-Quiberon,FR,56,RL,4731N 00308W,
FRSQS,Saint-Christ-Briost,Saint-Christ-Briost,FR,80,RL,4951N 00256E,
FRSQV,Sandrancourt,Sandrancourt,FR,78,RL,4902N 00139E,
FRSRL,Saint-Raphaël,Saint-Raphael,FR,83,AF,4325N 00646E,
FRSS2,Saint-Saturnin,Saint-Saturnin,FR,34,RL,4342N 00328E,
FRSSK,Saint-Sébastien-sur-Loire,Saint-Sebastien-sur-Loire,FR,44,RL,4712N 00130W,
FRSTP,Saint-Tropez,Saint-Tropez,FR,83,AF,4316N 00638E,
FRSTQ,Saint-Quentin,Saint-Quentin,FR,02,AF,4951N 00317E,
FRSUP,Seurre,Seurre,FR,21,RL,4659N 00509E,
FRSVS,Saint-Valery-sur-Somme,Saint-Valery-sur-Somme,FR,80,AF,5011N 00138E,
FRSWD,Saint-Wandrille-Rançon,Saint-Wandrille-Rancon,FR,76,AI,4932N 00046E,
FRSXB,Strasbourg,Strasbourg,FR,67,AF,4834N 00745E,
FRSYQ,Sauvoy,Sauvoy,FR,55,RL,4838N 00536E,
FRSYY,Sailly-sur-la-Lys,Sailly-sur-la-Lys,FR,62,RL,5039N 00246E,
FRSZI,Saint-Nazaire-sur-Charente,Saint-Nazaire-sur-Charente,FR,17,AA,4557N 00103W,
FRTBE,La Turballe,La Turballe,FR,44,RL,4721N 00231W,
FRTCJ,Châtillon-Coligny,Chatillon-Coligny,FR,45,RL,4749N 00251E,
FRTEW,Le Thoronet,Le Thoronet,FR,83,RL,4327N 00618E,
FRTG4,Talmont-sur-Gironde,Talmont-sur-Gironde,FR,17,AA,4532N 00054W,
FRTGH,Thomery,Thomery,FR,77,RL,4824N 00247E,
FRTIG,Tigery,Tigery,FR,91,RL,4838N 00230E,
FRTII,Talais,Talais,FR,33,AA,4529N 00103W,
FRTIM,Saint-Simon,Saint-Simon,FR,02,RL,4945N 00310E,
FRTIN,Pantin,Pantin,FR,93,AF,4854N 00224E,
FRTJE,Trouville-sur-Mer,Trouville-sur-Mer,FR,14,AF,4922N 00005E,
FRTJX,Escautpont,Escautpont,FR,59,RL,5025N 00334E,
FRTL4,Sausset-les-Pins,Sausset-les-Pins,FR,13,AA,4320N 00507E,
FRTLN,Toulon,Toulon,FR,83,AF,4307N 00556E,
FRTLP,Gatteville-le-Phare,Gatteville-le-Phare,FR,50,AA,4941N 00117W,
FRTMG,Saint-Martin-la-Garenne,Saint-Martin-la-Garenne,FR,78,RL,4902N 00141E,
FRTMN,Thun-Saint-Martin,Thun-Saint-Martin,FR,59,RL,5012N 00317E,
FRTON,Tonnay-Charente,Tonnay-Charente,FR,17,AF,4557N 00054W,
FRTOV,Tourlaville,Tourlaville,FR,50,RL,4938N 00134W,
FRTPO,Trilport,Trilport,FR,77,RL,4857N 00256E,
FRTQJ,Saint-Saturnin-d'Apt,Saint-Saturnin-d'Apt,FR,84,RL,4355N 00522E,
FRTR9,Trégunc,Tregunc,FR,29,RL,4751N 00351W,
FRTRE,Tréguier,Treguier,FR,22,AF,4847N 00314W,
FRTRI,Trignac,Trignac,FR,44,RL,4719N 00211W,
FRTTG,Téteghem,Teteghem,FR,59,RL,5100N 00225E,
FRTTU,Île-Tudy,Ile-Tudy,FR,29,AA,4750N 00410W,
FRTUA,Saint-Usage,Saint-Usage,FR,21,RL,4706N 00516E,
FRTUU,Toucy,Toucy,FR,89,RL,4744N 00318E,
FRTVL,Thionville,Thionville,FR,57,AF,4921N 00610E,
FRTWA,Arès,Ares,FR,33,AI,4446N 00108W,
FRTXM,Mulcent,Mulcent,FR,78,RL,4853N 00139E,
FRTZZ,Ternay,Ternay,FR,69,RL,4537N 00449E,
FRUBS,Saubusse,Saubusse,FR,40,RL,4339N 00111W,
FRUCL,Pleumeleuc,Pleumeleuc,FR,35,RL,4811N 00155W,
FRUCM,L'Éguille,L'Eguille,FR,17,RL,4542N 00059W,
FRUCS,Saint-Urcisse,Saint-Urcisse,FR,81,RL,4356N 00137E,
FRUDP,Camp-du-Castellet,Camp-du-Castellet,FR,83,RL,4315N 00545E,
FRUEU,Gueux,Gueux,FR,51,RL,4915N 00354E,
FRUFF,Cuffies,Cuffies,FR,02,RL,4924N 00319E,
FRUFN,Buffon,Buffon,FR,21,RL,4739N 00416E,
FRUGV,Bougival,Bougival,FR,78,RL,4852N 00208E,
FRUIM,Guimaëc,Guimaec,FR,29,RL,4840N 00342W,
FRUIP,Quimper,Quimper,FR,29,AF,4800N 00406W,
FRUJI,Saint-Gonnery,Saint-Gonnery,FR,56,RL,4807N 00249W,
FRUJJ,Saint-Satur,Saint-Satur,FR,18,RL,4720N 00251E,
FRUJK,Monnières,Monnieres,FR,39,RL,4707N 00528E,
FRUJQ,Saint-Sauveur-de-Meilhan,Saint-Sauveur-de-Meilhan,FR,47,RL,4439N 00000E,
FRUJY,Pouilly,Pouilly,FR,89,RL,4724N 00345E,
FRULP,Mareuil-le-Port,Mareuil-le-Port,FR,51,RL,4905N 00344E,
FRUMX,Mareuil-lès-Meaux,Mareuil-les-Meaux,FR,77,RL,4856N 00251E,
FRUNL,Cauneille,Cauneille,FR,40,RL,4332N 00104W,
FRUNS,Guînes,Guines,FR,62,RL,5052N 00152E,
FRUQJ,Saint-Seuri-de-Bourg,Saint-Seuri-de-Bourg,FR,33,RL,4503N 00034W,
FRURO,Rouen,Rouen,FR,76,AF,4927N 00106E,
FRUSJ,Mus,Mus,FR,30,RL,4344N 00412E,
FRUSU,Vulaines-sur-Seine,Vulaines-sur-Seine,FR,77,RL,4825N 00245E,
FRUTE,Leucate,Leucate,FR,11,RL,4255N 00302E,
FRUTI,Écutigny,Ecutigny,FR,21,RL,4705N 00437E,
FRUUC,Bruch,Bruch,FR,47,RL,4413N 00025E,
FRUUO,Boursault,Boursault,FR,51,RL,4903N 00351E,
FRUVI,Guerville,Guerville,FR,78,RL,4857N 00144E,
FRUVJ,Mauves,Mauves,FR,07,RL,4502N 00450E,
FRUVV,Tessy-sur-Vire,Tessy-sur-Vire,FR,50,RL,4858N 00104W,
FRUXE,Joigny,Joigny,FR,89,RL,4759N 00324E,
FRUXL,Carlux,Carlux,FR,24,RL,4453N 00121E,
FRUYO,Butry-sur-Oise,Butry-sur-Oise,FR,95,RL,4905N 00212E,
FRV33,Villeneuve-de-Blaye,Villeneuve-de-Blaye,FR,33,RL,4505N 00037W,
FRV88,Charmes,Charmes,FR,88,RL,4822N 00617E,
FRVA5,Saint-Vallier,Saint-Vallier,FR,71,RL,4639N 00422E,
FRVAF,Valence,Valence,FR,26,AF,4456N 00453E,
FRVAL,Valenciennes,Valenciennes,FR,59,AF,5022N 00332E,
FRVC4,Villers-sous-Châtillon,Villers-sous-Chatillon,FR,51,RL,4906N 00348E,
FRVCS,Carnas,Carnas,FR,30,RL,4350N 00359E,
FRVEJ,Verjux,Verjux,FR,TW,RL,4653N 00458E,
FRVEO,Vernaison,Vernaison,FR,69,RL,4539N 00449E,
FRVEY,Clairvaux-d'Aveyron,Clairvaux-d'Aveyron,FR,12,RL,4425N 00225E,
FRVFG,Romeny-sur-Marne,Romeny-sur-Marne,FR,02,RL,4859N 00320E,
FRVFM,Villefranche-sur-Mer,Villefranche-sur-Mer,FR,06,RL,4342N 00719E,
FRVGE,Villegusien-le-Lac,Villegusien-le-Lac,FR,52,RL,4744N 00518E,
FRVH4,Crézancy-en-Sancerre,Crezancy-en-Sancerre,FR,18,RL,4718N 00245E,
FRVHM,Vendenheim,Vendenheim,FR,67,RL,4840N 00743E,
FRVIG,Saint-Thibault-des-Vignes,Saint-Thibault-des-Vignes,FR,77,RL,4852N 00241E,
FRVIY,Vincey,Vincey,FR,88,RL,4820N 00620E,
FRVJE,Murviel,Murviel,FR,34,RL,4326N 00308E,
FRVL4,Vérin,Verin,FR,42,RL,4527N 00445E,
FRVM5,Verneuil,Verneuil,FR,51,RL,4906N 00340E,
FRVM6,Le Vivier-sur-Mer,Le Vivier-sur-Mer,FR,35,RL,4836N 00147W,
FRVNE,Vannes,Vannes,FR,56,AF,4739N 00246W,
FRVNR,Saint-Vallerin,Saint-Vallerin,FR,71,RL,4641N 00440E,
FRVNZ,Vernizy,Vernizy,FR,71,RL,4647N 00428E,
FRVQR,Véron,Veron,FR,89,RL,4808N 00318E,
FRVR4,Veules-les-Roses,Veules-les-Roses,FR,76,AA,4952N 00048E,
FRVR5,Villerville,Villerville,FR,14,AA,4924N 00008E,
FRVRD,Verdun,Verdun,FR,55,AF,4910N 00523E,
FRVRU,Ver-sur-Mer,Ver-sur-Mer,FR,14,AA,4920N 00032W,
FRVSQ,Varesnes,Varesnes,FR,60,RL,4934N 00303E,
FRVSS,Villefranche-sur-Saône,Villefranche-sur-Saone,FR,69,AF,4559N 00443E,
FRVTI,Saint-Valentin,Saint-Valentin,FR,36,RL,4657N 00152E,
FRVTM,Venteuil,Venteuil,FR,51,RL,4905N 00350E,
FRVUX,Villenauxe,Villenauxe,FR,77,RL,4824N 00318E,
FRVVL,Villeneuve-lès-Avignon,Villeneuve-les-Avignon,FR,30,RL,4359N 00447E,
FRW2C,Novillars,Novillars,FR,25,RL,4717N 00608E,
FRWBY,Bayon-sur-Gironde,Bayon-sur-Gironde,FR,33,RL,4503N 00036W,
FRWIK,Roquecourbe,Roquecourbe,FR,81,RL,4340N 00218E,
FRWMN,Blienschwiller,Blienschwiller,FR,67,RL,4820N 00725E,
FRWNT,Warneton,Warneton,FR,59,RL,5044N 00257E,
FRWQA,Mézoargues,Mezoargues,FR,13,RL,4352N 00439E,
FRWTT,Watten,Watten,FR,59,RL,5050N 00213E,
FRWWW,Mirepeisset,Mirepeisset,FR,11,RL,4317N 00254E,
FRX28,Saint-Pierre-de-Manneville,Saint-Pierre-de-Manneville,FR,76,RL,4924N 00056E,
FRXAN,Anse,Anse,FR,69,RL,4556N 00443E,
FRXCB,Corcelles-en-Beaujolais,Corcelles-en-Beaujolais,FR,69,RL,4609N 00443E,
FRXCS,Saint-Vaize,Saint-Vaize,FR,17,RL,4549N 00038W,
FRXDH,Saint-Léger-sur-Dheune,Saint-Leger-sur-Dheune,FR,71,RL,4651N 00438E,
FRXER,Port-Sainte-Marie,Port-Sainte-Marie,FR,47,RL,4415N 00024E,
FRXEU,Buxeuil,Buxeuil,FR,10,RL,4803N 00424E,
FRXGL,Saint-Gilles,Saint-Gilles,FR,30,RL,4341N 00425E,
FRXGV,Saint-Gilles-Croix-de-Vie,Saint-Gilles-Croix-de-Vie,FR,85,AI,4641N 00156W,
FRXLG,Lignorelles,Lignorelles,FR,89,RL,4751N 00343E,
FRXLZ,Civrac-de-Blaye,Civrac-de-Blaye,FR,33,RL,4507N 00027W,
FRXRG,Muro,Muro,FR,2A,RL,4233N 00855E,
FRXRY,Luneray,Luneray,FR,76,RL,4950N 00055E,
FRXSW,Vonges,Vonges,FR,21,RL,4718N 00524E,
FRXVF,Monestier,Monestier,FR,24,RL,4446N 00019E,
FRXVY,Noyen-sur-Seine,Noyen-sur-Seine,FR,77,RL,4827N 00321E,
FRXXD,Ravigny,Ravigny,FR,53,RL,4827N 00004W,
FRXYR,Tracy-sur-Loire,Tracy-sur-Loire,FR,58,RL,4719N 00253E,
FRY78,Hardricourt,Hardricourt,FR,78,RL,4900N 00154E,
FRYAN,Junay,Junay,FR,89,RL,4753N 00357E,
FRYEN,Creney-près-Troyes,Creney-pres-Troyes,FR,10,RL,4820N 00408E,
FRYGP,Rogny-les-Sept-Écluses,Rogny-les-Sept-Ecluses,FR,89,RL,4744N 00253E,
FRYJK,Ponteilla,Ponteilla,FR,66,RL,4238N 00249E,
FRYMS,Ambly-sur-Meuse,Ambly-sur-Meuse,FR,55,RL,4901N 00527E,
FRYNE,La Seyne-sur-Mer,La Seyne-sur-Mer,FR,83,RL,4306N 00553E,
FRYNR,Sanary-sur-Mer,Sanary-sur-Mer,FR,83,RL,4307N 00548E,
FRYSM,Sorcy-Saint-Martin,Sorcy-Saint-Martin,FR,55,RL,4842N 00537E,
FRYSO,Fleurey-sur-Ouche,Fleurey-sur-Ouche,FR,21,RL,4719N 00451E,
FRYSU,Seyssuel,Seyssuel,FR,38,RL,4534N 00451E,
FRYUJ,Pouillenay,Pouillenay,FR,21,RL,4730N 00428E,
FRYUP,Monguilhem,Monguilhem,FR,32,RL,4351N 00011W,
FRYUS,Mouy-sur-Seine,Mouy-sur-Seine,FR,77,RL,4825N 00314E,
FRYVG,Blagny-sur-Vingeanne,Blagny-sur-Vingeanne,FR,21,RL,4726N 00522E,
FRYXA,Chailly-sur-Armançon,Chailly-sur-Armancon,FR,21,RL,4716N 00429E,
FRYYO,Yport,Yport,FR,76,AA,4944N 00019E,
FRZAN,Saint-Genis-de-Saintonge,Saint-Genis-de-Saintonge,FR,17,RL,4529N 00035W,
FRZCY,Luzancy,Luzancy,FR,77,RL,4858N 00310E,
FRZEV,Plozévet,Plozevet,FR,29,RL,4759N 00426W,
FRZHA,Rochefort-du-Gard,Rochefort-du-Gard,FR,30,RL,4359N 00441E,
FRZIC,Pouldreuzic,Pouldreuzic,FR,29,RL,4757N 00422W,
FRZLE,Azille,Azille,FR,11,RL,4317N 00240E,
FRZLJ,Pouzilhac,Pouzilhac,FR,30,RL,4403N 00435E,
FRZLL,Corcelles-les-Arts,Corcelles-les-Arts,FR,21,RL,4657N 00448E,
FRZMB,Caromb,Caromb,FR,84,RL,4407N 00506E,
FRZMM,Cormeilles,Cormeilles,FR,27,RL,4915N 00023E,
FRZMY,Cormeray,Cormeray,FR,41,RL,4729N 00124E,
FRZNN,Corconne,Corconne,FR,30,RL,4352N 00356E,
FRZOG,Ronchin,Ronchin,FR,59,RL,5036N 00306E,
FRZPP,Denée,Denee,FR,49,RL,4723N 00036W,
FRZT7,Collorgues,Collorgues,FR,30,RL,4400N 00417E,
FRZTW,Bram,Bram,FR,11,RL,4315N 00207E,
FRZUI,Buzet-sur-Baïse,Buzet-sur-Baise,FR,47,RL,4415N 00017E,
FRZXC,Camplong-d'Aude,Camplong-d'Aude,FR,11,RL,4308N 00239E,
FRZXD,Pougny,Pougny,FR,58,RL,4723N 00300E,
FRZXH,Pontlevoy,Pontlevoy,FR,41,RL,4723N 00115E,
FRZXN,Monein,Monein,FR,64,RL,4319N 00035W,
FRZYL,Lazenay,Lazenay,FR,18,RL,4704N 00204E,
FRZZU,Carnoules,Carnoules,FR,83,RL,4318N 00611E,
GACCB,Cocobeach,Cocobeach,GA,,RL,,
GACLZ,Cap Lopez,Cap Lopez,GA,,QQ,,
GAEKU,Equata,Equata,GA,1,RL,0013S 00918E,
GAGAX,Gamba,Gamba,GA,,AI,,
GALBV,Libreville,Libreville,GA,,AI,,
GALUC,Lucina,Lucina,GA,,QQ,,
GAMBY,M'bya Terminal,M'bya Terminal,GA,,RL,,
GANYA,Nyanga,Nyanga,GA,,RL,,
GAOGU,Oguandjo Terminal,Oguandjo Terminal,GA,,RL,0130S 00854E,
GAOWE,Owendo,Owendo,GA,,AI,,
GAPOG,Port Gentil,Port Gentil,GA,,AI,,
GB7TR,Norton,Norton,GB,WOR,RL,5209N 00211W,
GBABA,Aberaeron,Aberaeron,GB,CGN,AF,5215N 00415W,
GBABD,Aberdeen,Aberdeen,GB,ABE,AF,5708N 00206W,
GBABF,Aberdyfi (Aberdovey),Aberdyfi (Aberdovey),GB,GWN,AA,5233N 00402W,
GBABJ,Saint Abbs,Saint Abbs,GB,SCB,AA,5554N 00208W,
GBABS,Aber Sôch (Abersoch),Aber Soch (Abersoch),GB,GWN,AA,5249N 00430W,
GBABV,Aberdovey,Aberdovey,GB,GWN,RL,5232N 00403W,
GBABW,Barmouth (Abermaw),Barmouth (Abermaw),GB,GWN,AA,5243N 00403W,
GBACA,Acharacle,Acharacle,GB,HLD,RL,5444N 00547W,
GBACB,Back,Back,GB,ELS,RL,5816N 00619W,
GBACE,Achiltibuie,Achiltibuie,GB,HLD,RL,5802N 00522W,
GBACV,Cove (Aberdeen),Cove (Aberdeen),GB,ABD,RL,5706N 00204W,
GBADF,Ardfern,Ardfern,GB,AGB,AA,5611N 00532W,
GBADK,Ardkeen,Ardkeen,GB,NMD,RL,5425N 00531W,
GBADM,Aird Mhor (Ardmhor),Aird Mhor (Ardmhor),GB,ELS,AA,5701N 00725W,
GBADR,Aberdaron,Aberdaron,GB,GWN,AA,5248N 00443W,
GBAEE,Abergele,Abergele,GB,CWY,RL,5317N 00335W,
GBAEN,Salen,Salen,GB,HLD,RL,5642N 00547W,
GBAET,Ardentinny,Ardentinny,GB,AGB,RL,5602N 00454W,
GBAEW,Hanwell,Hanwell,GB,LND,RL,,
GBAFW,Aberffraw,Aberffraw,GB,AGY,RL,5311N 00427W,
GBAGL,Ardglass,Ardglass,GB,NMD,AA,5416N 00537W,
GBAGO,Arinagour,Arinagour,GB,AGB,AA,5637N 00632W,
GBAGU,Ardgour,Ardgour,GB,HLD,AA,5643N 00515W,
GBAHN,Achnacroish,Achnacroish,GB,AGB,AA,5630N 00529W,
GBAIS,St Agnes,St Agnes,GB,CON,RL,4953N 00620W,
GBAIT,Aith,Aith,GB,ZET,AA,6017N 00123W,
GBAKL,Auckengill,Auckengill,GB,HLD,RL,5834N 00304W,
GBALB,Aldeburgh,Aldeburgh,GB,SFK,AF,5209N 00136E,
GBALI,Arlington,Arlington,GB,GLS,RL,5145N 00150W,
GBALL,Alloa,Alloa,GB,CLK,AA,5607N 00347W,
GBALM,Alnmouth,Alnmouth,GB,NBL,AF,5523N 00137W,
GBALP,Althorpe,Althorpe,GB,NLN,RL,5335N 00044W,
GBAMB,Amble,Amble,GB,NBL,AF,5519N 00135W,
GBAMD,"Armadale, Isle of Skye","Armadale, Isle of Skye",GB,HLD,AA,5703N 00554W,
GBAMH,Ardmaleish,Ardmaleish,GB,AGB,AA,5552N 00505W,
GBAML,Ambleside,Ambleside,GB,CMA,AF,5426N 00258W,
GBAMN,Ardnamurchan,Ardnamurchan,GB,HLD,RL,5641N 00605W,
GBAMR,Aird Ma Ruibhe,Aird Ma Ruibhe,GB,AGB,AA,5742N 00711W,
GBAMW,Amlwch,Amlwch,GB,AGY,AA,5325N 00421W,
GBANA,Anasuria,Anasuria,GB,SCT,RL,5715N 00048E,
GBANG,Annalong,Annalong,GB,NMD,AA,5406N 00554W,
GBANN,Annan,Annan,GB,DGY,AA,5459N 00316W,
GBANO,Road Town,Road Town,GB,,RL,1825N 06437W,
GBANS,Anstruther,Anstruther,GB,FIF,AA,5613N 00242W,
GBAOL,Abbotsley,Abbotsley,GB,CAM,RL,5211N 00012W,
GBAOT,Abbotsbury,Abbotsbury,GB,DOR,RL,5040N 00236W,
GBAPI,Appin,Appin,GB,AGB,RL,5634N 00521W,
GBAPP,Appledore,Appledore,GB,DEV,AF,5103N 00412W,
GBAPS,Applecross,Applecross,GB,HLD,RL,5723N 00548W,
GBAQW,Longsight,Longsight,GB,MAN,RL,5328N 00212W,
GBARB,Arbroath,Arbroath,GB,ANS,AF,5634N 00235W,
GBARC,Abercastle,Abercastle,GB,PEM,AA,5157N 00507W,
GBARD,Ardrossan,Ardrossan,GB,NAY,AF,5537N 00449W,
GBARG,Arisaig,Arisaig,GB,HLD,AA,5654N 00551W,
GBARP,West Harptree,West Harptree,GB,BAS,RL,5118N 00237W,
GBARV,Ardveenish,Ardveenish,GB,ELS,AA,5700N 00724W,
GBASA,Saint-Anne's-on-Sea,Saint-Anne's-on-Sea,GB,LAN,RL,5345N 00303W,
GBASG,Ardrishaig,Ardrishaig,GB,AGB,AF,5601N 00527W,
GBATS,Sleat,Sleat,GB,HLD,RL,5703N 00554W,
GBAUL,Aultbea,Aultbea,GB,HLD,AA,5750N 00534W,
GBAVC,Avoch,Avoch,GB,HLD,AA,5733N 00410W,
GBAVL,Alveley,Alveley,GB,SHR,AF,5227N 00220W,
GBAVO,Avonmouth,Avonmouth,GB,BST,AF,5130N 00241W,
GBAXO,Axmouth,Axmouth,GB,DEV,AA,5042N 00303W,
GBAYD,Aberdour,Aberdour,GB,FIF,AA,5603N 00317W,
GBAYR,Ayr,Ayr,GB,SAY,AF,5527N 00437W,
GBAYW,Aberystwyth,Aberystwyth,GB,CGN,AA,5225N 00405W,
GBBAD,Barry Dock,Barry Dock,GB,VGL,AF,5123N 00315W,
GBBAN,Bangor,Bangor,GB,AND,RL,5439N 00540W,
GBBAW,Baltic Wharf,Baltic Wharf,GB,KEN,AF,,
GBBAZ,Barton on Sea,Barton on Sea,GB,,RL,5044N 00139W,
GBBBB,Breaston,Breaston,GB,DRY,RL,,
GBBBE,Branscombe,Branscombe,GB,DEV,RL,5042N 00308W,
GBBBK,Burton Bradstock,Burton Bradstock,GB,DOR,RL,5042N 00243W,
GBBBN,Balbriggan,Balbriggan,GB,,RL,5336N 00610W,
GBBBP,Bembridge,Bembridge,GB,IOW,AI,5041N 00105W,
GBBBX,Barnstone,Barnstone,GB,NTT,RL,5254N 00054W,
GBBCE,Barcaldine,Barcaldine,GB,AGB,RL,5631N 00518W,
GBBCH,Bruichladdich,Bruichladdich,GB,AGB,AA,5546N 00622W,
GBBCR,Buck's Cross,Buck's Cross,GB,DEV,RL,5100N 00424W,
GBBCS,Brancaster Staithe,Brancaster Staithe,GB,NFK,AA,5258N 00040E,
GBBD2,Bedhampton,Bedhampton,GB,HAM,RL,5051N 00100W,
GBBDA,Birkdale,Birkdale,GB,SFT,AQ,5338N 00302W,
GBBDB,Barnoldby le Beck,Barnoldby le Beck,GB,NEL,RL,5330N 00008W,
GBBDF,"Broadford, Isle of Skye","Broadford, Isle of Skye",GB,HLD,AA,5714N 00554W,
GBBDI,"Brodick, Isle of Arran","Brodick, Isle of Arran",GB,NAY,AA,5535N 00510W,
GBBDT,Broadstairs,Broadstairs,GB,KEN,AA,5122N 00125E,
GBBDX,Baldirton,Baldirton,GB,CHW,RL,,
GBBDZ,Bardsea,Bardsea,GB,CMA,RL,5409N 00304W,
GBBE2,Bubwith,Bubwith,GB,ERY,RL,5349N 00055W,
GBBEH,Berry Head,Berry Head,GB,,AF,5024N 00329W,
GBBEL,Belfast,Belfast,GB,BFS,AF,5459N 00555W,
GBBFB,Braefoot Bay,Braefoot Bay,GB,FIF,AF,5603N 00319W,
GBBFE,Brierfield,Brierfield,GB,LAN,RL,5349N 00214W,
GBBFF,Banff,Banff,GB,ABD,AF,5740N 00232W,
GBBFO,Bodffordd,Bodffordd,GB,AGY,AQ,5316N 00422W,
GBBFP,Blackford,Blackford,GB,ABD,RL,5724N 00229W,
GBBFU,Broughton In Furness,Broughton In Furness,GB,CMA,RL,5416N 00312W,
GBBFY,Briton Ferry,Briton Ferry,GB,NTL,AF,5138N 00349W,
GBBGY,Bingley,Bingley,GB,BRD,AF,5351N 00150W,
GBBHB,Ballyhalbert,Ballyhalbert,GB,AND,RL,5430N 00527W,
GBBHJ,Bramshall,Bramshall,GB,STS,RL,5254N 01055W,
GBBHK,Bromborough,Bromborough,GB,WRL,AF,5320N 00259W,
GBBHR,Barrow-upon-Humber,Barrow-upon-Humber,GB,NLN,AF,5341N 00023W,
GBBHW,Billingham,Billingham,GB,STT,AF,5436N 00118W,
GBBID,Bideford,Bideford,GB,DEV,AF,5101N 00413W,
GBBIF,Barrow in Furness,Barrow in Furness,GB,CMA,AF,5407N 00314W,
GBBIK,Briston,Briston,GB,NFK,RL,5251N 00104E,
GBBIP,Bishop Auckland,Bishop Auckland,GB,DUR,AF,,
GBBKC,"Backaland, Eday","Backaland, Eday",GB,ORK,AA,5909N 00245W,
GBBKD,Buckden,Buckden,GB,CAM,AF,,
GBBKS,Blackness,Blackness,GB,FAL,AA,5600N 00331W,
GBBLB,Blackburn,Blackburn,GB,LAN,AF,,
GBBLC,Blakeney,Blakeney,GB,NFK,AA,5257N 00101E,
GBBLI,Balintore,Balintore,GB,HLD,AA,5745N 00354W,
GBBLJ,Blairmore,Blairmore,GB,AGB,RL,5559N 00454W,
GBBLK,Blackpool,Blackpool,GB,LAN,AF,,
GBBLR,Ballylumford,Ballylumford,GB,ANN,RL,5450N 00547W,
GBBLS,Brightlingsea,Brightlingsea,GB,ESS,AF,5149N 00101E,
GBBLT,Bolton,Bolton,GB,BOL,AF,5335N 00226W,
GBBLU,Beaulieu,Beaulieu,GB,HAM,AA,5049N 00126W,
GBBLY,Blyth,Blyth,GB,NBL,AF,,
GBBLZ,Barlborough,Barlborough,GB,DBY,RL,5317N 00117W,
GBBMC,Balmacara,Balmacara,GB,HLD,RL,5717N 00537W,
GBBMO,Burnmouth,Burnmouth,GB,SCB,AA,5550N 00204W,
GBBMR,Beaumaris,Beaumaris,GB,GWN,AF,5316N 00406W,
GBBMT,"Belmont, Unst","Belmont, Unst",GB,ZET,AA,6041N 00058W,
GBBMU,Barmouth,Barmouth,GB,GWN,RL,5243N 00403W,
GBBMX,Boulmer,Boulmer,GB,NBL,RL,5525N 00134W,
GBBNB,Bunnahabhain,Bunnahabhain,GB,AGB,RL,5553N 00608W,
GBBND,Barnstaple,Barnstaple,GB,DEV,AA,5104N 00403W,
GBBNG,Bangor,Bangor,GB,GWN,AF,5314N 00408W,
GBBNH,Barton upon Humber,Barton upon Humber,GB,NLN,AF,5340N 00026W,
GBBNR,Ballantrae,Ballantrae,GB,SAY,AA,5505N 00459W,
GBBNX,Blackwell,Blackwell,GB,DBY,RL,,
GBBOC,Burnham on Crouch,Burnham on Crouch,GB,ESS,AF,5137N 00050E,
GBBOE,Bootle,Bootle,GB,SFT,AF,5328N 00301W,
GBBOH,Bournemouth,Bournemouth,GB,DOR,AA,5044N 00153W,
GBBOL,Botley,Botley,GB,BKM,AF,5142N 00001W,
GBBON,Bo'ness,Bo'ness,GB,FAL,AF,5600N 00336W,
GBBOS,Boston,Boston,GB,LIN,AF,5258N 00002W,
GBBOT,Borth-y-Gest,Borth-y-Gest,GB,GWN,AA,5255N 00408W,
GBBOW,Bowling,Bowling,GB,RFW,AF,5555N 00429W,
GBBPE,Broadmoor,Broadmoor,GB,PEM,RL,5143N 00445W,
GBBPT,Burry Port,Burry Port,GB,CMN,AA,5141N 00415W,
GBBQQ,Bickington,Bickington,GB,DEV,RL,5032N 00341W,
GBBQX,Beadnell,Beadnell,GB,NBL,RL,5533N 00138W,
GBBRF,Bradford,Bradford,GB,BRD,AF,5347N 00145W,
GBBRJ,Brora,Brora,GB,HLD,AA,5801N 00351W,
GBBRK,Birkenhead,Birkenhead,GB,WRL,AF,5324N 00302W,
GBBRN,Burnley,Burnley,GB,LAN,AF,5348N 00213W,
GBBRP,Bridport,Bridport,GB,DOR,AF,5044N 00245W,
GBBRR,Barra,Barra,GB,,AI,5700N 00727W,
GBBRS,Bristol,Bristol,GB,BST,AF,5127N 00235W,
GBBRT,Bridlington,Bridlington,GB,ERY,AF,5405N 00012W,
GBBRU,"Bruray, Out Skerries","Bruray, Out Skerries",GB,ZET,AA,6025N 00045W,
GBBRW,Bridgwater,Bridgwater,GB,SOM,AF,5107N 00300W,
GBBRX,Brixham,Brixham,GB,DEV,AF,5023N 00330W,
GBBSC,Boscastle,Boscastle,GB,CON,AA,5041N 00442W,
GBBSH,Brighton,Brighton,GB,ESX,AF,,
GBBSI,Bognor Regis,Bognor Regis,GB,WSX,AA,5047N 00041W,
GBBSL,Bosley,Bosley,GB,CHE,AF,5311N 00207W,
GBBSM,Bourton,Bourton,GB,NSM,RL,5104N 00220W,
GBBSN,Baltasound,Baltasound,GB,ZET,AI,6045N 00052W,
GBBSS,Borrowstowness,Borrowstowness,GB,CMA,RL,5426N 00331W,
GBBSX,Beesands,Beesands,GB,DEV,RL,5020N 00334W,
GBBSY,Barnsley,Barnsley,GB,BNS,AF,5333N 00129W,
GBBTK,Bedstone,Bedstone,GB,SHR,RL,5222N 00256W,
GBBTL,Burntisland,Burntisland,GB,FIF,AF,5604N 00314W,
GBBTZ,Butterwick,Butterwick,GB,LIN,RL,5259N 00000E,
GBBUA,Budleigh Salterton,Budleigh Salterton,GB,DEV,AF,5038N 00320W,
GBBUC,Buckie,Buckie,GB,MRY,AF,5740N 00258W,
GBBUD,Bude,Bude,GB,CON,AA,5050N 00433W,
GBBUF,Burray,Burray,GB,ORK,AA,5851N 00255W,
GBBUH,Burghead,Burghead,GB,MRY,AF,5742N 00329W,
GBBUO,Barrow On Soar,Barrow On Soar,GB,LEC,RL,5245N 00108W,
GBBUS,Burton upon Stather,Burton upon Stather,GB,NLN,AF,5339N 00041W,
GBBUY,Bury,Bury,GB,WSX,AF,5054N 00034W,
GBBVO,Burravoe,Burravoe,GB,ZET,RL,6029N 00101W,
GBBVR,Balvicar,Balvicar,GB,AGB,RL,5617N 00536W,
GBBWC,Burwick,Burwick,GB,ORK,AA,5845N 00258W,
GBBWK,Berwick-upon-Tweed,Berwick-upon-Tweed,GB,NBL,AF,5547N 00200W,
GBBWM,Bray,Bray,GB,WNM,RL,5130N 00042W,
GBBWR,Burrow,Burrow,GB,SOM,AF,,
GBBWU,Barrow upon Trent,Barrow upon Trent,GB,DBY,RL,5251N 00128W,
GBBWV,Budock Water,Budock Water,GB,CON,RL,5009N 00507W,
GBBWX,Brettenham,Brettenham,GB,NFK,RL,,
GBBXB,Bexhill,Bexhill,GB,ESX,AA,5051N 00028E,
GBBXF,Bassingham,Bassingham,GB,LIN,RL,5307N 00038W,
GBBXS,Brighstone,Brighstone,GB,IOW,RL,5038N 00123W,
GBBXT,Brotton,Brotton,GB,RCC,RL,5434N 00056W,
GBBXX,Beer,Beer,GB,DEV,RL,5041N 00305W,
GBBYI,Brynsiencyn,Brynsiencyn,GB,AGY,RL,5311N 00414W,
GBBYN,Broadmayne,Broadmayne,GB,DOR,RL,5041N 00223W,
GBBYP,Ballintoy,Ballintoy,GB,ANN,RL,5514N 00621W,
GBBZR,Bryher,Bryher,GB,CON,RL,4957N 00621W,
GBBZT,Broughton,Broughton,GB,FLN,AF,5310N 00300W,
GBC5T,Cardington,Cardington,GB,BDF,RL,5206N 00024W,
GBCAA,Caldecote,Caldecote,GB,CAM,RL,,
GBCAB,Carbost,Carbost,GB,HLD,RL,5711N 00612W,
GBCAF,Collafirth,Collafirth,GB,ZET,AA,6032N 00122W,
GBCAG,"Ceann a Gharaidh, Eriskay","Ceann a Gharaidh, Eriskay",GB,ELS,AA,5704N 00717W,
GBCAH,Carnlough,Carnlough,GB,LRN,AA,5459N 00600W,
GBCAN,Canvey Island,Canvey Island,GB,ESS,AF,5131N 00034E,
GBCAR,Cardigan (Aberteifi),Cardigan (Aberteifi),GB,CGN,AA,5205N 00439W,
GBCAU,Camusnagaul,Camusnagaul,GB,HLD,AA,5650N 00508W,
GBCAX,Carlisle,Carlisle,GB,CMA,AF,,
GBCBA,Castlebay,Castlebay,GB,ELS,AF,5657N 00728W,
GBCBE,Camber,Camber,GB,ESX,RL,5056N 00047E,
GBCBL,Cairnbulg,Cairnbulg,GB,ABD,RL,5740N 00155W,
GBCBM,Combe Martin,Combe Martin,GB,DEV,RL,5112N 00402W,
GBCBO,Cranborne,Cranborne,GB,DOR,AQ,5055N 00155W,
GBCBT,Campbeltown,Campbeltown,GB,AGB,AF,5526N 00538W,
GBCBX,Baxenden,Baxenden,GB,LAN,RL,5344N 00221W,
GBCCC,Criccieth,Criccieth,GB,GWN,RL,5255N 00414W,
GBCCE,Catterline,Catterline,GB,ABD,RL,5654N 00112W,
GBCCH,Christchurch,Christchurch,GB,DOR,AA,5044N 00145W,
GBCCL,Cape Cornwall,Cape Cornwall,GB,CON,AA,5007N 00542W,
GBCDF,Cardiff,Cardiff,GB,CRF,AF,5130N 00312W,
GBCDK,Chideock,Chideock,GB,DOR,RL,5043N 00249W,
GBCEB,Cemaes Bay,Cemaes Bay,GB,AGY,AA,5325N 00427W,
GBCEG,Chester,Chester,GB,CHW,AF,,
GBCEI,Ceinewydd (New Quay),Ceinewydd (New Quay),GB,CGN,AA,5213N 00422W,
GBCEL,Cellardyke,Cellardyke,GB,FIF,AA,5614N 00239W,
GBCET,Carsethorn,Carsethorn,GB,DGY,RL,5455N 00334W,
GBCFE,Crieff,Crieff,GB,PKN,AQ,5622N 00350W,
GBCFG,Carrickfergus,Carrickfergus,GB,CKF,AF,,
GBCFM,Corfe Mullen,Corfe Mullen,GB,DOR,RL,5047N 00202W,
GBCGB,Coldingham,Coldingham,GB,SCB,RL,5553N 00210W,
GBCGJ,"Craighouse, Isle of Jura","Craighouse, Isle of Jura",GB,AGB,AA,5550N 00557W,
GBCGP,Cloghan Point/Carrickfergus,Cloghan Point/Carrickfergus,GB,CKF,AA,5442N 00548W,
GBCGT,Covent Garden,Covent Garden,GB,WSM,RL,5130N 00760W,
GBCGY,Congresbury,Congresbury,GB,NSM,AQ,5122N 00249W,
GBCGZ,Cadgwith,Cadgwith,GB,CON,RL,4959N 00510W,
GBCHD,Charleston,Charleston,GB,ANS,AF,5635N 00300W,
GBCHE,Mostyn,Mostyn,GB,FLN,AF,5318N 00316W,
GBCHF,Charlestown,Charlestown,GB,CON,AF,,
GBCHJ,Charmouth,Charmouth,GB,DOR,RL,5044N 00254W,
GBCHR,Chorley,Chorley,GB,LAN,AF,,
GBCHT,Chepstow,Chepstow,GB,MON,AF,5138N 00240W,
GBCII,Chillington,Chillington,GB,SOM,RL,5100N 00424W,
GBCIS,Coniston,Coniston,GB,CMA,AF,,
GBCIT,Collieston,Collieston,GB,ABD,RL,5721N 00155W,
GBCKK,Crosskirk,Crosskirk,GB,HLD,RL,5836N 00339W,
GBCKM,Cockermouth,Cockermouth,GB,CMA,AF,,
GBCKN,Culkein,Culkein,GB,HLD,AA,5815N 00521W,
GBCKR,Chickerell,Chickerell,GB,DOR,RL,5037N 00230W,
GBCKS,Creeksea,Creeksea,GB,,RL,5138N 00047E,
GBCLF,Cliffe,Cliffe,GB,KEN,AF,,
GBCLJ,Claonaig,Claonaig,GB,AGB,AA,5545N 00523E,
GBCLM,Culkein/Drumbeg,Culkein/Drumbeg,GB,HLD,RL,5814N 00520W,
GBCLR,Coleraine,Coleraine,GB,CLR,AF,,
GBCLS,Clacton-on-Sea,Clacton-on-Sea,GB,ESS,AA,5148N 00109E,
GBCLY,Clydebank,Clydebank,GB,WDU,AA,5554N 00424W,
GBCMA,Cefn-Mawr,Cefn-Mawr,GB,WRX,AQ,5258N 00304W,
GBCMD,Cramond,Cramond,GB,EDH,AA,5558N 00317W,
GBCMP,Crombie,Crombie,GB,FIF,AA,5603N 00332W,
GBCMS,"Cumbrae Slip, Great Cumbrae","Cumbrae Slip, Great Cumbrae",GB,NAY,AA,5547N 00454W,
GBCNA,"Canna, Inner Hebrides","Canna, Inner Hebrides",GB,HLD,AA,5703N 00630W,
GBCNC,Crinan,Crinan,GB,AGB,AA,5605N 00534W,
GBCNM,Central Mainland (Shetland),Central Mainland (Shetland),GB,ZET,RL,6019N 00116W,
GBCNP,Saint Catherine's Point,Saint Catherine's Point,GB,IOW,RL,5034N 00118W,
GBCNU,Craignure,Craignure,GB,AGB,AF,5628N 00543W,
GBCNV,Caernarfon,Caernarfon,GB,GWN,AF,,
GBCNX,Cawsand,Cawsand,GB,CON,RL,5019N 00421W,
GBCNZ,Cockenzie,Cockenzie,GB,ELN,AF,5557N 00257W,
GBCOL,Colchester,Colchester,GB,ESS,AF,,
GBCOQ,Connah's Quay,Connah's Quay,GB,FLN,AF,5313N 00304W,
GBCOR,Corpach,Corpach,GB,HLD,AF,5651N 00507W,
GBCOV,Coverack,Coverack,GB,CON,AF,,
GBCOW,Cowes,Cowes,GB,IOW,AF,,
GBCOY,Coryton,Coryton,GB,ESS,AF,,
GBCPD,Chapel Saint Leonards,Chapel Saint Leonards,GB,LIN,RL,5313N 00019E,
GBCQQ,Cockwood,Cockwood,GB,,RL,5036N 00326W,
GBCQY,Connahs Quay,Connahs Quay,GB,FLN,RL,5313N 00304W,
GBCR5,Cropton,Cropton,GB,NYK,RL,5417N 00050W,
GBCRA,Carradale,Carradale,GB,AGB,AA,5535N 00528W,
GBCRJ,Crail,Crail,GB,FIF,AA,5616N 00238W,
GBCRN,Cromarty,Cromarty,GB,HLD,AF,5740N 00402W,
GBCRR,Cromer,Cromer,GB,NFK,RL,5256N 00118E,
GBCRT,Carrington,Carrington,GB,TRF,AF,5326N 00223W,
GBCRV,Carlton Colville,Carlton Colville,GB,SFK,RL,5227N 00142E,
GBCRX,Craster,Craster,GB,,RL,5528N 00135W,
GBCSC,Caister on Sea,Caister on Sea,GB,,RL,5239N 00145E,
GBCSN,Garston,Garston,GB,,AF,5320N 00254W,
GBCSR,Chester,Chester,GB,CLK,RL,,
GBCST,Chichester,Chichester,GB,WSX,AA,5050N 00047W,
GBCSU,Cadishead,Cadishead,GB,MAN,RL,5324N 00227W,
GBCSW,Castletown,Castletown,GB,DOR,RL,5034N 00227W,
GBCTF,Castleford,Castleford,GB,WKF,AF,5343N 00121W,
GBCTM,Chatham,Chatham,GB,KEN,AF,,
GBCTP,Caythorpe,Caythorpe,GB,LIN,RL,,
GBCU8,Curbar,Curbar,GB,DBY,RL,5316N 00138W,
GBCUA,"Cuan Ferry, Seil","Cuan Ferry, Seil",GB,AGB,AA,5616N 00538W,
GBCUB,"Church Bay, Rathlin Island","Church Bay, Rathlin Island",GB,MYL,AA,5517N 00611W,
GBCUE,Cushendun,Cushendun,GB,MYL,AA,5508N 00603W,
GBCUJ,Cumbria,Cumbria,GB,NYK,RL,5430N 00315W,
GBCUM,Cumbraes,Cumbraes,GB,NAY,RL,5544N 00455W,
GBCUN,Cullen,Cullen,GB,MRY,AA,5741N 00249E,
GBCUR,Curlew,Curlew,GB,,RL,5644N 00118E,
GBCUS,Cushendall,Cushendall,GB,MYL,AA,5505N 00603W,
GBCUV,"Cullivoe, Yell","Cullivoe, Yell",GB,ZET,AA,6042N 00101W,
GBCVA,Colintraive,Colintraive,GB,AGB,AA,5555N 00508W,
GBCVE,Cove,Cove,GB,SCB,AA,5556N 00221W,
GBCVI,Cove (Leith),Cove (Leith),GB,EDH,RL,5556N 00221W,
GBCVL,Clovelly,Clovelly,GB,CON,RL,5060N 00424W,
GBCVT,Coventry,Coventry,GB,COV,AF,5225N 00133W,
GBCVW,Convoys Wharf,Convoys Wharf,GB,,RL,5148N 00002W,
GBCWA,Conwy (Conway),Conwy (Conway),GB,CWY,AA,5317N 00350W,
GBCWH,West Chiltington,West Chiltington,GB,WSX,RL,5056N 00027W,
GBCWN,Charlestown,Charlestown,GB,FIF,AA,5602N 00330W,
GBCYD,Clynderwen,Clynderwen,GB,PEM,RL,5150N 00442W,
GBCYG,Claydon,Claydon,GB,OXF,RL,,
GBCYN,Cairnryan,Cairnryan,GB,DGY,AF,5458N 00501W,
GBCYP,Clydeport,Clydeport,GB,NAY,AF,,
GBCYY,Colwyn Bay (Bae Colwyn),Colwyn Bay (Bae Colwyn),GB,CWY,AA,5318N 00344W,
GBCZV,Clunbury,Clunbury,GB,SHR,RL,5225N 00255W,
GBCZZ,Constantine,Constantine,GB,CON,RL,5007N 00510W,
GBDAG,Dagenham,Dagenham,GB,BDG,AF,5133N 00010E,
GBDAL,Dalton in Furness,Dalton in Furness,GB,CMA,AF,,
GBDBG,Ardbeg,Ardbeg,GB,AGB,RL,5538N 00606W,
GBDBR,Dunbar,Dunbar,GB,ELN,AQ,5600N 00231W,
GBDBY,Dulas Bay,Dulas Bay,GB,AGY,RL,5322N 00416W,
GBDDT,Durward Dauntless,Durward Dauntless,GB,,RL,5730N 00005W,
GBDEB,Denby,Denby,GB,DBY,RL,5301N 00124W,
GBDER,Dereham,Dereham,GB,NFK,RL,5241N 00056E,
GBDET,Denton,Denton,GB,ESX,AA,5048N 00003E,
GBDEX,Deal,Deal,GB,KEN,AF,,
GBDFD,Dartford,Dartford,GB,KEN,AA,5127N 00013E,
GBDFN,Foston,Foston,GB,DBY,RL,,
GBDHD,Donaghadee,Donaghadee,GB,ARD,AA,5438N 00532W,
GBDIG,Dalbeattie,Dalbeattie,GB,DGY,RL,,
GBDIN,Dingle,Dingle,GB,LIV,AF,5323N 00257W,
GBDIW,Dingwall,Dingwall,GB,HLD,RL,5736N 00427W,
GBDMB,Boddam,Boddam,GB,ABD,RL,5727N 00146W,
GBDMO,Dromore,Dromore,GB,BNB,RL,5425N 00609W,
GBDNE,Dunster,Dunster,GB,SOM,RL,5110N 00326W,
GBDNF,Dunrossness and Fair Isle,Dunrossness and Fair Isle,GB,ZET,RL,5933N 00138W,
GBDNQ,Dean Quarry,Dean Quarry,GB,CON,AF,,
GBDNU,Dunoon,Dunoon,GB,AGB,RL,5557N 00457W,
GBDNW,Dunwich,Dunwich,GB,SFK,RL,5216N 00137E,
GBDOR,Ballydorn,Ballydorn,GB,AND,RL,5429N 00538W,
GBDOS,Dale Roads,Dale Roads,GB,,RL,5142N 00509W,
GBDRE,Dunure,Dunure,GB,SAY,RL,5523N 00445W,
GBDRH,Durham,Durham,GB,DUR,AF,,
GBDRL,Darlington,Darlington,GB,DUR,AF,5432N 00134W,
GBDRX,Drax,Drax,GB,NYK,AA,5344N 00059W,
GBDS2,Daresbury,Daresbury,GB,HAL,RL,5320N 00238W,
GBDSK,Dunseverick,Dunseverick,GB,ANT,RL,5514N 00627W,
GBDSS,Dungeness,Dungeness,GB,KEN,RL,5055N 00058E,
GBDTE,Dunstable,Dunstable,GB,CBF,AF,,
GBDTF,Dunstaffnage,Dunstaffnage,GB,AGB,RL,5728N 00641W,
GBDTM,Dartmouth,Dartmouth,GB,,AF,5021N 00335W,
GBDTN,Dunston,Dunston,GB,GAT,AF,5457N 00139W,
GBDUC,Dunchurch,Dunchurch,GB,WAR,RL,5220N 00117W,
GBDUE,Dunbeath,Dunbeath,GB,HLD,AA,5815N 00326W,
GBDUM,Dumfries,Dumfries,GB,DGY,AF,5503N 00336W,
GBDUN,Dundee,Dundee,GB,DND,AF,5630N 00258W,
GBDUT,Drumintee,Drumintee,GB,ARM,RL,,
GBDVN,Dunvegan,Dunvegan,GB,HLD,RL,5726N 00635W,
GBDVP,Devonport,Devonport,GB,,AF,5022N 00411W,
GBDVR,Dover,Dover,GB,KEN,AF,,
GBDWI,Dalwhinnie,Dalwhinnie,GB,HLD,RL,,
GBDWL,Bradwell Waterside,Bradwell Waterside,GB,ESS,RL,5144N 00053E,
GBDWY,Dewsbury,Dewsbury,GB,KIR,AF,5342N 00137W,
GBDXY,Derby,Derby,GB,DBY,AF,,
GBDYB,Dalgety Bay,Dalgety Bay,GB,FIF,RL,5602N 00321W,
GBDYN,Ardyne,Ardyne,GB,AGB,RL,5552N 00502W,
GBDYS,Dysart,Dysart,GB,FIF,AA,5608N 00307W,
GBEAA,"Easdale, Seil","Easdale, Seil",GB,AGB,AA,5617N 00539W,
GBEAM,Eastham,Eastham,GB,LIV,AF,5318N 00258W,
GBEBO,Eastbourne,Eastbourne,GB,ESX,AA,5046N 00017E,
GBECO,Earls Colne,Earls Colne,GB,ESS,RL,5156N 00041E,
GBECS,Eccles,Eccles,GB,SLF,AF,5329N 00220W,
GBEDI,Edinburgh,Edinburgh,GB,EDH,AF,5557N 00312W,
GBEEN,Shobdon,Shobdon,GB,HEF,RL,5215N 00252W,
GBEER,Deerness,Deerness,GB,ORK,RL,5858N 00251W,
GBEGI,Egilsay,Egilsay,GB,ORK,AA,5909N 00256W,
GBEGO,"Elgol, Isle of Skye","Elgol, Isle of Skye",GB,HLD,AA,5709N 00606W,
GBEHY,East Hyde,East Hyde,GB,CBF,RL,,
GBEIL,Sheildaig,Sheildaig,GB,,RL,5413N 00248W,
GBEIN,Eling,Eling,GB,HAM,RL,5054N 00129W,
GBEKN,Eisken,Eisken,GB,ELS,RL,5836N 00631W,
GBELB,"Ellenabeich, Seil","Ellenabeich, Seil",GB,AGB,AA,5617N 00539W,
GBELI,Elie,Elie,GB,FIF,AA,5612N 00249W,
GBELL,Ellesmere Port,Ellesmere Port,GB,CHW,AF,,
GBELS,Elsham,Elsham,GB,NLN,RL,5336N 00026W,
GBEME,East Mersea,East Mersea,GB,,RL,5142N 00106E,
GBEMN,Hempton,Hempton,GB,NFK,RL,,
GBENB,Tenbury,Tenbury,GB,WOR,RL,5218N 00235W,
GBENH,Beenham,Beenham,GB,WBK,RL,5125N 00109W,
GBENN,Pennan,Pennan,GB,ABD,RL,5740N 00216W,
GBENT,Brent,Brent,GB,,RL,,
GBEON,Seaton,Seaton,GB,DEV,RL,5043N 00305W,
GBERE,Stamford Bridge,Stamford Bridge,GB,ERY,RL,,
GBERI,Erith,Erith,GB,BEX,AA,5129N 00011E,
GBESD,Willesden,Willesden,GB,BEN,RL,5132N 00014W,
GBESG,Easington,Easington,GB,DUR,RL,5447N 00121W,
GBESH,Shoreham-by-Sea,Shoreham-by-Sea,GB,WSX,AA,5050N 00016W,
GBESK,Eishken,Eishken,GB,ELS,RL,5751N 00622W,
GBESS,Eshaness,Eshaness,GB,ZET,RL,6030N 00133W,
GBESW,East Wellow,East Wellow,GB,HAM,AF,,
GBEVT,Evanton,Evanton,GB,HLD,AA,5739N 00417W,
GBEWL,Elmswell,Elmswell,GB,SFK,RL,,
GBEWT,East Wittering,East Wittering,GB,WSX,RL,5046N 00053W,
GBEXE,Exeter,Exeter,GB,,AF,5042N 00332W,
GBEXM,Exmouth,Exmouth,GB,,AF,5035N 00324W,
GBEYM,Eyemouth,Eyemouth,GB,SCB,AA,5552N 00206W,
GBFAI,Fairisle,Fairisle,GB,ZET,RL,5931N 00136W,
GBFAL,Falmouth,Falmouth,GB,CON,AF,,
GBFAS,Faslane,Faslane,GB,AGB,AF,5604N 00449W,
GBFAV,Faversham,Faversham,GB,KEN,AF,,
GBFAW,Fawley,Fawley,GB,HAM,AF,,
GBFBH,Flamborough,Flamborough,GB,ERY,AA,5407N 00007W,
GBFBU,Fishbourne,Fishbourne,GB,IOW,AA,5044N 00110W,
GBFDK,Fosdyke,Fosdyke,GB,LIN,AF,,
GBFEB,Ferrybridge,Ferrybridge,GB,WKF,RL,5342N 00116W,
GBFEE,Fairlie,Fairlie,GB,NAY,AA,5545N 00451W,
GBFEI,Felbrigg,Felbrigg,GB,NFK,RL,5254N 00116E,
GBFEO,Feolin Ferry,Feolin Ferry,GB,AGB,AA,5551N 00604W,
GBFID,Findochty,Findochty,GB,MRY,AA,5742N 00254W,
GBFIH,Fisherrow/Musselburgh,Fisherrow/Musselburgh,GB,ELN,AA,5556N 00304W,
GBFIN,Findhorn,Findhorn,GB,MRY,AA,5739N 00336W,
GBFIO,"Fionnphort, Isle of Mull","Fionnphort, Isle of Mull",GB,AGB,AA,5619N 00622W,
GBFIS,Fishguard,Fishguard,GB,PEM,AF,5159N 00458W,
GBFLE,Fleetwood,Fleetwood,GB,LAN,AF,5355N 00300W,
GBFLH,Flotta,Flotta,GB,ORK,AF,5850N 00308W,
GBFLK,Flookburgh,Flookburgh,GB,CMA,RL,5410N 00258W,
GBFLN,Flaxton,Flaxton,GB,NYK,RL,5402N 00057W,
GBFLT,Farlington,Farlington,GB,NYK,RL,5406N 00104W,
GBFLU,Flushing,Flushing,GB,CON,RL,5009N 00504W,
GBFLW,Flixborough,Flixborough,GB,NLN,AF,5337N 00041W,
GBFNH,"Fishnish, Isle of Mull","Fishnish, Isle of Mull",GB,AGB,AA,5630N 00548W,
GBFNT,Finnart,Finnart,GB,PKN,AF,5640N 00425W,
GBFNV,Foinaven,Foinaven,GB,,RL,6020N 00424W,
GBFOI,Foindlemore - Loch Glendhu,Foindlemore - Loch Glendhu,GB,HLD,RL,5815N 00459W,
GBFOL,Folkestone,Folkestone,GB,KEN,AF,5105N 00109E,
GBFOR,Forth,Forth,GB,SLK,AF,5545N 00341W,
GBFOW,Frisby on the Wreake,Frisby on the Wreake,GB,LEC,AF,,
GBFOY,Fowey,Fowey,GB,CON,AF,,
GBFRB,Fraserburgh,Fraserburgh,GB,ABD,AF,5741N 00201W,
GBFRD,Ferndale,Ferndale,GB,RCT,AF,5139N 00326W,
GBFRH,Fingringhoe,Fingringhoe,GB,ESS,AF,,
GBFRI,Frinton-on-Sea,Frinton-on-Sea,GB,ESS,AA,5150N 00114E,
GBFRM,Formby,Formby,GB,SFT,AF,5333N 00303W,
GBFRW,Freshwater,Freshwater,GB,PEM,RL,5040N 00131W,
GBFRX,Ferrybridge,Ferrybridge,GB,DOR,RL,5034N 00228W,
GBFTI,The Forties,The Forties,GB,DBY,RL,5246N 00129W,
GBFTR,Fortrose,Fortrose,GB,HLD,RL,5735N 00408W,
GBFUC,Waterfoot,Waterfoot,GB,IOW,RL,,
GBFUR,Furnace,Furnace,GB,AGB,RL,5609N 00510W,
GBFUU,Thurnscoe,Thurnscoe,GB,BNS,RL,5332N 00118W,
GBFWE,Freshwater East,Freshwater East,GB,PEM,AA,5139N 00452W,
GBFWM,Fort William,Fort William,GB,HLD,AA,5649N 00507W,
GBFXT,Felixstowe,Felixstowe,GB,SFK,AF,,
GBFYD,Ferryside,Ferryside,GB,CMN,RL,5146N 00422W,
GBGAD,Garelochhead,Garelochhead,GB,AGB,RL,5605N 00450W,
GBGAE,Graemsay,Graemsay,GB,ORK,AI,5855N 00316W,
GBGAI,Gainsborough,Gainsborough,GB,LIN,AF,,
GBGAR,Gairloch,Gairloch,GB,HLD,AA,5742N 00540W,
GBGAS,"Galmisdale, Eigg","Galmisdale, Eigg",GB,HLD,AA,5653N 00608W,
GBGAT,Gateshead,Gateshead,GB,GAT,AF,5456N 00137W,
GBGAW,Gaerwen,Gaerwen,GB,GWN,AF,,
GBGBS,Goring-by-Sea,Goring-by-Sea,GB,WSX,RL,,
GBGDB,Guardbridge,Guardbridge,GB,FIF,AF,,
GBGDN,Gardenstown,Gardenstown,GB,ABD,AF,5740N 00220W,
GBGIG,"Ardminish, Gigha Island","Ardminish, Gigha Island",GB,AGB,AA,5540N 00544W,
GBGIL,Gillingham,Gillingham,GB,MDW,AA,5123N 00033E,
GBGIR,Girvan,Girvan,GB,SAY,AF,5514N 00452W,
GBGIS,Garlieston,Garlieston,GB,DGY,AF,5447N 00422W,
GBGIV,Govilon,Govilon,GB,MON,RL,5149N 00304W,
GBGL9,Poulton,Poulton,GB,GLS,RL,5142N 00151W,
GBGLA,Glenarm,Glenarm,GB,ANT,RL,5448N 00557W,
GBGLC,Glenluce,Glenluce,GB,DGY,RL,5452N 00450W,
GBGLD,Glasson Dock,Glasson Dock,GB,LAN,AF,5359N 00251W,
GBGLG,Glenuig,Glenuig,GB,HLD,RL,5650N 00549W,
GBGLH,Gareloch,Gareloch,GB,AGB,RL,5606N 00449W,
GBGLO,Gloucester,Gloucester,GB,GLS,AF,,
GBGLP,Golspie,Golspie,GB,HLD,AA,5759N 00358W,
GBGLW,Glasgow,Glasgow,GB,GLG,AF,5550N 00415W,
GBGMA,Glenmallan,Glenmallan,GB,AGB,RL,5607N 00449W,
GBGMY,Grimsay,Grimsay,GB,ELS,RL,5728N 00712W,
GBGNC,Greencastle,Greencastle,GB,DOW,RL,5402N 00606W,
GBGNL,Glenelg,Glenelg,GB,HLD,RL,5713N 00538W,
GBGNQ,Gunthorpe,Gunthorpe,GB,NFK,RL,5252N 00059E,
GBGOA,Great Oakley,Great Oakley,GB,ESS,AA,5154N 00111E,
GBGOO,Goole,Goole,GB,ERY,AF,5343N 00052W,
GBGOR,Gorran Haven,Gorran Haven,GB,CON,AA,5014N 00448W,
GBGOS,Gosport,Gosport,GB,HAM,AF,,
GBGOX,Goxhill,Goxhill,GB,NEL,RL,5340N 00020W,
GBGRG,Grangemouth,Grangemouth,GB,FAL,AF,5600N 00343W,
GBGRH,Great Harwood,Great Harwood,GB,LAN,AF,,
GBGRJ,Grovehurst Jetty/Sittingbourne,Grovehurst Jetty/Sittingbourne,GB,KEN,AA,5120N 00044E,
GBGRK,Greenock,Greenock,GB,IVC,AF,5556N 00445W,
GBGRN,Granton,Granton,GB,EDH,AF,5558N 00313W,
GBGRO,Groomsport,Groomsport,GB,NDN,AA,5440N 00537W,
GBGRU,Grutness,Grutness,GB,ZET,AA,5952N 00117W,
GBGRW,Grove Port,Grove Port,GB,NTT,AF,5335N 00042W,
GBGSA,Glensanda,Glensanda,GB,HLD,AF,5634N 00533W,
GBGSR,Aldersgate,Aldersgate,GB,LND,RL,5131N 00005W,
GBGSY,Grimsby,Grimsby,GB,NEL,AF,5332N 00030W,
GBGTN,Garston,Garston,GB,LIV,AF,5320N 00254W,
GBGTY,Great Yarmouth,Great Yarmouth,GB,NFK,AF,,
GBGUD,Gourdon,Gourdon,GB,ABD,AA,5650N 00217W,
GBGUR,Gourock,Gourock,GB,IVC,AF,5557N 00450W,
GBGUT,"Gutcher, Yell","Gutcher, Yell",GB,ZET,AA,6040N 00101W,
GBGUW,Gunness Wharf,Gunness Wharf,GB,NLN,AF,,
GBGVL,Gulval,Gulval,GB,CON,RL,5008N 00531W,
GBGVS,Gravesend,Gravesend,GB,KEN,AF,,
GBGWG,Great Wakering,Great Wakering,GB,ESS,RL,5133N 00048E,
GBGWK,Gweek,Gweek,GB,CON,AA,5006N 00512W,
GBGYL,Argyll,Argyll,GB,AGB,RL,5609N 00248E,
GBGYS,Grays,Grays,GB,ESS,AF,,
GBHA2,Ashley,Ashley,GB,HAM,RL,5104N 00127W,
GBHAA,Harraby,Harraby,GB,CMA,RL,5453N 00254W,
GBHAM,Hamble,Hamble,GB,HAM,AF,,
GBHAY,Hayle,Hayle,GB,CON,AF,,
GBHBK,Hest Bank,Hest Bank,GB,LAN,RL,5405N 00248W,
GBHDB,Hilton/Derby,Hilton/Derby,GB,DBY,RL,5256N 00130W,
GBHDD,Howdendyke,Howdendyke,GB,ERY,AF,5344N 00051W,
GBHDF,Huddersfield,Huddersfield,GB,KIR,AF,5339N 00147W,
GBHDN,Haslingden,Haslingden,GB,LAN,AF,,
GBHDR,Helford River,Helford River,GB,CON,RL,5005N 00509W,
GBHDS,Holland on Sea,Holland on Sea,GB,ESS,RL,5146N 00108E,
GBHEB,Hebburn,Hebburn,GB,STY,AF,5458N 00131W,
GBHEQ,Heaton,Heaton,GB,LAN,RL,5402N 00251W,
GBHGW,Hightown,Hightown,GB,SFT,AF,5331N 00303W,
GBHGY,Hougharry and Loch Eport,Hougharry and Loch Eport,GB,ELS,RL,5736N 00733W,
GBHHN,Holehaven,Holehaven,GB,,AF,,
GBHKI,Halkirk,Halkirk,GB,HLD,RL,5831N 00330W,
GBHLN,Helensburgh,Helensburgh,GB,AGB,AA,5600N 00444W,
GBHLO,Holy Loch,Holy Loch,GB,AGB,AA,5559N 00456W,
GBHLU,Hunslet/Leeds,Hunslet/Leeds,GB,LDS,AQ,5347N 00132W,
GBHLY,Holyhead,Holyhead,GB,GWN,AF,,
GBHMA,Helmsdale,Helmsdale,GB,HLD,AA,5807N 00339W,
GBHMV,"Hamnavoe, Burra Isle","Hamnavoe, Burra Isle",GB,ZET,AA,6006N 00120W,
GBHMY,Hemsby,Hemsby,GB,NFK,AA,5242N 00141E,
GBHNS,"Hamars Ness, Fetlar","Hamars Ness, Fetlar",GB,ZET,AA,6037N 00056W,
GBHNT,Hunstanton,Hunstanton,GB,NFK,AF,,
GBHNU,Hainault,Hainault,GB,RDB,RL,5136N 00005E,
GBHOJ,Howdon,Howdon,GB,STY,AA,5459N 00128W,
GBHOM,Holm,Holm,GB,ORK,RL,5854N 00254W,
GBHOP,Hopeman,Hopeman,GB,MRY,AA,5742N 00326W,
GBHOS,Hoswick,Hoswick,GB,ZET,AA,6000N 00116W,
GBHOV,"Housa Voe, Papa Stour","Housa Voe, Papa Stour",GB,ZET,AA,6020N 00140W,
GBHP2,Greatham,Greatham,GB,HPL,RL,5438N 00114W,
GBHPC,Hope Cove,Hope Cove,GB,DEV,RL,5014N 00351W,
GBHPT,Hound Point,Hound Point,GB,FIF,AF,5602N 00318W,
GBHRF,Harefield,Harefield,GB,HIL,AF,5136N 00029W,
GBHRL,Harlow,Harlow,GB,ESS,AF,,
GBHRN,Herne Bay,Herne Bay,GB,KEN,AF,,
GBHRW,Harwich,Harwich,GB,ESS,AF,,
GBHSE,Hessle/Hull,Hessle/Hull,GB,KHL,AA,5343N 00026W,
GBHST,Hunterston,Hunterston,GB,NAY,AF,5543N 00453W,
GBHTA,Streatham,Streatham,GB,LND,RL,5125N 00108W,
GBHTG,Hastings,Hastings,GB,ESX,AF,,
GBHTH,Hythe,Hythe,GB,KEN,AA,5104N 00105E,
GBHTP,Hartlepool,Hartlepool,GB,HPL,AF,5441N 00113W,
GBHTS,Whitehills,Whitehills,GB,ABD,RL,5740N 00234W,
GBHTT,Hetton,Hetton,GB,NYK,AF,,
GBHUL,Hull,Hull,GB,ERY,AF,5344N 00019W,
GBHUT,Houton,Houton,GB,ORK,AA,5855N 00311W,
GBHUX,Hutton,Hutton,GB,ESS,RL,5137N 02200E,
GBHVO,"Ham Voe, Foula","Ham Voe, Foula",GB,ZET,AA,6008N 00202W,
GBHWV,Howwood,Howwood,GB,RFW,RL,5548N 00433W,
GBHWZ,Hugh Town,Hugh Town,GB,CON,RL,4955N 00619W,
GBHXL,Goxhill,Goxhill,GB,ERY,RL,5353N 00012W,
GBHXX,Hedon,Hedon,GB,,RL,5344N 00011W,
GBHYG,Hayling Island,Hayling Island,GB,HAM,AA,5050N 00059W,
GBHYI,Holy Island,Holy Island,GB,NBL,RL,5540N 00148W,
GBHYM,Heysham,Heysham,GB,LAN,AF,,
GBHYR,Heybridge,Heybridge,GB,,RL,5143N 00042E,
GBIAY,Inverallochy,Inverallochy,GB,ABD,RL,5740N 00155W,
GBICH,Inchture,Inchture,GB,PKN,RL,5626N 00310W,
GBIFN,Shifnal,Shifnal,GB,SHR,RL,5240N 00222W,
GBIGG,Eigg,Eigg,GB,HLD,RL,5654N 00610W,
GBIGM,Ingoldmells,Ingoldmells,GB,LIN,AQ,5311N 00020E,
GBIGT,Ingatestone,Ingatestone,GB,ESS,RL,,
GBILF,Ilfracombe,Ilfracombe,GB,,AF,5113N 00407W,
GBILL,Gills,Gills,GB,HLD,AI,5839N 00309W,
GBIMG,Islandmagee,Islandmagee,GB,ANT,RL,5449N 00542W,
GBIMM,Immingham,Immingham,GB,NEL,AF,5336N 00013W,
GBINK,Inverkeithing,Inverkeithing,GB,FIF,AF,5601N 00324W,
GBINR,Inverie,Inverie,GB,HLD,AA,5702N 00541W,
GBINS,Instow,Instow,GB,DEV,RL,5103N 00410W,
GBINT,Wintringham,Wintringham,GB,NYK,RL,5408N 00039W,
GBINV,Inverness,Inverness,GB,HLD,AF,5729N 00413W,
GBIOG,Isle of Grain,Isle of Grain,GB,KEN,AF,5127N 00042E,
GBION,"Baile Mor, Iona","Baile Mor, Iona",GB,AGB,AA,5620N 00624W,
GBIOS,Isle of Sheppey,Isle of Sheppey,GB,KEN,RL,5124N 00049E,
GBIPS,Ipswich,Ipswich,GB,SFK,AF,,
GBIRB,Irby,Irby,GB,CON,RL,5019N 00457W,
GBIRE,Leire,Leire,GB,LEC,RL,5230N 11340W,
GBIRV,Irvine,Irvine,GB,NAY,AF,5536N 00440W,
GBISA,Port Isaac,Port Isaac,GB,CON,AA,5035N 00449W,
GBISY,Islay,Islay,GB,AGB,RL,5548N 00615W,
GBITC,Itchenor,Itchenor,GB,WSX,AF,,
GBIVG,Invergordon,Invergordon,GB,HLD,AF,5742N 00410W,
GBIVK,Inverkip,Inverkip,GB,IVC,AA,5554N 00452W,
GBIVR,Inveraray,Inveraray,GB,AGB,RL,5614N 00504W,
GBJAR,Jarrow,Jarrow,GB,STY,AF,5459N 00127W,
GBJHV,Johnshaven,Johnshaven,GB,ABD,AA,5648N 00220W,
GBJHW,Crown Dry-Dock,Crown Dry-Dock,GB,KHL,RL,5314N 00019W,
GBJOG,John O'Groats,John O'Groats,GB,HLD,AA,5838N 00304W,
GBJTB,Johnstonebridge,Johnstonebridge,GB,DGY,RL,5512N 00325W,
GBJUR,Jura,Jura,GB,AGB,RL,5601N 00555W,
GBKAL,"Kallin (Ceallan), Isle of Grimsay","Kallin (Ceallan), Isle of Grimsay",GB,ELS,AA,5729N 00712W,
GBKBE,Kinlochbervie,Kinlochbervie,GB,HLD,AI,5827N 00502W,
GBKBK,Burstwick,Burstwick,GB,ERY,RL,5344N 00008W,
GBKBT,Kirkcudbright,Kirkcudbright,GB,DGY,AA,5450N 00403W,
GBKCG,Kennacraig,Kennacraig,GB,AGB,AF,5548N 00528W,
GBKCN,Kircubbin,Kircubbin,GB,DOW,RL,5429N 00532W,
GBKDE,Kincardine,Kincardine,GB,FIF,RL,5604N 00342W,
GBKEA,Keadby,Keadby,GB,NLN,AF,5336N 00044W,
GBKEI,Keighley,Keighley,GB,BRD,AF,5353N 00155W,
GBKES,Keiss,Keiss,GB,HLD,AA,5832N 00307W,
GBKET,"Kettletoft, Sanday","Kettletoft, Sanday",GB,ORK,AA,5914N 00236W,
GBKEV,Keyhaven,Keyhaven,GB,HAM,AA,5043N 00134W,
GBKGH,Killingholme,Killingholme,GB,LIN,AF,5337N 00016W,
GBKHA,Thakeham,Thakeham,GB,WSX,RL,5056N 00025W,
GBKHN,Kinghorn,Kinghorn,GB,FIF,RL,5604N 00310W,
GBKIB,Kingsbridge,Kingsbridge,GB,DEV,AA,5017N 00346W,
GBKIC,Kilcreggan,Kilcreggan,GB,AGB,AA,5559N 00451W,
GBKIH,Kirkham,Kirkham,GB,NYK,AF,,
GBKIM,Kimmeridge,Kimmeridge,GB,DOR,RL,5037N 00207W,
GBKIO,Killough,Killough,GB,DOW,AA,5415N 00538W,
GBKIP,Kippford,Kippford,GB,DGY,AA,5452N 00347W,
GBKIS,Kishorn,Kishorn,GB,HLD,AA,5724N 00535W,
GBKKD,Kirkcaldy,Kirkcaldy,GB,FIF,AF,5607N 00309W,
GBKKH,Kirkheaton,Kirkheaton,GB,NFK,RL,,
GBKKL,Kirkby Lonsdale,Kirkby Lonsdale,GB,CMA,RL,,
GBKKN,Kirkconnel,Kirkconnel,GB,DGY,RL,5523N 00400W,
GBKLK,Kilkeel,Kilkeel,GB,NYM,AA,5404N 00600W,
GBKLN,King's Lynn,King's Lynn,GB,NFK,AF,5245N 00023E,
GBKLR,Kilroot,Kilroot,GB,ANT,AF,,
GBKLY,Kilgetty,Kilgetty,GB,PEM,RL,5144N 00442W,
GBKMI,Kemsing,Kemsing,GB,KEN,AQ,5118N 00013E,
GBKNC,Kinlochleven,Kinlochleven,GB,AGB,RL,5642N 00459W,
GBKNK,Kingsnorth,Kingsnorth,GB,KEN,AF,,
GBKOA,Kilchoan,Kilchoan,GB,HLD,AF,5642N 00606W,
GBKOH,"Kinloch, Rum","Kinloch, Rum",GB,HLD,AA,5700N 00617W,
GBKRM,Kirtomy,Kirtomy,GB,HLD,RL,5832N 00409W,
GBKSF,Knutsford,Knutsford,GB,CHE,AF,,
GBKTT,Ketteringham,Ketteringham,GB,NFK,RL,,
GBKWE,Kingswear,Kingswear,GB,DEV,RL,5020N 00334W,
GBKWH,Hatston,Hatston,GB,ORK,RL,5900N 00258W,
GBKWL,Kirkwall,Kirkwall,GB,ORK,AF,5859N 00257W,
GBKYE,Kyles of Bute,Kyles of Bute,GB,AGB,RL,5552N 00513W,
GBKYH,Killyleagh,Killyleagh,GB,,RL,5424N 00543W,
GBKYL,Kyle of Lochalsh,Kyle of Lochalsh,GB,HLD,AF,5716N 00543W,
GBKYN,Kyleakin,Kyleakin,GB,HLD,AA,5716N 00544W,
GBKYU,Kylesku,Kylesku,GB,HLD,AA,5815N 00501W,
GBLAB,Llanaber,Llanaber,GB,GWN,RL,5244N 00405W,
GBLAH,Lamlash,Lamlash,GB,NAY,AF,5532N 00509W,
GBLAN,Lancaster,Lancaster,GB,LAN,AF,,
GBLAO,Landore,Landore,GB,SWA,RL,5138N 00355W,
GBLAR,Larne,Larne,GB,LRN,AF,,
GBLAV,Lavenham,Lavenham,GB,SFK,AQ,5206N 00048E,
GBLAX,Laxo,Laxo,GB,ZET,AF,6021N 00112W,
GBLBA,Leeds,Leeds,GB,LDS,AA,5348N 00135W,
GBLBD,"Lochboisdale (Loch Baghasdail), South Uist","Lochboisdale (Loch Baghasdail), South Uist",GB,ELS,AA,5709N 00719W,
GBLBE,Loch Buie (Mull),Loch Buie (Mull),GB,AGB,RL,5618N 00554W,
GBLBH,Lamb Head,Lamb Head,GB,ORK,RL,5905N 00232W,
GBLCA,Lochawe,Lochawe,GB,AGB,AA,5624N 00503W,
GBLCC,Loch Carnan,Loch Carnan,GB,ELS,RL,5720N 00715W,
GBLCD,Loch Torridon,Loch Torridon,GB,HLD,RL,5758N 00576W,
GBLCG,Loch Long,Loch Long,GB,AGB,RL,5605N 00451W,
GBLCM,Lytchett Minster,Lytchett Minster,GB,DOR,RL,5044N 00203W,
GBLCN,Lincoln,Lincoln,GB,LIN,AF,,
GBLCR,Lochcarron,Lochcarron,GB,HLD,AA,5724N 00529W,
GBLCS,Leicester,Leicester,GB,LEC,AF,,
GBLDC,Ladock,Ladock,GB,CON,RL,5019N 00457W,
GBLDO,Llandudno,Llandudno,GB,GWN,AF,,
GBLDS,Saint Leonards-on-Sea,Saint Leonards-on-Sea,GB,ESX,RL,5051N 00034E,
GBLDV,Llandovery,Llandovery,GB,CMN,RL,,
GBLDY,Londonderry,Londonderry,GB,DRY,AF,,
GBLEA,Long Eaton,Long Eaton,GB,DBY,AF,,
GBLEI,Leith,Leith,GB,EDH,AF,5557N 00310W,
GBLEQ,Land's End,Land's End,GB,CON,AF,5004N 00543W,
GBLER,Lerwick,Lerwick,GB,ZET,AF,6009N 00109W,
GBLEW,Edgeware,Edgeware,GB,LND,RL,,
GBLFF,Llansteffan,Llansteffan,GB,CMN,RL,5146N 00423W,
GBLGO,Largo,Largo,GB,FIF,AA,5613N 00257W,
GBLGP,London Gateway Port,London Gateway Port,GB,ESS,RL,5130N 00029E,
GBLGS,Largs,Largs,GB,NAY,AF,5547N 00451W,
GBLHO,"Longhope, Hoy","Longhope, Hoy",GB,ORK,AA,5848N 00312W,
GBLHP,Longhope,Longhope,GB,GLS,AF,,
GBLHS,Loch Striven,Loch Striven,GB,AGB,AF,5556N 00504W,
GBLHT,Little Hulton,Little Hulton,GB,SLF,RL,,
GBLHV,Little Haven,Little Haven,GB,PEM,RL,5146N 00506W,
GBLIB,Liverpool Bay Terminal,Liverpool Bay Terminal,GB,,RL,5341N 00333W,
GBLIF,Foston,Foston,GB,LIN,RL,,
GBLIT,Littlehampton,Littlehampton,GB,WSX,AF,,
GBLIV,Liverpool,Liverpool,GB,LIV,AF,5325N 00300W,
GBLL3,Lullington,Lullington,GB,DBY,RL,5242N 00137W,
GBLLD,Llanddulas,Llanddulas,GB,CWY,AF,5317N 00338W,
GBLLN,Llanelli,Llanelli,GB,CMN,AF,5140N 00409W,
GBLLO,Llanon,Llanon,GB,CGN,RL,,
GBLLS,Llanstephan,Llanstephan,GB,CMN,AA,5147N 00424W,
GBLLU,Littlebourne,Littlebourne,GB,KEN,RL,5116N 00110E,
GBLLZ,Llanidloes,Llanidloes,GB,POW,RL,,
GBLMA,Lochmaddy,Lochmaddy,GB,ELS,AF,5736N 00711W,
GBLMK,Limekilns,Limekilns,GB,FIF,AA,5602N 00329W,
GBLMN,Ballymartin,Ballymartin,GB,NMD,RL,5404N 00557W,
GBLMT,Llansamlet,Llansamlet,GB,SWA,RL,5139N 00353W,
GBLNA,Lochearnhead,Lochearnhead,GB,STG,RL,5623N 00417W,
GBLND,Llandow,Llandow,GB,VGL,RL,,
GBLNG,Llangadog,Llangadog,GB,CMN,RL,,
GBLNL,Llangollen,Llangollen,GB,DEN,RL,,
GBLNM,Lynmouth,Lynmouth,GB,,AF,5113N 00349W,
GBLOE,Looe,Looe,GB,CON,AA,5021N 00427W,
GBLOK,Little Oakley,Little Oakley,GB,ESS,RL,5155N 00114E,
GBLOL,Lochaline,Lochaline,GB,HLD,AF,5632N 00547W,
GBLON,London,London,GB,LND,AF,,
GBLOS,Leigh-on-Sea,Leigh-on-Sea,GB,ESS,AF,5133N 00040E,
GBLOU,Loughborough,Loughborough,GB,LEC,AF,,
GBLOV,Lochinver,Lochinver,GB,HLD,AI,5809N 00515W,
GBLOW,Lowestoft,Lowestoft,GB,SFK,AF,,
GBLOY,Walls,Walls,GB,ORK,RL,6013N 00133W,
GBLOZ,Lode,Lode,GB,NFK,RL,,
GBLRG,Lairg,Lairg,GB,HLD,RL,5802N 00424W,
GBLRP,Loch Ryan Pt,Loch Ryan Pt,GB,DGY,AA,5459N 00502W,
GBLRZ,"Lochranza, Isle of Arran","Lochranza, Isle of Arran",GB,NAY,AA,5542N 00518W,
GBLSC,Loch Scridain (Isle Mull),Loch Scridain (Isle Mull),GB,AGB,RL,5620N 00611W,
GBLSH,Langstone,Langstone,GB,HAM,AA,5050N 00059W,
GBLSM,Lismore Island,Lismore Island,GB,AGB,RL,5629N 00533W,
GBLSS,Lossiemouth,Lossiemouth,GB,MRY,AF,5742N 00317W,
GBLTD,Bolt Head,Bolt Head,GB,,RL,5013N 00347W,
GBLTL,Littlebrook,Littlebrook,GB,KEN,AF,,
GBLTP,London Thamesport,London Thamesport,GB,KEN,RL,5126N 00036E,
GBLTS,"Loth, Sanday","Loth, Sanday",GB,ORK,AA,5912N 00242W,
GBLUG,Lugton,Lugton,GB,EAY,AQ,5545N 00432W,
GBLUI,"South Cuan, Luing","South Cuan, Luing",GB,AGB,AA,5616N 00538W,
GBLUL,Lulworth Camp,Lulworth Camp,GB,DOR,AA,5038N 00214W,
GBLUX,Luxulyan,Luxulyan,GB,CON,AQ,5023N 00445W,
GBLVK,Levenwick,Levenwick,GB,ZET,RL,5958N 00116W,
GBLVR,"Leverburgh, Harris","Leverburgh, Harris",GB,ELS,AA,5746N 00701W,
GBLWC,Lulworth Cove,Lulworth Cove,GB,DOR,RL,5040N 00213W,
GBLWL,Latheronwheel,Latheronwheel,GB,HLD,RL,5816N 00322W,
GBLWT,West Thurrock,West Thurrock,GB,ESS,AF,,
GBLXG,Luxborough,Luxborough,GB,SOM,RL,5107N 00328W,
GBLXY,Loxley,Loxley,GB,SHF,RL,5324N 00129W,
GBLYB,Lybster,Lybster,GB,HLD,AA,5818N 00317W,
GBLYD,Lydney,Lydney,GB,GLS,AF,5143N 00231W,
GBLYL,Leyland,Leyland,GB,LAN,AF,,
GBLYM,Lymington,Lymington,GB,HAM,AF,,
GBLYR,Lyme Regis,Lyme Regis,GB,DOR,AA,5044N 00256W,
GBLYS,Lyness,Lyness,GB,ORK,AF,5850N 00312W,
GBLYT,Lynton,Lynton,GB,DEV,RL,5113N 00350W,
GBLYW,Ballywalter,Ballywalter,GB,NMD,RL,5432N 00529W,
GBM89,Miserden,Miserden,GB,GLS,RL,5147N 00206W,
GBMAI,Maidens,Maidens,GB,SAY,RL,5520N 00447W,
GBMAL,Maldon,Maldon,GB,ESS,AF,,
GBMAW,Marchwood,Marchwood,GB,HAM,RL,5053N 00126W,
GBMBT,Market Bosworth,Market Bosworth,GB,LEC,RL,,
GBMCD,Macduff,Macduff,GB,ABD,AF,5740N 00229W,
GBMCL,Macclesfield,Macclesfield,GB,CHE,AF,,
GBMDE,Bramdean,Bramdean,GB,HAM,RL,5102N 00107W,
GBMDI,Ardwick,Ardwick,GB,MAN,RL,5328N 00212W,
GBMDL,Middleham,Middleham,GB,NYK,RL,5417N 00148W,
GBMDW,Middlewich,Middlewich,GB,CHE,AF,,
GBMEB,Menai Bridge,Menai Bridge,GB,GWN,AF,,
GBMED,Med,Med,GB,MDW,AA,5140N 00054E,
GBMES,Medstead,Medstead,GB,HAM,RL,,
GBMFN,Morfa Nefyn,Morfa Nefyn,GB,GWN,RL,5256N 00432W,
GBMFS,Milford-on-Sea,Milford-on-Sea,GB,HAM,RL,5043N 00135W,
GBMFY,Meikle Ferry,Meikle Ferry,GB,HLD,RL,5751N 00408W,
GBMGH,Maghera,Maghera,GB,NBL,AF,,
GBMGO,Magheramorne,Magheramorne,GB,,AI,,
GBMGP,"Magilligan Point Ferry Terminal, Lough Foyle","Magilligan Point Ferry Terminal, Lough Foyle",GB,LMV,AA,5511N 00658W,
GBMGT,Margate,Margate,GB,KEN,AF,,
GBMHD,Minehead,Minehead,GB,SOM,AA,5112N 00328W,
GBMHJ,Meppershall,Meppershall,GB,CBF,RL,5200N 00020W,
GBMHT,Martlesham Heath,Martlesham Heath,GB,SFK,RL,,
GBMID,Middlesbrough,Middlesbrough,GB,RCC,AF,5434N 00109W,
GBMIS,Mistley,Mistley,GB,ESS,AF,,
GBMLF,Milford Haven,Milford Haven,GB,PEM,AF,5143N 00502W,
GBMLG,Mallaig,Mallaig,GB,HLD,AF,5700N 00550W,
GBMLI,Mullion,Mullion,GB,CON,AA,5002N 00514W,
GBMLM,Millom,Millom,GB,CMA,AF,,
GBMLP,"Millport, Great Cumbrae","Millport, Great Cumbrae",GB,NAY,AA,5545N 00457W,
GBMML,Melmerby,Melmerby,GB,CMA,RL,,
GBMMR,Mossmoran,Mossmoran,GB,FIF,RL,5605N 00319W,
GBMNC,Manchester,Manchester,GB,MAN,AF,5330N 00213W,
GBMNS,"Moaness, Hoy","Moaness, Hoy",GB,ORK,AA,5855N 00319W,
GBMON,Montrose,Montrose,GB,ANS,AF,5642N 00227W,
GBMRB,"Maryfield, Bressay","Maryfield, Bressay",GB,ZET,AA,6009N 00107W,
GBMRR,Moelfre Roads,Moelfre Roads,GB,,RL,5321N 00414W,
GBMRS,Morston,Morston,GB,NFK,AA,5257N 00058E,
GBMRY,Maryport,Maryport,GB,CMA,AF,,
GBMSC,"Manchester Ship Canal, Salford","Manchester Ship Canal, Salford",GB,MAN,AA,5329N 00219W,
GBMSD,Maitresse Island,Maitresse Island,GB,,RL,4858N 00204W,
GBMSH,Mousehole,Mousehole,GB,CON,AA,5005N 00533W,
GBMSI,Great Massingham,Great Massingham,GB,NFK,RL,5246N 00040E,
GBMTH,Methil,Methil,GB,FIF,AF,5611N 00301W,
GBMTP,Mablethorpe,Mablethorpe,GB,LIN,RL,,
GBMUA,Muasdale,Muasdale,GB,AGB,RL,5536N 00540W,
GBMVC,Moreton Valence,Moreton Valence,GB,GLS,RL,,
GBMVG,Mevagissey,Mevagissey,GB,CON,AA,5016N 00447W,
GBMYE,Mid Yell,Mid Yell,GB,ZET,AA,6036N 00104W,
GBMYL,Mylor,Mylor,GB,CON,RL,5010N 00503W,
GBMYN,Maydown,Maydown,GB,DRY,RL,5501N 00715W,
GBMYS,Maylandsea,Maylandsea,GB,ESS,AA,5141N 00046E,
GBMYW,Maesycwmmer,Maesycwmmer,GB,CAY,RL,5138N 00314W,
GBNAI,Nairn,Nairn,GB,HLD,AA,5735N 00353W,
GBNAR,Arran,Arran,GB,NAY,RL,5300N 00107W,
GBNBC,Newbiggin by the Sea,Newbiggin by the Sea,GB,NBL,RL,5510N 00131W,
GBNBI,Nethy Bridge,Nethy Bridge,GB,HLD,RL,5716N 00338W,
GBNBS,Newton by the Sea,Newton by the Sea,GB,NBL,RL,5530N 00140W,
GBNBU,Newburgh,Newburgh,GB,FIF,AF,,
GBNBW,North Berwick,North Berwick,GB,ELN,AF,5604N 00243W,
GBNCL,Newcastle upon Tyne,Newcastle upon Tyne,GB,NET,AF,5458N 00136W,
GBNCN,Norton Canes,Norton Canes,GB,STS,AQ,5240N 00158W,
GBNCS,Newcastle,Newcastle,GB,DOW,AA,5413N 00554W,
GBNCY,Newcastle Emlyn,Newcastle Emlyn,GB,CMN,RL,5202N 00428W,
GBNDY,Sanday,Sanday,GB,ORK,AF,,
GBNEA,Neath,Neath,GB,NTL,AI,5139N 00348W,
GBNEF,Nefyn,Nefyn,GB,GWN,AA,5256N 00430W,
GBNEH,Neap House,Neap House,GB,NLN,AF,,
GBNFC,North Finchley,North Finchley,GB,BNE,RL,5137N 00010W,
GBNFK,Hoverton,Hoverton,GB,NFK,RL,5256N 00118E,
GBNFR,Friden,Friden,GB,,RL,,
GBNFT,Northfleet,Northfleet,GB,KEN,AF,,
GBNGG,Nigg,Nigg,GB,HLD,AF,5743N 00400W,
GBNGI,Newbiggin,Newbiggin,GB,NBL,RL,5438N 00208W,
GBNHC,North Cove,North Cove,GB,SFK,RL,5226N 00144E,
GBNHO,New Holland,New Holland,GB,NLN,AF,5342N 00022W,
GBNHS,North Harris,North Harris,GB,ELS,RL,5753N 00652W,
GBNHV,Newhaven,Newhaven,GB,ESX,AF,,
GBNLE,Thornley,Thornley,GB,DUR,RL,5445N 00126W,
GBNLN,Nelson,Nelson,GB,LAN,AF,,
GBNME,Northmavine,Northmavine,GB,ZET,RL,6038N 00120W,
GBNMT,North Marston,North Marston,GB,BKM,RL,,
GBNMY,Normans Bay,Normans Bay,GB,WSX,RL,5049N 00023E,
GBNNR,Normanton le Heath,Normanton le Heath,GB,LEC,RL,5242N 00126W,
GBNO2,Gretton,Gretton,GB,NTH,RL,5232N 00040W,
GBNOH,"North Haven, Fair Isle","North Haven, Fair Isle",GB,ZET,AA,5932N 00136W,
GBNOQ,North Queensferry,North Queensferry,GB,FIF,AA,5601N 00324W,
GBNOT,Norton,Norton,GB,NYK,RL,5407N 00046W,
GBNPO,Newport,Newport,GB,IOW,AI,5042N 00117W,
GBNPT,Newport,Newport,GB,BGW,AF,,
GBNRB,Northbay,Northbay,GB,ELS,RL,5700N 00724W,
GBNRF,North Ferriby,North Ferriby,GB,ERY,AF,5343N 00030W,
GBNRM,North Walsham,North Walsham,GB,NFK,AF,,
GBNRO,North Ronaldsay,North Ronaldsay,GB,ORK,AI,5921N 00226W,
GBNRR,North Roe to Hillswick,North Roe to Hillswick,GB,ZET,RL,6035N 00120W,
GBNRW,Norwich,Norwich,GB,NFK,AF,,
GBNRY,Newry,Newry,GB,DOW,AF,,
GBNSA,Ness,Ness,GB,ELS,RL,5827N 00620W,
GBNSD,North Sunderland,North Sunderland,GB,NBL,RL,5534N 00140W,
GBNSH,North Shields,North Shields,GB,NTY,AF,5500N 00128W,
GBNSN,Neilston,Neilston,GB,ERW,RL,5547N 00425W,
GBNSS,Thorpeness,Thorpeness,GB,,RL,5210N 00137E,
GBNTF,Newton Ferrers,Newton Ferrers,GB,DEV,AA,5019N 00402W,
GBNTG,Nottingham,Nottingham,GB,NTT,AF,,
GBNTH,Northwich,Northwich,GB,CHW,AF,,
GBNTL,North Lochs,North Lochs,GB,ELS,RL,5806N 00629W,
GBNTW,Nantwich,Nantwich,GB,CHE,AF,,
GBNTZ,North Tawton,North Tawton,GB,DEV,RL,5048N 00354W,
GBNUI,North Uist,North Uist,GB,ELS,RL,5736N 00709W,
GBNWF,Newhaven/Edinburgh,Newhaven/Edinburgh,GB,EDH,AA,5559N 00311W,
GBNWK,Newark,Newark,GB,DGY,AF,,
GBNWN,Newtown,Newtown,GB,IOW,AA,5042N 00124W,
GBNY2,Buckden,Buckden,GB,NYK,RL,5411N 00205W,
GBNYD,Neyland,Neyland,GB,PEM,RL,5142N 00456W,
GBNYL,Newlyn,Newlyn,GB,CON,AF,,
GBOAK,Oakhamness,Oakhamness,GB,,AF,,
GBOBA,Oban,Oban,GB,AGB,AF,5625N 00528W,
GBOBR,Oulton Broad,Oulton Broad,GB,SFK,RL,5229N 00144E,
GBOCH,Lochs,Lochs,GB,ELS,RL,5806N 00629W,
GBODD,"Oddsta, Fetlar","Oddsta, Fetlar",GB,ZET,AA,6037N 00055W,
GBODH,Oldham,Oldham,GB,OLD,AF,5333N 00207W,
GBODL,Old Dalby,Old Dalby,GB,LEC,RL,,
GBODO,Old Dornie,Old Dornie,GB,HLD,AA,5802N 00525W,
GBOGH,Brough,Brough,GB,ERY,RL,5343N 00035W,
GBOHM,Bosham,Bosham,GB,WSX,RL,5049N 00052W,
GBOHT,Shotts,Shotts,GB,NLK,RL,5549N 00347W,
GBOKK,Old Kilpatrick,Old Kilpatrick,GB,WDU,AF,5555N 00427W,
GBOLL,Coll,Coll,GB,AGB,RL,5637N 00631W,
GBOOR,Buntingford,Buntingford,GB,ESX,RL,,
GBOOT,Hooton,Hooton,GB,CHW,RL,5317N 00257W,
GBORH,Orford,Orford,GB,SFK,AA,5206N 00132E,
GBORK,Orkney,Orkney,GB,ORK,RL,5904N 00253W,
GBORR,Corran,Corran,GB,AGB,RL,5643N 00514W,
GBOTC,South Lochs,South Lochs,GB,ELS,RL,5806N 00629W,
GBOTR,"Otternish, North Uist","Otternish, North Uist",GB,ELS,AA,5741N 00711W,
GBOWW,Oswaldtwistle,Oswaldtwistle,GB,LAN,RL,,
GBOYL,Poyle,Poyle,GB,WBK,RL,,
GBPAD,Padstow,Padstow,GB,CON,AF,,
GBPAE,Pentraeth,Pentraeth,GB,AGY,RL,5316N 00413W,
GBPAG,Paglesham,Paglesham,GB,ESS,RL,5138N 00040E,
GBPAK,Port Askaig,Port Askaig,GB,AGB,AF,5551N 00607W,
GBPAL,Palnackie,Palnackie,GB,DGY,AF,5725N 00611W,
GBPAP,Port Appin,Port Appin,GB,AGB,AA,5633N 00524W,
GBPAR,Par,Par,GB,CON,AF,5021N 00443W,
GBPAT,Paddington,Paddington,GB,KEC,RL,5130N 00011W,
GBPBA,Portballintrae,Portballintrae,GB,MYL,AA,5513N 00632W,
GBPBD,Pembridge,Pembridge,GB,HEF,RL,5213N 00254W,
GBPBM,Prenton/Birkenhead,Prenton/Birkenhead,GB,WRL,RL,5322N 00302W,
GBPCO,Porth Colmon,Porth Colmon,GB,,RL,5254N 00438W,
GBPCW,Porthcawl,Porthcawl,GB,BGE,AF,5129N 00342W,
GBPDD,Pen-Clawdd,Pen-Clawdd,GB,SWA,RL,5138N 00405W,
GBPDI,Port Dinorwic,Port Dinorwic,GB,GWN,AF,,
GBPDL,Pontardulais,Pontardulais,GB,SWA,RL,5143N 00405W,
GBPED,Pembroke Dock,Pembroke Dock,GB,PEM,AF,,
GBPEG,Port Edgar,Port Edgar,GB,EDH,AA,5559N 00325W,
GBPEM,Pembroke,Pembroke,GB,PEM,AF,5140N 00454W,
GBPEN,Penzance,Penzance,GB,CON,AF,,
GBPER,Perth,Perth,GB,PKN,AF,5624N 00326W,
GBPFT,Purfleet,Purfleet,GB,ESS,AF,,
GBPFY,Portaferry,Portaferry,GB,ARD,AA,5423N 00533W,
GBPGD,Portgordon,Portgordon,GB,MRY,RL,5740N 00301W,
GBPGG,Port Glasgow,Port Glasgow,GB,IVC,RL,5556N 00441W,
GBPGI,Porthgain,Porthgain,GB,PEM,RL,5156N 00510W,
GBPGV,Port Gaverne,Port Gaverne,GB,CON,AA,5036N 00449W,
GBPHD,Peterhead,Peterhead,GB,ABD,AF,5730N 00147W,
GBPHV,Peacehaven,Peacehaven,GB,ESX,RL,5048N 00000E,
GBPI7,Pitney,Pitney,GB,SOM,RL,5103N 00247W,
GBPIE,"Pierowall, Westray","Pierowall, Westray",GB,ORK,AA,5919N 00300W,
GBPKA,Portskerra,Portskerra,GB,HLD,RL,5834N 00355W,
GBPKD,Penkridge,Penkridge,GB,STS,RL,5244N 00207W,
GBPKL,Pocklington,Pocklington,GB,ERY,AF,5336N 00045W,
GBPKN,Portknockie,Portknockie,GB,MRY,AA,5742N 00252W,
GBPKR,Pickering,Pickering,GB,NYK,RL,5415N 00047W,
GBPLN,Port Ellen,Port Ellen,GB,AGB,AF,5538N 00611W,
GBPLO,Plockton,Plockton,GB,HLD,AA,5720N 00539W,
GBPLP,Polperro,Polperro,GB,CON,AA,5020N 00432W,
GBPLR,Polruan,Polruan,GB,,RL,5019N 00437W,
GBPLV,Porthleven,Porthleven,GB,CON,AA,5005N 00519W,
GBPLY,Plymouth,Plymouth,GB,,AF,5024N 00407W,
GBPMD,Portmadoc,Portmadoc,GB,GWN,AF,,
GBPME,Portsmouth,Portsmouth,GB,HAM,AF,,
GBPMK,Portmahomack,Portmahomack,GB,HLD,AA,5750N 00349W,
GBPMM,Penmaenmawr,Penmaenmawr,GB,GWN,AF,,
GBPMR,"Port Mor, Muck","Port Mor, Muck",GB,HLD,AA,5650N 00614W,
GBPMY,Pembrey,Pembrey,GB,PEM,RL,5141N 00416W,
GBPNA,Patna,Patna,GB,EAY,AQ,5522N 00430W,
GBPNB,Penberth,Penberth,GB,CON,AA,5003N 00536W,
GBPNE,Pendeen,Pendeen,GB,,RL,5010N 00540W,
GBPNG,Portnalong,Portnalong,GB,HLD,RL,5712N 00615W,
GBPNH,Penarth,Penarth,GB,VGL,AA,5126N 00310W,
GBPNV,Portnahaven,Portnahaven,GB,AGB,RL,5540N 00630W,
GBPOC,Port Clarence,Port Clarence,GB,STT,RL,5435N 00114W,
GBPOG,Port Logan,Port Logan,GB,DGY,RL,5442N 00457W,
GBPOH,Porthoustock,Porthoustock,GB,CON,AI,5003N 00504W,
GBPOI,"Point, Island of Lismore","Point, Island of Lismore",GB,AGB,AA,5633N 00526W,
GBPOO,Poole,Poole,GB,DOR,AF,,
GBPOR,Porth,Porth,GB,RCT,RL,5137N 00324W,
GBPPE,Port Penrhyn,Port Penrhyn,GB,GWN,AF,,
GBPPG,Pipe Gate,Pipe Gate,GB,SHR,RL,5258N 00223W,
GBPPK,Portpatrick,Portpatrick,GB,DGY,AA,5451N 00507W,
GBPPO,Saint Peter Port,Saint Peter Port,GB,,RL,4927N 00232W,
GBPPW,Papa Westray,Papa Westray,GB,ORK,AA,5920N 00253W,
GBPQT,Bishopsteignton,Bishopsteignton,GB,DEV,RL,5033N 00332W,
GBPRE,Preston,Preston,GB,LAN,AA,5345N 00243W,
GBPRJ,Portreath,Portreath,GB,CON,AA,5016N 00518W,
GBPRL,Portloe,Portloe,GB,CON,AA,5013N 00454W,
GBPRN,Portnaguran and Ness,Portnaguran and Ness,GB,ELS,RL,5829N 00613W,
GBPRP,Portincaple,Portincaple,GB,AGB,RL,5606N 00451W,
GBPRT,Portree,Portree,GB,HLD,AF,5725N 00611W,
GBPRU,Portbury,Portbury,GB,NSM,AF,5128N 00243W,
GBPRY,Penryn,Penryn,GB,CON,AF,,
GBPRZ,Porlock,Porlock,GB,SOM,RL,5112N 00325W,
GBPSB,Sutton Bridge,Sutton Bridge,GB,LIN,AF,5246N 00011E,
GBPSC,Portscatho,Portscatho,GB,CON,AA,5011N 00459W,
GBPSE,Port Seton,Port Seton,GB,ELN,AA,5558N 00257W,
GBPSM,Port Saint Mary,Port Saint Mary,GB,,RL,5404N 00444W,
GBPST,Parkeston Quay,Parkeston Quay,GB,ESS,AF,,
GBPSU,Port Sunlight,Port Sunlight,GB,WRL,AF,5320N 00259W,
GBPSW,Portstewart,Portstewart,GB,CLR,AA,5511N 00643W,
GBPSY,Portsoy,Portsoy,GB,ABD,AA,5741N 00241W,
GBPTB,Port Talbot,Port Talbot,GB,NTL,AF,5136N 00347W,
GBPTC,Pettycur,Pettycur,GB,FIF,AA,5604N 00311W,
GBPTD,Porthmadog,Porthmadog,GB,GWN,RL,5256N 00407W,
GBPTG,Porthgwarra,Porthgwarra,GB,CON,AA,5002N 00540W,
GBPTH,Portishead,Portishead,GB,NSM,AF,5129N 00246W,
GBPTL,Portland,Portland,GB,DOR,AF,,
GBPTR,Portrush,Portrush,GB,ANT,AF,,
GBPTS,Portslade,Portslade,GB,ESX,AF,,
GBPTT,Partington,Partington,GB,TRF,AF,5325N 00225W,
GBPVD,Portavadie,Portavadie,GB,AGB,AA,5552N 00518W,
GBPVG,Portavogie,Portavogie,GB,ARD,AA,5427N 00527W,
GBPWE,Poolewe,Poolewe,GB,HLD,RL,5745N 00536W,
GBPWI,Port William,Port William,GB,DGY,AA,5446N 00435W,
GBPWL,Pwllheli,Pwllheli,GB,GWN,AA,5253N 00425W,
GBPWM,Pittenweem,Pittenweem,GB,FIF,AA,5613N 00244W,
GBQDL,Quedgeley,Quedgeley,GB,GLS,RL,5149N 00217W,
GBQGT,Wallesbourne Hastings,Wallesbourne Hastings,GB,WAR,RL,5211N 00135W,
GBQUB,Queenborough,Queenborough,GB,KEN,AF,,
GBQWR,Bishops Castle,Bishops Castle,GB,SHR,RL,5230N 00300W,
GBQZL,Clevedon,Clevedon,GB,NSM,AF,5126N 00250W,
GBRAP,"Rapness, Westray","Rapness, Westray",GB,ORK,AA,5916N 00252W,
GBRAS,"Clachan, Raasay","Clachan, Raasay",GB,HLD,AA,5720N 00604W,
GBRAV,Ravensthorpe Dewsbury,Ravensthorpe Dewsbury,GB,KIR,RL,,
GBRAY,"Rothesay, Isle of Bute","Rothesay, Isle of Bute",GB,AGB,AF,5553N 00509W,
GBRBB,Robin Hoods Bay,Robin Hoods Bay,GB,NYK,RL,5424N 00029W,
GBRBD,Rawcliffe Bridge,Rawcliffe Bridge,GB,ERY,RL,5340N 00056W,
GBRBL,Erribol,Erribol,GB,HLD,RL,5828N 00414W,
GBRCB,Rhu Coigach - Badluachrach,Rhu Coigach - Badluachrach,GB,HLD,RL,5753N 00523W,
GBRCD,Bracadale,Bracadale,GB,HLD,RL,5721N 00624W,
GBRCS,Rochester,Rochester,GB,KEN,AF,,
GBRDA,Rossendale,Rossendale,GB,LAN,RL,5341N 00215W,
GBRDH,Rudh Re - Red Point,Rudh Re - Red Point,GB,HLD,RL,5738N 00549W,
GBRDN,Reading,Reading,GB,RDG,AF,5127N 00058W,
GBRDS,Reddish,Reddish,GB,SKP,RL,5326N 00209W,
GBREA,Reay,Reay,GB,HLD,AA,5833N 00347W,
GBREB,Redcliff Bay,Redcliff Bay,GB,NSM,AF,5128N 00247W,
GBRED,Red Bay,Red Bay,GB,ANT,RL,5504N 00601W,
GBREJ,Rejerrah,Rejerrah,GB,CON,RL,5021N 00505W,
GBREM,Reedham,Reedham,GB,NFK,RL,5233N 00134E,
GBREN,Renfrew,Renfrew,GB,RFW,AA,5553N 00424W,
GBRER,Redcar,Redcar,GB,RCC,AF,5436N 00103W,
GBREV,"Brevig, Barra","Brevig, Barra",GB,ELS,RL,5657N 00726W,
GBRFD,Rochford,Rochford,GB,ESS,AF,,
GBRFR,Rock Ferry,Rock Ferry,GB,WRL,RL,5322N 00300W,
GBRGH,Brough,Brough,GB,HLD,RL,5839N 00320W,
GBRGL,Ravenglass,Ravenglass,GB,CMA,RL,5421N 00324W,
GBRGN,Mid Glamorgan,Mid Glamorgan,GB,ESX,RL,,
GBRHB,"Rhubodach, Isle of Bute","Rhubodach, Isle of Bute",GB,AGB,AA,5555N 00508W,
GBRHS,Rhôs-on-Sea,Rhos-on-Sea,GB,CWY,AA,5318N 00345W,
GBRHU,Rhu,Rhu,GB,AGB,AA,5601N 00446W,
GBRHY,Rhyl,Rhyl,GB,DEN,AF,,
GBRIC,Richborough,Richborough,GB,KEN,AA,5117N 00120E,
GBRID,Ridham Dock,Ridham Dock,GB,KEN,AF,,
GBRIE,Scourie,Scourie,GB,HLD,RL,5821N 00509W,
GBRIG,Tendring,Tendring,GB,OXF,RL,5153N 00106W,
GBRLG,Bar Light,Bar Light,GB,,RL,5332N 00319W,
GBRLW,Carloway,Carloway,GB,HLD,RL,5816N 00646W,
GBRMB,Ramsbottom,Ramsbottom,GB,BUR,AF,5338N 00219W,
GBRME,Rosemarkie,Rosemarkie,GB,HLD,RL,5736N 00407W,
GBRMG,Ramsgate,Ramsgate,GB,KEN,AF,,
GBRNE,Rhosneigr,Rhosneigr,GB,AGY,RL,5314N 00431W,
GBRNN,Bernera (N Uist),Bernera (N Uist),GB,ELS,RL,5736N 00709W,
GBRNR,Bernera (Lewis),Bernera (Lewis),GB,ELS,RL,5811N 00659W,
GBROC,Rock,Rock,GB,CON,RL,5032N 00454W,
GBROR,Rostrevor,Rostrevor,GB,DOW,RL,5406N 00612W,
GBROU,Rousay,Rousay,GB,ORK,AA,5908N 00258W,
GBROW,Rowhedge,Rowhedge,GB,ESS,AF,,
GBROY,Rosyth,Rosyth,GB,FIF,AF,5602N 00326W,
GBRPH,Reepham,Reepham,GB,,RL,5314N 00260W,
GBRRB,Garrabost,Garrabost,GB,ELS,RL,5813N 00614W,
GBRRD,River Dart,River Dart,GB,DEV,RL,5020N 00333W,
GBRRO,Carron,Carron,GB,HLD,RL,5724N 00536W,
GBRRR,Eardiston,Eardiston,GB,SHR,RL,,
GBRSB,Birsay,Birsay,GB,ORK,RL,5907N 00317W,
GBRSH,Rosneath,Rosneath,GB,AGB,RL,5601N 00449W,
GBRSL,Thundersley,Thundersley,GB,ESS,RL,5133N 00035E,
GBRST,Breasclete,Breasclete,GB,ELS,RL,5812N 00645W,
GBRSY,Ramsey,Ramsey,GB,CAM,AF,,
GBRTH,Rotherham,Rotherham,GB,ROT,AF,5326N 00121W,
GBRTL,Port Erroll,Port Erroll,GB,ABD,RL,5724N 00150W,
GBRTY,Rosehearty,Rosehearty,GB,ABD,AA,5742N 00206W,
GBRUM,Ruan Minor,Ruan Minor,GB,CON,RL,4959N 00511W,
GBRUN,Runcorn,Runcorn,GB,HAL,AF,5320N 00245W,
GBRVF,River Fowey,River Fowey,GB,CON,RL,5024N 00435W,
GBRWS,Wetheringsett,Wetheringsett,GB,SFK,RL,5215N 00107E,
GBRYD,Ryde,Ryde,GB,IOW,RL,5044N 00110W,
GBRYE,Rye,Rye,GB,ESX,AF,,
GBRYL,Reynoldston,Reynoldston,GB,SWA,RL,5135N 00411W,
GBSAA,Southend-on-Sea,Southend-on-Sea,GB,ESS,RL,5132N 00042E,
GBSAD,Sandford,Sandford,GB,DEV,RL,5049N 00340W,
GBSAG,Saint Agnes,Saint Agnes,GB,CON,RL,4953N 00620W,
GBSAI,Shanklin,Shanklin,GB,IOW,RL,5037N 00111W,
GBSAU,Saundersfoot,Saundersfoot,GB,PEM,AA,5142N 00443W,
GBSAV,Stratford-upon-Avon,Stratford-upon-Avon,GB,WAR,AA,,
GBSBA,Stapleford Abbots,Stapleford Abbots,GB,ESS,RL,5138N 00010E,
GBSBI,Stowbridge,Stowbridge,GB,NFK,RL,5238N 00022E,
GBSCA,Scarborough,Scarborough,GB,NYK,AF,,
GBSCB,Salcombe,Salcombe,GB,DEV,AA,5014N 00347W,
GBSCC,"Scalpay, Outer Hebridies","Scalpay, Outer Hebridies",GB,ELS,AA,5752N 00641W,
GBSCF,Scapa,Scapa,GB,ORK,AA,5858N 00259W,
GBSCG,"Scalasaig, Colonsay","Scalasaig, Colonsay",GB,AGB,AA,5604N 00610W,
GBSCH,Stockinish,Stockinish,GB,ELS,RL,5748N 00610W,
GBSCM,Saint Combs and Charleston,Saint Combs and Charleston,GB,ABD,RL,5740N 00155W,
GBSCN,"Scarinish, Tiree","Scarinish, Tiree",GB,AGB,AA,5631N 00649W,
GBSCO,"Sconser, Isle of Skye","Sconser, Isle of Skye",GB,HLD,AA,5718N 00607W,
GBSCP,Scunthorpe,Scunthorpe,GB,NLN,AF,5335N 00039W,
GBSCR,Scrabster,Scrabster,GB,HLD,AF,5837N 00333W,
GBSCT,Stockton,Stockton,GB,HEF,AF,5215N 00242W,
GBSDL,Snodland,Snodland,GB,KEN,AF,,
GBSDM,Sidmouth,Sidmouth,GB,,AF,5041N 00315W,
GBSDO,Sandown,Sandown,GB,IOW,RL,5039N 00109W,
GBSDQ,Sheldon,Sheldon,GB,BIR,RL,5227N 00146W,
GBSDS,Sandside,Sandside,GB,HLD,RL,5834N 00347W,
GBSDT,Bradstone,Bradstone,GB,DEV,RL,5034N 00416W,
GBSDW,Sandwich,Sandwich,GB,KEN,AA,5116N 00121E,
GBSEA,Seaham,Seaham,GB,DUR,AF,,
GBSEC,Southend Argyll,Southend Argyll,GB,AGB,RL,5519N 00538W,
GBSED,Salt End,Salt End,GB,ERY,AF,5344N 00014W,
GBSEF,Seaforth,Seaforth,GB,SFT,AF,5328N 00301W,
GBSES,Sidlesham,Sidlesham,GB,WSX,RL,5047N 00047W,
GBSEZ,Sheen,Sheen,GB,STS,RL,5309N 00150W,
GBSF5,Scarcliffe,Scarcliffe,GB,DBY,RL,5321N 00126W,
GBSFK,Scarfskerry,Scarfskerry,GB,HLD,RL,5839N 00316W,
GBSFR,Seaford,Seaford,GB,ESX,AA,5046N 00006E,
GBSFU,Stuartfield,Stuartfield,GB,ABD,RL,5730N 00203W,
GBSFW,Scapa Flow,Scapa Flow,GB,ORK,AF,5853N 00304W,
GBSFY,Salford,Salford,GB,SLF,AF,5329N 00216W,
GBSGC,Badminton,Badminton,GB,SGC,RL,5132N 00217W,
GBSGM,Sheringham,Sheringham,GB,NFK,AA,5256N 00112E,
GBSGP,Saint Margaret's Hope,Saint Margaret's Hope,GB,,RL,5850N 00257W,
GBSGT,Stillington,Stillington,GB,NYK,RL,,
GBSHE,Sheffield,Sheffield,GB,SHF,AF,5322N 00130W,
GBSHG,South Hayling,South Hayling,GB,HAM,AF,5047N 00058W,
GBSHK,Southwick,Southwick,GB,WSX,RL,5050N 00014W,
GBSHN,Shandon,Shandon,GB,AGB,AA,5603N 00448W,
GBSHO,Shoreham,Shoreham,GB,KEN,AF,5119N 00011E,
GBSHS,Sheerness,Sheerness,GB,KEN,AF,,
GBSHT,Shotton,Shotton,GB,DUR,AF,,
GBSHU,Seahouses,Seahouses,GB,NBL,AA,5535N 00140W,
GBSHV,Shell Haven,Shell Haven,GB,ESS,AF,,
GBSHX,Shieldaig,Shieldaig,GB,HLD,AA,5731N 00538W,
GBSHY,Saint Helens,Saint Helens,GB,SHN,AF,5327N 00244W,
GBSID,Snape Bridge,Snape Bridge,GB,,RL,5209N 00130E,
GBSIL,Silloth,Silloth,GB,CMA,AF,,
GBSJJ,Small Heath,Small Heath,GB,BIR,RL,5227N 00149W,
GBSJL,Strangford,Strangford,GB,DOW,AA,5422N 00534W,
GBSJU,Saint Just,Saint Just,GB,CON,RL,5006N 00541W,
GBSJY,Studland,Studland,GB,DOR,RL,5038N 00156W,
GBSKE,Skegness,Skegness,GB,LIN,AA,5309N 00020E,
GBSKR,Skerray,Skerray,GB,HLD,RL,5832N 00418W,
GBSKV,Saint Keverne,Saint Keverne,GB,CON,RL,5003N 00506W,
GBSKZ,Skeld,Skeld,GB,ZET,AA,6010N 00126W,
GBSLB,Selby,Selby,GB,NYK,AA,5347N 00104W,
GBSLC,Saltcoats,Saltcoats,GB,NAY,AF,5537N 00448W,
GBSLV,Solva (Solfach),Solva (Solfach),GB,PEM,AA,5152N 00511W,
GBSMA,Saint Marys Bay,Saint Marys Bay,GB,KEN,AA,5101N 00058E,
GBSMC,Saint Monance (Saint Monans),Saint Monance (Saint Monans),GB,FIF,AA,5613N 00246W,
GBSMH,"Saint Margaret's Hope, South Ronaldsay","Saint Margaret's Hope, South Ronaldsay",GB,ORK,AA,5850N 00258W,
GBSMM,Saint Michael's Mount,Saint Michael's Mount,GB,CON,AA,5007N 00528W,
GBSMP,Saint Sampson (Golant),Saint Sampson (Golant),GB,CON,RL,5022N 00439W,
GBSMU,Summercourt,Summercourt,GB,CON,RL,5021N 00458W,
GBSMV,Saint Mawes,Saint Mawes,GB,CON,AA,5009N 00501W,
GBSMW,Simonswood,Simonswood,GB,LAN,AF,5330N 00252W,
GBSNC,Sennen Cove,Sennen Cove,GB,CON,AA,5004N 00542W,
GBSND,Southend,Southend,GB,ESS,AF,,
GBSNJ,Sand,Sand,GB,ZET,AA,6013N 00123W,
GBSNK,Sandness,Sandness,GB,ZET,AA,6018N 00139W,
GBSNS,Stromness,Stromness,GB,ORK,AF,,
GBSNV,Saint Minver,Saint Minver,GB,CON,RL,5033N 00452W,
GBSNW,St Andrews,St Andrews,GB,FIF,AF,5620N 00247W,
GBSOA,Stroma,Stroma,GB,HLD,RL,5841N 00307W,
GBSOQ,South Queensferry,South Queensferry,GB,EDH,AF,5559N 00324W,
GBSOT,Stoke on Trent,Stoke on Trent,GB,STS,AF,5300N 00211W,
GBSOU,Southampton,Southampton,GB,HAM,AF,,
GBSOW,Stanlow,Stanlow,GB,SHR,AF,5235N 00218W,
GBSPI,Sandhaven and Pitullie,Sandhaven and Pitullie,GB,ABD,RL,5741N 00202W,
GBSPQ,Stackpole Quay,Stackpole Quay,GB,PEM,RL,5137N 00454W,
GBSPT,Sompting,Sompting,GB,WSX,RL,5049N 00021W,
GBSPY,Shapinsay,Shapinsay,GB,ORK,AI,5903N 00251W,
GBSQK,Saint Martins,Saint Martins,GB,CON,RL,4957N 00617W,
GBSRC,Strathcarron,Strathcarron,GB,HLD,RL,5726N 00525W,
GBSRH,Strathaird,Strathaird,GB,HLD,RL,5710N 00603W,
GBSRI,Stalbridge,Stalbridge,GB,DOR,RL,5057N 00222W,
GBSRQ,Southerness,Southerness,GB,DGY,RL,5452N 00336W,
GBSRT,Southport,Southport,GB,SFT,AA,5339N 00300W,
GBSRX,Sark,Sark,GB,,RL,4926N 00222W,
GBSRY,South Ronaldsay,South Ronaldsay,GB,ORK,RL,5844N 00258W,
GBSRZ,Strete,Strete,GB,DEV,RL,5019N 00338W,
GBSSH,South Shields,South Shields,GB,STY,AF,5459N 00125W,
GBSSK,Shiskine,Shiskine,GB,NAY,RL,5531N 00518W,
GBSSS,Sharpness,Sharpness,GB,GLS,AF,,
GBSSY,Selsey,Selsey,GB,WSX,AA,5044N 00048W,
GBST2,Stechford,Stechford,GB,BIR,RL,5229N 00148W,
GBSTH,Salthouse,Salthouse,GB,NFK,RL,5256N 00106E,
GBSTO,Stornoway,Stornoway,GB,ELS,AF,5813N 00622W,
GBSTQ,Saint Quivox,Saint Quivox,GB,SAY,RL,5529N 00434W,
GBSTR,Stranraer,Stranraer,GB,DGY,AF,5454N 00502W,
GBSTT,Stockton-on-Tees,Stockton-on-Tees,GB,STT,AA,5434N 00119W,
GBSTZ,Staithes,Staithes,GB,NYK,AA,5433N 00048W,
GBSUH,Spurn Head,Spurn Head,GB,,AF,,
GBSUL,Sullom Voe,Sullom Voe,GB,ZET,AF,6028N 00118W,
GBSUN,Sunderland,Sunderland,GB,SND,AF,5454N 00123W,
GBSUT,South Arne,South Arne,GB,,RL,5604N 00415E,
GBSVI,Sevington,Sevington,GB,KEN,RL,5107N 00054E,
GBSVN,Stonehaven,Stonehaven,GB,ABD,AA,5658N 00213W,
GBSVS,Saint David's,Saint David's,GB,PEM,RL,5153N 00516W,
GBSVT,Silvertown,Silvertown,GB,,AF,5130N 00002E,
GBSVW,Seaview,Seaview,GB,IOW,RL,5041N 00118W,
GBSVZ,Saint Mary's,Saint Mary's,GB,CON,RL,4955N 00618W,
GBSWA,Swansea,Swansea,GB,SWA,AF,5138N 00358W,
GBSWC,Sandwick,Sandwick,GB,ZET,RL,5959N 00115W,
GBSWD,Southwold,Southwold,GB,SFK,AF,,
GBSWE,Swanage,Swanage,GB,DOR,AA,5037N 00158W,
GBSWN,Swinton,Swinton,GB,SLF,AF,5330N 00221W,
GBSWY,Scalloway,Scalloway,GB,ZET,AF,6008N 00117W,
GBSXE,Staxigoe,Staxigoe,GB,HLD,RL,5826N 00302W,
GBSYL,Shinness,Shinness,GB,HLD,RL,5805N 00428W,
GBSYM,Symbister,Symbister,GB,ZET,AF,6020N 00102W,
GBSYR,Stourton/Leeds,Stourton/Leeds,GB,LDS,RL,5347N 00132W,
GBSYY,Steynton,Steynton,GB,PEM,AA,5143N 00501W,
GBSZB,Sizewell Beach,Sizewell Beach,GB,SFK,RL,5212N 00137E,
GBSZC,Saint Clement,Saint Clement,GB,CON,RL,5015N 00501W,
GBSZT,Snizort,Snizort,GB,HLD,RL,5729N 00619W,
GBTAB,"Tarbert,Harris","Tarbert,Harris",GB,ELS,AF,5754N 00648W,
GBTAD,Taddiport,Taddiport,GB,DEV,RL,5056N 00409W,
GBTAI,Tayinloan,Tayinloan,GB,AGB,AA,5539N 00539W,
GBTAM,Tameside,Tameside,GB,TAM,RL,5329N 00205W,
GBTAR,"Tarbert, Loch Fyne","Tarbert, Loch Fyne",GB,AGB,AA,5552N 00525W,
GBTAY,Tayport,Tayport,GB,FIF,AF,5627N 00253W,
GBTBN,Toberonochy,Toberonochy,GB,AGB,RL,5612N 00537W,
GBTBR,Saint Brelade,Saint Brelade,GB,,RL,4912N 00212W,
GBTBY,Torbay/Paignton,Torbay/Paignton,GB,TOB,AA,5027N 00334W,
GBTDI,Tudweiliog,Tudweiliog,GB,,RL,5254N 00436W,
GBTED,Stanstead,Stanstead,GB,SFK,RL,5206N 00041E,
GBTEE,Teesport,Teesport,GB,RCC,AF,5435N 00109W,
GBTEN,Tenby (Dinbych-y-pysgod),Tenby (Dinbych-y-pysgod),GB,PEM,AA,5140N 00443W,
GBTEZ,Talbot Green,Talbot Green,GB,RCT,RL,5272N 00347W,
GBTFO,Tilford,Tilford,GB,SRY,AQ,5111N 00045W,
GBTFR,Trefforest,Trefforest,GB,RCT,AF,5135N 00319W,
GBTFT,Toft Shetland,Toft Shetland,GB,ZET,AA,6028N 00113W,
GBTGU,Tongue,Tongue,GB,HLD,RL,5828N 00425W,
GBTHM,Topsham,Topsham,GB,,AF,5041N 00327W,
GBTHP,Thamesport,Thamesport,GB,KEN,AF,,
GBTHR,Thurso,Thurso,GB,HLD,AA,5835N 00331W,
GBTHS,Thames Haven,Thames Haven,GB,ESS,AF,,
GBTHT,South Uist and Eriskay,South Uist and Eriskay,GB,ELS,RL,5704N 00716W,
GBTIG,Tighnabruaich,Tighnabruaich,GB,AGB,AA,5554N 00514W,
GBTIL,Tilbury,Tilbury,GB,ESS,AF,,
GBTLD,Shetland,Shetland,GB,ZET,RL,6032N 00113W,
GBTLE,Saint Helens,Saint Helens,GB,IOW,RL,5041N 00106W,
GBTLI,Tayvallich,Tayvallich,GB,AGB,RL,5601N 00537W,
GBTLN,Talmine,Talmine,GB,HLD,RL,5832N 00425W,
GBTND,Standlake,Standlake,GB,OXF,RL,5143N 00125W,
GBTNG,Tingwall Orkney,Tingwall Orkney,GB,ORK,AA,5905N 00303W,
GBTNM,Teignmouth,Teignmouth,GB,,AF,5033N 00328W,
GBTNN,Hilton,Hilton,GB,CAM,RL,,
GBTNR,Saint Helier,Saint Helier,GB,,RL,4911N 00206W,
GBTOB,Tobermory,Tobermory,GB,AGB,AF,5638N 00605W,
GBTOL,Tollesbury,Tollesbury,GB,ESS,AF,,
GBTOR,Torquay,Torquay,GB,,AF,5027N 00330W,
GBTPB,Thorpe Bay,Thorpe Bay,GB,ESS,RL,5153N 00045E,
GBTPO,Torpoint,Torpoint,GB,CON,AQ,5023N 00413W,
GBTRA,Tranmere,Tranmere,GB,WRL,AF,5322N 00301W,
GBTRD,Torridon,Torridon,GB,HLD,RL,5732N 00531W,
GBTRL,Thornhill,Thornhill,GB,DBY,RL,5321N 00142W,
GBTRN,Troon,Troon,GB,SAY,AA,5533N 00439W,
GBTRO,Trefor,Trefor,GB,,RL,5300N 00424W,
GBTRR,Trearddur,Trearddur,GB,AGY,AA,5317N 00437W,
GBTRS,South Harris,South Harris,GB,ELS,RL,5801N 00621W,
GBTRU,Truro,Truro,GB,CON,AF,,
GBTSO,Tresco,Tresco,GB,CON,AF,4957N 00620W,
GBTTL,Tetney Terminal,Tetney Terminal,GB,LIN,AF,5329N 00001E,
GBTVD,Tividale,Tividale,GB,DUD,RL,5231N 00204W,
GBTWL,Tingwall,Tingwall,GB,ZET,AF,6010N 00113W,
GBTYD,Tyddewi (St David's),Tyddewi (St David's),GB,PEM,AA,5153N 00515W,
GBTYM,Tynemouth,Tynemouth,GB,NTY,AF,5501N 00126W,
GBTYN,Tyne,Tyne,GB,NET,RL,5500N 00126W,
GBUCN,Buchan,Buchan,GB,,RL,5754N 00002E,
GBUEN,Saint Ouen,Saint Ouen,GB,,RL,4913N 00212W,
GBUFY,Upper Froyle,Upper Froyle,GB,HAM,AQ,5111N 00055W,
GBUGH,Billingborough,Billingborough,GB,LIN,RL,5253N 02000W,
GBUIG,Uig,Uig,GB,HLD,AF,5735N 00622W,
GBULF,Ulva Ferry,Ulva Ferry,GB,AGB,RL,5629N 00608W,
GBULL,Ullapool,Ullapool,GB,HLD,AF,5754N 00510W,
GBULS,"Ulsta, Yell","Ulsta, Yell",GB,ZET,AA,6030N 00110W,
GBUNS,Bunessan,Bunessan,GB,AGB,RL,5619N 00614W,
GBUPH,Upholland,Upholland,GB,LAN,RL,5332N 00243W,
GBUPI,Uppingham,Uppingham,GB,RUT,RL,5235N 00043W,
GBUPR,Upnor,Upnor,GB,KEN,RL,5124N 00031E,
GBURT,Sturton by Stow,Sturton by Stow,GB,LIN,RL,5318N 00039W,
GBUTS,Stromeferry,Stromeferry,GB,HLD,RL,5721N 00532W,
GBUYE,"Uyeasound, Unst","Uyeasound, Unst",GB,ZET,AA,6042N 00055W,
GBVEN,Ventnor,Ventnor,GB,IOW,AA,5036N 00112W,
GBVGI,Varg field,Varg field,GB,,RL,,
GBVID,Vidlin,Vidlin,GB,ZET,AA,6022N 00108W,
GBVOE,Voe,Voe,GB,ZET,RL,6021N 00115W,
GBVVE,Belgrave,Belgrave,GB,LCE,RL,5239N 00170W,
GBWAB,Wadebridge,Wadebridge,GB,CON,AA,5031N 00450W,
GBWAF,Watford,Watford,GB,HRT,AF,,
GBWAT,Watchet,Watchet,GB,SOM,AF,,
GBWAX,West Auckland,West Auckland,GB,DUR,RL,5438N 00144W,
GBWBF,West Burrafirth,West Burrafirth,GB,ZET,AA,6018N 00132W,
GBWBY,Wembley,Wembley,GB,BEN,AF,5133N 00017W,
GBWCB,Whitcombe,Whitcombe,GB,DOR,RL,5041N 00224W,
GBWDN,Widnes,Widnes,GB,HAL,AF,5321N 00244W,
GBWEX,Withernsea,Withernsea,GB,ERY,RL,5344N 00020E,
GBWEY,Weymouth,Weymouth,GB,DOR,AF,,
GBWFD,Wakefield,Wakefield,GB,WKF,AF,5342N 00129W,
GBWFT,Waterfoot,Waterfoot,GB,MYL,AA,5504N 00604W,
GBWGD,West Grinstead,West Grinstead,GB,WSX,RL,5058N 00020W,
GBWGN,Wigan,Wigan,GB,WGN,AF,5332N 00237W,
GBWGW,Walsgrave on Sowe,Walsgrave on Sowe,GB,COV,RL,5225N 00126W,
GBWHB,Whitebooth Roads,Whitebooth Roads,GB,,AF,,
GBWHE,Whitehead,Whitehead,GB,CKF,RL,5445N 00542W,
GBWHH,Isle of Whithorn,Isle of Whithorn,GB,DGY,AA,5442N 00422W,
GBWHL,"Whitehall Village, Stronsay","Whitehall Village, Stronsay",GB,ORK,AA,5908N 00237W,
GBWHV,Whitehaven,Whitehaven,GB,CMA,AF,,
GBWIC,Wick Caithness,Wick Caithness,GB,HLD,AF,5826N 00305W,
GBWIG,Wigtown,Wigtown,GB,DGY,AF,5452N 00426W,
GBWIS,Wisbech,Wisbech,GB,CAM,AF,,
GBWIV,Wivenhoe,Wivenhoe,GB,ESS,AF,,
GBWJH,Blewbury,Blewbury,GB,OXF,RL,5133N 00114W,
GBWKI,West Kirby,West Kirby,GB,WRL,AF,,
GBWKM,Wickham,Wickham,GB,HAM,RL,5054N 00111W,
GBWKO,Warkworth,Warkworth,GB,NBL,RL,5521N 00136W,
GBWL2,Willingham,Willingham,GB,CAM,RL,5219N 00040E,
GBWLA,Wallasea,Wallasea,GB,ESS,AF,,
GBWLG,Whaligoe,Whaligoe,GB,HLD,RL,5820N 00311W,
GBWLK,Walker,Walker,GB,NET,AA,5459N 00133W,
GBWLS,Wells,Wells,GB,SOM,AF,,
GBWLZ,Walls Shetland,Walls Shetland,GB,ZET,AA,6013N 00134W,
GBWMB,Wemyss Bay,Wemyss Bay,GB,IVC,AF,5553N 00454W,
GBWMD,West Mainland,West Mainland,GB,ZET,RL,6013N 00123W,
GBWMF,Walmer,Walmer,GB,KEN,AF,,
GBWMS,West Mersea,West Mersea,GB,ESS,AA,5147N 00055E,
GBWND,Warndon,Warndon,GB,WOR,RL,5212N 00210W,
GBWNL,Whinnyfold,Whinnyfold,GB,ABD,RL,5723N 00152W,
GBWNS,Wells-next-the-Sea,Wells-next-the-Sea,GB,NFK,AA,5257N 00050W,
GBWNZ,Walton-on-the-Naze,Walton-on-the-Naze,GB,ESS,AA,5152N 00116E,
GBWOL,North Woolwich,North Woolwich,GB,NWM,AF,5130N 00040E,
GBWOR,Workington,Workington,GB,CMA,AF,,
GBWOT,Worthing,Worthing,GB,WSX,AA,5049N 00023W,
GBWPT,Warrenpoint,Warrenpoint,GB,DOW,AF,,
GBWRB,West Loch Tarbert,West Loch Tarbert,GB,AGB,RL,5551N 00526W,
GBWRE,Wardle,Wardle,GB,RCH,RL,5307N 00235W,
GBWRH,Wareham,Wareham,GB,DOR,AA,5041N 00207W,
GBWRN,Warrington,Warrington,GB,WRT,AF,5323N 00236W,
GBWRY,Westray,Westray,GB,ORK,AF,,
GBWSM,Weston-Super-Mare,Weston-Super-Mare,GB,NSM,AF,5121N 00258W,
GBWSP,Weston Point,Weston Point,GB,HAL,AF,5319N 00245W,
GBWTB,Whitby,Whitby,GB,NYK,AF,5429N 00037W,
GBWTE,Westerleigh,Westerleigh,GB,GLS,RL,5130N 00225W,
GBWTS,Whitstable,Whitstable,GB,KEN,AF,,
GBWTW,Wallsend,Wallsend,GB,NTY,AA,5459N 00132W,
GBWUF,Wolvey,Wolvey,GB,HAM,RL,,
GBWWE,West Wemyss,West Wemyss,GB,FIF,AA,5608N 00305W,
GBWWL,Gowdall,Gowdall,GB,YOR,RL,,
GBWWW,Hutton Cranswick,Hutton Cranswick,GB,ERY,RL,,
GBWXW,Westgate,Westgate,GB,DUR,RL,5444N 00208W,
GBWYC,Wychbold,Wychbold,GB,WOR,RL,5217N 00206W,
GBWYK,Wyke Regis,Wyke Regis,GB,DEV,RL,5035N 00229W,
GBWYR,Wyre,Wyre,GB,ORK,AA,5908N 00258W,
GBWYS,Westbury on Severn,Westbury on Severn,GB,GLS,AQ,5149N 00225W,
GBWYX,West Bay,West Bay,GB,,RL,5042N 00245W,
GBXSS,Seal Sands,Seal Sands,GB,DUR,RL,5438N 00108W,
GBYAP,Yapton,Yapton,GB,WSX,RL,5048N 00036W,
GBYFR,Yell and Fetlar,Yell and Fetlar,GB,ZET,RL,6042N 00058W,
GBYKE,Yoker,Yoker,GB,GLG,RL,,
GBYLL,Yelland,Yelland,GB,,AF,,
GBYLW,Holywood,Holywood,GB,DOW,RL,5438N 00549W,
GBYLY,Hartley,Hartley,GB,CMA,RL,,
GBYMO,Yarmouth,Yarmouth,GB,IOW,AI,5042N 00130W,
GBYNT,Whitney,Whitney,GB,HEF,RL,5207N 00305W,
GBYOS,Lydd on Sea,Lydd on Sea,GB,KEN,RL,5056N 00057E,
GBYRK,York,York,GB,NYK,AF,,
GBYTH,Blyth,Blyth,GB,NTT,RL,5322N 00104W,
GBYVZ,Stonehouse,Stonehouse,GB,GLS,AF,,
GBZOY,Westonzoyland,Westonzoyland,GB,SOM,RL,5106N 00255W,
GDGRE,Grenville,Grenville,GD,,QQ,,
GDHIL,"Hillsborough, Carriacou Is","Hillsborough, Carriacou Is",GD,,QQ,,
GDSTG,Saint George's,Saint George's,GD,,AI,,
GEABK,Sukhumi,Sukhumi,GE,AB,RL,4300N 04100E,
GEANA,Anaklia,Anaklia,GE,SZ,RL,4224N 04135E,
GEBUS,Batumi,Batumi,GE,,AI,,
GEIES,Khashmi,Khashmi,GE,TB,RL,4145N 04510E,
GEKUL,Kulevi,Kulevi,GE,,RL,4216N 04138E,
GEPTI,Poti,Poti,GE,,QQ,,
GESPS,Sup'sa,Sup'sa,GE,,RL,4202N 04148E,
GFCAY,Cayenne,Cayenne,GF,,AI,0456N 05220W,
GFCCY,Awala-Yalimapo,Awala-Yalimapo,GF,,AA,0541N 05356W,
GFDDC,Dégrad des Cannes,Degrad des Cannes,GF,,RL,0452N 05216W,
GFLCY,Ouanary,Ouanary,GF,,AA,0413N 05140W,
GFOYP,Saint-Georges,Saint-Georges,GF,,AI,0354N 05148W,
GFQKR,Kourou,Kourou,GF,,AF,0509N 05238W,
GFREM,Dégrad des Cannes-Pariacabo Pt/Remire,Degrad des Cannes-Pariacabo Pt/Remire,GF,,RL,0453N 05217W,
GFSLM,Saint-Laurent-du-Maroni,Saint-Laurent-du-Maroni,GF,,AA,0530N 05402W,
GGACI,Alderney,Alderney,GG,,AF,4941N 00212W,
GGGCI,Guernsey,Guernsey,GG,,AF,4926N 00235W,
GGSPT,Saint Peter Port,Saint Peter Port,GG,,AF,4927N 00233W,
GHADA,Ada,Ada,GH,,QQ,,
GHAUR,Aura,Aura,GH,,QQ,,
GHAXI,Axim,Axim,GH,,QQ,,
GHCCT,Cape Coast,Cape Coast,GH,,QQ,,
GHKIT,Keta,Keta,GH,,QQ,,
GHSEK,Sekondi,Sekondi,GH,,QQ,,
GHSHA,Shama,Shama,GH,,QQ,,
GHSPD,Saltpond,Saltpond,GH,,RL,,
GHTEM,Tema,Tema,GH,,QQ,,
GHTKD,Takoradi,Takoradi,GH,,AI,,
GHWEA,Winneba,Winneba,GH,,QQ,,
GIGIB,Gibraltar,Gibraltar,GI,,AI,,
GLAGM,Tasiilaq,Tasiilaq,GL,,AI,6536N 03738W,
GLDAN,Daneborg,Daneborg,GL,,QQ,,
GLFHN,Kangerdluarssoruseg (Færingehavn,Kangerdluarssoruseg (Faringehavn,GL,,AI,,
GLGOH,Nuuk (Godthaab),Nuuk (Godthaab),GL,,AI,6411N 05145W,
GLIUT,Ivigtut,Ivigtut,GL,,QQ,,
GLJAV,Ilulissat (Jakobshavn),Ilulissat (Jakobshavn),GL,,AI,,
GLJCH,Qasigiannguit (Christianshaab),Qasigiannguit (Christianshaab),GL,,AI,,
GLJEG,Aasiaat (Egedesminde),Aasiaat (Egedesminde),GL,,AI,,
GLJFR,Paamiut (Fredrikshaab),Paamiut (Fredrikshaab),GL,,QQ,,
GLJGO,Qeqertarsuaq (Godhavn),Qeqertarsuaq (Godhavn),GL,,AI,,
GLJGR,Kangilinguit (Gronnedal),Kangilinguit (Gronnedal),GL,,AI,,
GLJHS,Sisimiut (Holsteinsborg),Sisimiut (Holsteinsborg),GL,,AI,,
GLJJU,Qaqortoq (Julianehaab),Qaqortoq (Julianehaab),GL,,AI,,
GLJNN,Nanortalik,Nanortalik,GL,,AI,,
GLJSU,Maniitsoq (Sukkertoppen),Maniitsoq (Sukkertoppen),GL,,AI,,
GLKAN,Kangerlussuaq Havn,Kangerlussuaq Havn,GL,,RL,6658N 05056W,
GLKUL,Kullorsuaq,Kullorsuaq,GL,,RL,7435N 05712W,
GLKUN,Kuummiut,Kuummiut,GL,,RL,6552N 03701W,
GLKUS,Kulusuk,Kulusuk,GL,,AI,,
GLMML,Maarmorliik,Maarmorliik,GL,,RL,7108N 05117W,
GLMRG,Mesters Vig,Mesters Vig,GL,,QQ,,
GLNAL,Nalunaq Gold Mine,Nalunaq Gold Mine,GL,,RL,6019N 04456W,
GLNAQ,Qaanaaq,Qaanaaq,GL,,AI,,
GLOBY,Illorqortoormiut (Scoresbysund),Illorqortoormiut (Scoresbysund),GL,,AI,,
GLSEQ,Seqi Olivine Mine,Seqi Olivine Mine,GL,,RL,6458N 05134W,
GLTHU,Pituffik,Pituffik,GL,,AI,,
GLTNT,Tiniteqilaaq,Tiniteqilaaq,GL,,RL,6554N 03749W,
GLTOV,Toqqusaq,Toqqusaq,GL,,RL,6452N 05212W,
GLUAK,Narsarsuaq,Narsarsuaq,GL,,AI,,
GLUMD,Uummannaq,Uummannaq,GL,,AI,,
GMBJL,Banjul,Banjul,GM,,AI,,
GMSUK,Sukuta,Sukuta,GM,W,RL,1324N 01642W,
GNBEL,Bel-Air,Bel-Air,GN,BF,AM,1014N 01428W,
GNBFA,Boffa,Boffa,GN,BF,AM,1011N 01402W,
GNBRP,Port de Boké,Port de Boke,GN,BK,RL,1031N 01443W,
GNBTY,Benty,Benty,GN,,QQ,,
GNCKY,Conakry,Conakry,GN,,AI,,
GNDKA,Dubreka,Dubreka,GN,DU,AM,0947N 01330W,
GNDPL,Dapilon,Dapilon,GN,BK,AM,1051N 01430W,
GNKMC,Kamsar,Kamsar,GN,BK,AM,1040N 01435W,
GNKMR,Port-Kamsar,Port-Kamsar,GN,,RL,1039N 01437W,
GNKTG,Katougouma,Katougouma,GN,BK,AM,0003N 01427W,
GNPMT,Dougoula,Dougoula,GN,BK,AM,1045N 01433W,
GNSBY,Moresby,Moresby,GN,,RL,,
GPAIF,Baillif,Baillif,GP,,AA,1602N 06144W,
GPBBR,Basse-Terre,Basse-Terre,GP,,AI,1600N 06143W,
GPBMH,Baie-Mahault,Baie-Mahault,GP,,AA,1616N 06135W,
GPBOU,Bouillante,Bouillante,GP,,RL,1608N 06146W,
GPCBE,Capesterre-Belle-Eau,Capesterre-Belle-Eau,GP,,RL,1603N 06133W,
GPDHR,Deshaies,Deshaies,GP,,RL,1618N 06147W,
GPFAE,Folle-Anse,Folle-Anse,GP,,RL,1557N 06120W,
GPFPI,Anse-Bertrand,Anse-Bertrand,GP,,AA,1628N 06131W,
GPGOS,Le Gosier,Le Gosier,GP,,RL,1612N 06129W,
GPGRB,Grand-Bourg,Grand-Bourg,GP,,RL,1553N 06118W,
GPMSB,Marigot,Marigot,GP,,AI,1804N 06305W,
GPPBG,Petit-Bourg,Petit-Bourg,GP,,RL,1611N 06135W,
GPPTL,Port-Louis,Port-Louis,GP,,RL,1625N 06132W,
GPPTP,Point-à-Pitre Apt,Point-a-Pitre Apt,GP,,AF,1614N 06132W,
GPSFC,Saint-François,Saint-Francois,GP,,RL,1615N 06116W,
GQBSG,Bata,Bata,GQ,,RL,,
GQBUL,Butuku-Luba,Butuku-Luba,GQ,,RL,,
GQCOG,Cogo,Cogo,GQ,,RL,,
GQLUB,Luba,Luba,GQ,BS,RL,,
GQPET,Punta Europa Terminal,Punta Europa Terminal,GQ,,RL,0347N 00843E,
GQSER,Serpentina Terminal,Serpentina Terminal,GQ,AN,RL,0348N 00805E,
GQSSG,Malabo,Malabo,GQ,BN,AI,,
GQZAF,Zafiro Terminal,Zafiro Terminal,GQ,AN,RL,0351N 00810E,
GRACL,Achladi,Achladi,GR,,AI,3853N 02249E,
GRADL,Adamas Milos,Adamas Milos,GR,L,RL,3643N 02426E,
GRAEF,Agia Efimia,Agia Efimia,GR,,AI,3818N 02036E,
GRAEG,Aegina,Aegina,GR,,RL,3744N 02325E,
GRAEN,Aígion,Aigion,GR,13,AI,3815N 02205E,
GRAGA,Agriá,Agria,GR,,RL,3920N 02300E,
GRAGE,Agios Georgios,Agios Georgios,GR,04,AA,3850N 02253E,
GRAGF,Agios Nikolaos Fokidas,Agios Nikolaos Fokidas,GR,,RL,3820N 02209E,
GRAGG,Agistri Aiginas,Agistri Aiginas,GR,A1,AI,3743N 02321E,
GRAGK,Agiokampos Larissas,Agiokampos Larissas,GR,,AI,3941N 02253E,
GRAGM,Agia Marina Fthiotidas,Agia Marina Fthiotidas,GR,,AI,3854N 02235E,
GRAGN,Agathonisi,Agathonisi,GR,81,RL,3727N 02658E,
GRAGO,Ágios Efstrátios,Agios Efstratios,GR,83,AI,3932N 02459E,
GRAGT,Agio Theodoroi,Agio Theodoroi,GR,,AI,3755N 02307E,
GRAID,Aidipsou,Aidipsou,GR,04,RL,3851N 02302E,
GRAIG,Aigiali Amorgou,Aigiali Amorgou,GR,82,RL,3654N 02558E,
GRAIO,Alimos,Alimos,GR,A1,AA,3755N 02343E,
GRAKH,Akhillion,Akhillion,GR,43,RL,3900N 02258E,
GRAKI,Agios Kírykos,Agios Kirykos,GR,84,AI,3737N 02618E,
GRAKM,Agia Kyriaki (Trikeri Magnisia),Agia Kyriaki (Trikeri Magnisia),GR,43,RL,3905N 02304E,
GRAKO,Agios Konstantínos,Agios Konstantinos,GR,,AI,3845N 02252E,
GRAKT,Aktio Vonitsas,Aktio Vonitsas,GR,A1,RL,3857N 02045E,
GRALG,Plakias,Plakias,GR,M,AA,3511N 02423E,
GRALO,Alónnisos,Alonnisos,GR,,AI,3909N 02352E,
GRAMF,Amfilochía,Amfilochia,GR,,AI,3852N 02110E,
GRAMI,Amolianí,Amoliani,GR,,AI,4020N 02355E,
GRAML,Agia Marina Lerou,Agia Marina Lerou,GR,81,RL,3709N 02651E,
GRAMR,Agia Marina Aiginas,Agia Marina Aiginas,GR,,RL,3744N 02332E,
GRANA,Anáfi,Anafi,GR,82,AI,3621N 02546E,
GRAND,Andros,Andros,GR,,AI,3750N 02456E,
GRANI,"Agios Nikólaos, Kríti","Agios Nikolaos, Kriti",GR,92,AI,3511N 02543E,
GRANL,Agnontas Skopelos,Agnontas Skopelos,GR,43,AA,3905N 02342E,
GRANP,Antiparos,Antiparos,GR,,AI,3702N 02505E,
GRANT,Andírrion,Andirrion,GR,,AI,3820N 02146E,
GRAOK,Kárpathos,Karpathos,GR,,AI,3530N 02714E,
GRAON,Kounoupidiana,Kounoupidiana,GR,M,AM,3532N 02405E,
GRAOR,Agiokampos Oreon,Agiokampos Oreon,GR,H,AA,3856N 02302E,
GRAPE,Agía Pelagía,Agia Pelagia,GR,,AI,3620N 02259E,
GRAPL,Amaliápolis,Amaliapolis,GR,,RL,3910N 02253E,
GRAPV,Asproválta,Asprovalta,GR,,RL,4043N 02342E,
GRARD,Arkioi Dodekanissou,Arkioi Dodekanissou,GR,81,AA,3723N 02644E,
GRARK,Arkítsa,Arkitsa,GR,06,AI,3845N 02302E,
GRARM,Argostólion,Argostolion,GR,,AI,3811N 02029E,
GRARS,Ástros,Astros,GR,12,RL,3724N 02243E,
GRARX,Araxos,Araxos,GR,,RL,3812N 02123E,
GRASF,Agios Stefanos Corfu,Agios Stefanos Corfu,GR,22,AA,3946N 01957E,
GRASS,Asprópirgos,Aspropirgos,GR,A1,RL,3804N 02335E,
GRAST,Astakós,Astakos,GR,,AI,3832N 02105E,
GRATA,Atalándi,Atalandi,GR,06,AA,3839N 02300E,
GRATK,Antikyra,Antikyra,GR,,AI,3823N 02238E,
GRATL,Atherinolakos Ierapetras,Atherinolakos Ierapetras,GR,M,AA,3500N 02608E,
GRATN,Athinios Thira Santorini,Athinios Thira Santorini,GR,82,RL,3623N 02525E,
GRATS,Altsi,Altsi,GR,,AA,3510N 02553E,
GRAVA,Avlida,Avlida,GR,64,AA,3824N 02336E,
GRAXD,Alexandroúpolis,Alexandroupolis,GR,,RL,4051N 02552E,
GRCFU,Kérkira (Corfu),Kerkira (Corfu),GR,22,AI,3937N 01955E,
GRCHQ,Chania,Chania,GR,,AI,3531N 02401E,
GRCLK,Chalkida,Chalkida,GR,04,AA,3828N 02335E,
GRCSF,Khóra Sfakíon,Khora Sfakion,GR,,AI,3512N 02408E,
GRDAF,Dáfni,Dafni,GR,64,AI,4013N 02413E,
GRDIA,Diafánion,Diafanion,GR,81,AI,3545N 02713E,
GRDIK,Diakofti Kythiron,Diakofti Kythiron,GR,,RL,3616N 02305E,
GRDMB,Dombraina Boiotias,Dombraina Boiotias,GR,,RL,3813N 02257E,
GRDON,Donousa Kykladon,Donousa Kykladon,GR,,AA,3706N 02548E,
GRDOS,Delos,Delos,GR,,AA,3724N 02516E,
GRDPA,Drapetzona,Drapetzona,GR,,AA,3757N 02337E,
GRDRE,Drepano Riou,Drepano Riou,GR,,RL,3820N 02151E,
GRDSD,Prosotsáni,Prosotsani,GR,52,RL,4111N 02358E,
GREDI,Edipsos,Edipsos,GR,,AI,3852N 02302E,
GREEU,Eleusina,Eleusina,GR,A1,AA,3802N 02332E,
GREGI,Eginion,Eginion,GR,,AA,4029N 02235E,
GRELN,Elafonissos Lakonias,Elafonissos Lakonias,GR,,RL,3631N 02259E,
GRELT,Eleftheres,Eleftheres,GR,,AI,4051N 02419E,
GREPI,Epidavros,Epidavros,GR,,RL,3738N 02309E,
GRERE,Erétria,Eretria,GR,04,AI,3824N 02348E,
GRERK,Ereikousses Diapontioi Islands,Ereikousses Diapontioi Islands,GR,,RL,3952N 01934E,
GRERM,Ermióni,Ermioni,GR,,AI,3723N 02315E,
GRERY,Erythres,Erythres,GR,A1,RL,3813N 02319E,
GRETK,Eratini,Eratini,GR,07,RL,3822N 02214E,
GREYD,Eydilos,Eydilos,GR,,AI,3738N 02611E,
GRFAM,Farmakonissi Dodekanissos,Farmakonissi Dodekanissos,GR,81,RL,3717N 02705E,
GRFIS,Fiskárdo,Fiskardo,GR,23,AI,3827N 02034E,
GRFLS,Eleusis,Eleusis,GR,A1,RL,3802N 02332E,
GRFNR,Faneromeni Salaminas,Faneromeni Salaminas,GR,,RL,3759N 02325E,
GRFOL,Folégandros,Folegandros,GR,82,AI,3637N 02457E,
GRFOU,Foúrnoi,Fournoi,GR,84,AI,3730N 02630E,
GRGAD,Gavdos Chanea,Gavdos Chanea,GR,,AA,3451N 02407E,
GRGAL,Galatas Troizinas,Galatas Troizinas,GR,A1,RL,3730N 02327E,
GRGAV,Gávrion,Gavrion,GR,,AI,3753N 02444E,
GRGFD,Glyfada,Glyfada,GR,A1,AA,3752N 02345E,
GRGLO,Glossa,Glossa,GR,,AI,3910N 02337E,
GRGLX,Galaxidi,Galaxidi,GR,07,RL,3823N 02223E,
GRGLY,Glyfa Fthiotidas,Glyfa Fthiotidas,GR,06,AI,3857N 02258E,
GRGMA,Agia Marina Grammatikou Attikis,Agia Marina Grammatikou Attikis,GR,,AA,3811N 02404E,
GRGOV,Gouvion,Gouvion,GR,F,RL,3939N 01951E,
GRGPA,Patras,Patras,GR,,AI,3814N 02143E,
GRGYT,Gythion,Gythion,GR,,AA,3646N 02234E,
GRHAL,Halki Dodekanison,Halki Dodekanison,GR,81,AI,3613N 02736E,
GRHER,Heraklion (Iraklion),Heraklion (Iraklion),GR,91,AI,3520N 02510E,Iraklion (Heraklion)
GRHRK,Herakleia Kykladon,Herakleia Kykladon,GR,,AA,3652N 02528E,
GRHYD,Hydra (Idhra),Hydra (Idhra),GR,,AI,3721N 02328E,Idhra (Hydra)
GRIER,Ierápetra,Ierapetra,GR,92,RL,3500N 02544E,
GRIES,Ierissos,Ierissos,GR,,RL,4023N 02353E,
GRIGO,Igoumenítsa,Igoumenitsa,GR,,AI,3930N 02016E,
GRINO,Inousses,Inousses,GR,,AI,3831N 02613E,
GRIOS,Ios,Ios,GR,,AI,3643N 02516E,
GRITA,Itea,Itea,GR,,AI,3826N 02225E,
GRITH,Ithaki (Ithaca),Ithaki (Ithaca),GR,,AI,3822N 02043E,
GRITM,Isthmía,Isthmia,GR,,AI,3755N 02300E,
GRJKH,Chíos,Chios,GR,,AI,3822N 02608E,
GRJMK,Mykonos,Mykonos,GR,82,AI,3727N 02520E,
GRJNX,Náxos,Naxos,GR,,AI,3706N 02523E,
GRJSH,Siteía,Siteia,GR,,AI,3512N 02607E,
GRJSI,Skíathos,Skiathos,GR,,AI,3910N 02329E,
GRJSY,Syra (Syros),Syra (Syros),GR,,AI,,Syros (Syra)
GRJTR,Thíra,Thira,GR,,AI,3625N 02526E,
GRJTY,Astypálaia,Astypalaia,GR,81,AI,3633N 02621E,
GRKAG,Karkinagri Ikarias,Karkinagri Ikarias,GR,84,AA,3731N 02601E,
GRKAH,Káto Achaïa,Kato Achaia,GR,,RL,3809N 02133E,
GRKAI,Kalamos Island (Lefkada),Kalamos Island (Lefkada),GR,23,AA,3837N 02055E,
GRKAK,Katakolon,Katakolon,GR,,AI,3739N 02119E,
GRKAP,Kapsalion (Kythira),Kapsalion (Kythira),GR,,AI,3609N 02300E,
GRKAR,Néon Karlovásion,Neon Karlovasion,GR,,AI,3748N 02641E,
GRKAS,Kastellorizou (ex Megísti),Kastellorizou (ex Megisti),GR,81,AI,3609N 02936E,
GRKDM,Kardámyla,Kardamyla,GR,85,AA,3832N 02606E,
GRKEA,Kéa (Tzia),Kea (Tzia),GR,,AI,3739N 02419E,
GRKEF,Kefalos Ko,Kefalos Ko,GR,,AA,3644N 02658E,
GRKEI,Kateríni,Katerini,GR,,AA,4016N 02230E,
GRKEM,Kosta Ermionidas,Kosta Ermionidas,GR,,AA,3718N 02310E,
GRKER,Keramoti,Keramoti,GR,,AI,4052N 02442E,
GRKGS,Kos,Kos,GR,,AI,3652N 02715E,
GRKIM,Kimi (Kými),Kimi (Kymi),GR,,AI,3838N 02406E,Kými (Kimi)
GRKIN,Koilas Ermionidos,Koilas Ermionidos,GR,11,AA,3725N 02308E,
GRKIO,Kiato,Kiato,GR,,AA,3800N 02245E,
GRKIP,Kiparissia,Kiparissia,GR,17,RL,3715N 02140E,
GRKIS,Kastelli Kissamou,Kastelli Kissamou,GR,,AI,3531N 02338E,
GRKLD,Kalathos Rodou,Kalathos Rodou,GR,81,AA,3607N 02804E,
GRKLI,Klima,Klima,GR,43,AA,3908N 02339E,
GRKLL,Kalilimenes,Kalilimenes,GR,,AA,3456N 02448E,
GRKLM,Kalamaki,Kalamaki,GR,,AA,3755N 02301E,
GRKLX,Kalamáta,Kalamata,GR,,AI,3702N 02207E,
GRKMI,Kálymnos,Kalymnos,GR,81,AI,3657N 02659E,
GRKMS,Kímolos,Kimolos,GR,,AI,3647N 02435E,
GRKNS,Kontias Limnou,Kontias Limnou,GR,83,RL,3950N 02509E,
GRKOF,Koufonissia Kykladon,Koufonissia Kykladon,GR,,AA,3656N 02536E,
GRKPS,Kopanós,Kopanos,GR,53,RL,4038N 02207E,
GRKRE,Kamares Sifnos,Kamares Sifnos,GR,82,RL,3659N 02440E,
GRKRM,Kardamaina Kos,Kardamaina Kos,GR,81,AA,3647N 02709E,
GRKRT,Kórinthos,Korinthos,GR,15,RL,3756N 02255E,
GRKSA,Kassiopis,Kassiopis,GR,F,RL,3947N 01955E,
GRKSI,Kastos Island,Kastos Island,GR,23,AA,3834N 02055E,
GRKSJ,Kassos,Kassos,GR,,AI,3525N 02655E,
GRKSK,Kamiros Skala,Kamiros Skala,GR,81,AA,3616N 02749E,
GRKSP,Kassiopi Corfu,Kassiopi Corfu,GR,22,RL,3947N 01955E,
GRKST,Karystos,Karystos,GR,,AI,3801N 02425E,
GRKTP,Katápola,Katapola,GR,82,RL,3650N 02552E,
GRKTS,Keratsínion,Keratsinion,GR,,RL,3758N 02336E,
GRKVA,Kavála,Kavala,GR,55,AI,4056N 02424E,
GRKYL,Kyllíni,Kyllini,GR,,AI,3756N 02109E,
GRKYM,Kimási,Kimasi,GR,,AI,3848N 02331E,
GRKYT,Kythnos,Kythnos,GR,,AI,3723N 02424E,
GRLAR,Lardos Rhodes,Lardos Rhodes,GR,81,AA,3604N 02802E,
GRLAV,Laurium (Lavrion),Laurium (Lavrion),GR,,AI,3743N 02404E,Lavrion (Laurium)
GRLDR,Lindos Rodou,Lindos Rodou,GR,81,AA,3606N 02805E,
GRLEF,Lefkandi,Lefkandi,GR,,RL,3825N 02341E,
GRLEV,Lefkáda (Lefkás),Lefkada (Lefkas),GR,,AI,3850N 02042E,Lefkás (Lefkáda)
GRLFK,Lefkímmi,Lefkimmi,GR,22,AI,3925N 02006E,
GRLIA,Linaria,Linaria,GR,04,AA,3851N 02432E,
GRLII,Limni,Limni,GR,,AA,3846N 02319E,
GRLIN,Linoperamata Hrakliou,Linoperamata Hrakliou,GR,,AA,3521N 02503E,
GRLIP,Lipsoí,Lipsoi,GR,81,AI,3717N 02646E,
GRLIX,Lixuri,Lixuri,GR,,AI,3812N 02026E,
GRLND,Leonídion,Leonidion,GR,,AI,3709N 02254E,
GRLRS,Leros,Leros,GR,,AI,3711N 02648E,
GRLRY,Larymna,Larymna,GR,,AI,3834N 02317E,
GRLTR,Loutro Chanion,Loutro Chanion,GR,,RL,3512N 02405E,
GRLVR,Aliverio,Aliverio,GR,,AI,3824N 02403E,
GRM8L,Magoúla,Magoula,GR,42,RL,3949N 02205E,
GRMDR,Moúdhros,Moudhros,GR,,AI,3952N 02516E,
GRMEA,Methana,Methana,GR,A1,AA,3735N 02333E,
GRMEG,Megálon Livádion,Megalon Livadion,GR,82,RL,3709N 02425E,
GRMEL,Mesolóngion,Mesolongion,GR,,AI,3822N 02126E,
GRMEN,Menidi,Menidi,GR,,AA,3902N 02107E,
GRMET,Methoni,Methoni,GR,,AI,3649N 02143E,
GRMGL,Magoúla,Magoula,GR,A1,RL,3805N 02331E,
GRMGN,Meganísi,Meganisi,GR,24,AI,3840N 02045E,
GRMHI,Mesta Hiou,Mesta Hiou,GR,,AI,3817N 02556E,
GRMJT,Mytilene,Mytilene,GR,,AI,3906N 02633E,
GRMKP,Marathokampos Samou,Marathokampos Samou,GR,84,AA,3742N 02642E,
GRMOL,Molyvos,Molyvos,GR,83,RL,3922N 02609E,
GRMON,Monemvasía,Monemvasia,GR,16,AI,3641N 02303E,
GRMOU,Moutsoúna,Moutsouna,GR,,AA,3705N 02535E,
GRMPO,Mpoukaris,Mpoukaris,GR,F,RL,3927N 01959E,
GRMRM,Marmari,Marmari,GR,,AI,3803N 02419E,
GRMRS,Myrties Kalymnou,Myrties Kalymnou,GR,L,RL,3659N 02655E,
GRMSA,Malessina,Malessina,GR,,AA,3839N 02314E,
GRMSS,Messongis,Messongis,GR,F,RL,3928N 01956E,
GRMTR,Mathraki Diapontioi Island,Mathraki Diapontioi Island,GR,,AA,3947N 01931E,
GRMVO,Moní Vatopedíou,Moni Vatopediou,GR,69,RL,4018N 02412E,
GRMXK,Mastichari Kos,Mastichari Kos,GR,81,RL,3651N 02704E,
GRMYB,Myrtos Beach,Myrtos Beach,GR,23,RL,3821N 02032E,
GRMYL,Mylaki,Mylaki,GR,,AA,3823N 02404E,
GRMYR,Mírina,Mirina,GR,,AI,3952N 02504E,
GRNAF,Náfplion,Nafplion,GR,11,AI,3734N 02248E,
GRNAR,Néa Artáki,Nea Artaki,GR,,RL,3831N 02338E,
GRNAS,Naoussa Parou,Naoussa Parou,GR,,RL,3707N 02514E,
GRNEA,Neapolis,Neapolis,GR,,AI,3630N 02304E,
GRNID,Nidhríon,Nidhrion,GR,,AI,3842N 02043E,
GRNIS,Nisiros,Nisiros,GR,,AI,3637N 02708E,
GRNKA,Néa Kallikrátia,Nea Kallikratia,GR,64,RL,4019N 02304E,
GRNKV,Néa Karváli,Nea Karvali,GR,,RL,4058N 02431E,
GRNMA,Néa Moudhaniá,Nea Moudhania,GR,,AI,4014N 02317E,
GRNPK,Návpaktos,Navpaktos,GR,,RL,3824N 02150E,
GRNPY,Néa Pláyia,Nea Playia,GR,,RL,4016N 02312E,
GRNST,Néa Stíra,Nea Stira,GR,,AI,3811N 02412E,
GROIK,Oia Kyklades,Oia Kyklades,GR,82,AA,3628N 02523E,
GRORE,Orei,Orei,GR,,AI,3857N 02305E,
GRORO,Oropos,Oropos,GR,,AI,3819N 02347E,
GROTH,Othonoí,Othonoi,GR,22,AA,3951N 01924E,
GROTO,Agios Stefanos Avliotes,Agios Stefanos Avliotes,GR,F,RL,3945N 01939E,
GROUR,Ouranópolis,Ouranopolis,GR,64,AI,4019N 02359E,
GRP5T,Platy,Platy,GR,53,RL,4038N 02232E,
GRPAA,Psará,Psara,GR,85,AI,3832N 02534E,
GRPAO,Paloúkia,Paloukia,GR,A1,AI,3758N 02332E,
GRPAR,Párga,Parga,GR,,RL,3917N 02024E,
GRPAS,Páros,Paros,GR,,AI,3705N 02509E,
GRPAX,Paxi,Paxi,GR,,AI,3912N 02011E,
GRPCH,Paleochora,Paleochora,GR,94,RL,3513N 02340E,
GRPEB,Petani Beach,Petani Beach,GR,23,RL,3816N 02022E,
GRPEL,Pelasyía,Pelasyia,GR,06,RL,3857N 02250E,
GRPEP,Palaiá Epídavros,Palaia Epidavros,GR,,AI,3738N 02309E,
GRPER,Perama,Perama,GR,,AI,3758N 02333E,
GRPFA,Palaiá Fókaia,Palaia Fokaia,GR,,RL,3743N 02357E,
GRPGM,Perama Geras Mytilinis,Perama Geras Mytilinis,GR,83,RL,3902N 02630E,
GRPHE,Porto Heli,Porto Heli,GR,,AI,,
GRPIA,Platania,Platania,GR,43,RL,3908N 02316E,
GRPIL,Agia Galini,Agia Galini,GR,M,AA,3505N 02441E,
GRPIR,Piraeus,Piraeus,GR,I,AI,3756N 02337E,
GRPIS,Pissaetos Ithakis,Pissaetos Ithakis,GR,,RL,3821N 02041E,
GRPIT,Pitra,Pitra,GR,16,AA,3641N 02250E,
GRPKE,Poros Kefallinias,Poros Kefallinias,GR,,AI,,
GRPKI,Prassa Kimolos,Prassa Kimolos,GR,L,AM,3649N 02435E,
GRPKK,Lakkion,Lakkion,GR,,RL,3708N 02651E,
GRPLC,Polychnitos Lesvou,Polychnitos Lesvou,GR,,RL,3406N 02610E,
GRPLG,Platygiali Etoloakarnanias,Platygiali Etoloakarnanias,GR,,RL,3828N 02106E,
GRPLI,Pyli,Pyli,GR,,RL,4046N 02102E,
GRPLM,Plomárion,Plomarion,GR,83,RL,3859N 02622E,
GRPLV,Petra,Petra,GR,83,AI,3920N 02611E,
GRPME,Pachi,Pachi,GR,,RL,3758N 02321E,
GRPMS,Pátmos,Patmos,GR,,AI,3719N 02633E,
GRPNT,Órmos Panórmou,Ormos Panormou,GR,82,RL,3739N 02503E,
GRPOA,Potamos Antikithera,Potamos Antikithera,GR,A1,RL,3553N 02317E,
GRPPI,Prinos Thassou,Prinos Thassou,GR,,RL,4045N 02434E,
GRPRE,Petries Evvoias,Petries Evvoias,GR,04,RL,3824N 02411E,
GRPRN,Prasonisi Rhodes,Prasonisi Rhodes,GR,L,AM,3553N 02746E,
GRPRO,Próti,Proti,GR,62,RL,4057N 02400E,
GRPRR,Perea,Perea,GR,54,AA,4030N 02254E,
GRPSA,Psakhná,Psakhna,GR,,RL,3835N 02338E,
GRPSE,Phserimos Dodekanisou,Phserimos Dodekanisou,GR,81,AA,3656N 02708E,
GRPSF,Paleohora Sfakion,Paleohora Sfakion,GR,,AI,3512N 02408E,
GRPSK,Pessada Kefallinnias,Pessada Kefallinnias,GR,,RL,3806N 02035E,
GRPTC,Petrití,Petriti,GR,22,RL,3927N 02000E,
GRPTE,Pteleos,Pteleos,GR,43,RL,3902N 02259E,
GRPTI,Plataria,Plataria,GR,32,RL,3927N 02017E,
GRPTK,Politiká,Politika,GR,,AI,3835N 02333E,
GRPTL,Lágos (Pórto-Lágo),Lagos (Porto-Lago),GR,72,AI,4101N 02507E,
GRPTR,Poros Trizinias,Poros Trizinias,GR,,AI,,
GRPVK,Preveza/Lefkas,Preveza/Lefkas,GR,,AI,,
GRPXO,Antipaxoi,Antipaxoi,GR,F,RL,3909N 02014E,
GRPYL,Pýlos,Pylos,GR,17,RL,3654N 02141E,
GRPYR,Pyrgos,Pyrgos,GR,,AI,,
GRPYT,Pythagóreion,Pythagoreion,GR,84,AI,3742N 02657E,
GRPYV,Peyki Evvoias,Peyki Evvoias,GR,04,RL,3900N 02313E,
GRRAF,Rafina,Rafina,GR,,AI,,
GRRET,Réthymnon,Rethymnon,GR,,AI,3522N 02428E,
GRREV,Revithoussa,Revithoussa,GR,,RL,3757N 02323E,
GRRHO,Rhodes,Rhodes,GR,,AI,,
GRRIO,Rio,Rio,GR,,AI,,
GRRIZ,Rízes,Rizes,GR,A1,RL,3614N 02257E,
GRROU,Agia Roumeli,Agia Roumeli,GR,,RL,3514N 02358E,
GRSAI,Sámi,Sami,GR,23,RL,3815N 02039E,
GRSAL,Salamís,Salamis,GR,,RL,3758N 02329E,
GRSAM,Samothráki,Samothraki,GR,,AI,4029N 02531E,
GRSAT,Frikes Ithakis,Frikes Ithakis,GR,,RL,3828N 02040E,
GRSCR,Stavrochorion,Stavrochorion,GR,57,RL,,
GRSDH,Soúda,Souda,GR,94,AA,3531N 02408E,
GRSER,Sériphos,Seriphos,GR,82,AI,3709N 02430E,
GRSFN,Souflíon,Souflion,GR,,RL,4112N 02619E,
GRSGB,Saint George,Saint George,GR,,RL,,
GRSGI,Sigrion,Sigrion,GR,,RL,3913N 02551E,
GRSGR,Sigri Lesvou,Sigri Lesvou,GR,,RL,3913N 02550E,
GRSGT,Sagiada Thesprotias,Sagiada Thesprotias,GR,32,RL,3938N 02011E,
GRSHA,Stavros Halkidikis,Stavros Halkidikis,GR,,AI,,
GRSHC,Schinousa Kykladon,Schinousa Kykladon,GR,,RL,3652N 02530E,
GRSHI,Shinari Zakynthou,Shinari Zakynthou,GR,,RL,3754N 02042E,
GRSII,Sikinos,Sikinos,GR,82,AI,3642N 02507E,
GRSIK,Sikionia,Sikionia,GR,,QQ,,
GRSKA,Skaramangás,Skaramangas,GR,,RL,3800N 02335E,
GRSKD,Skafidia,Skafidia,GR,,RL,3742N 02120E,
GRSKG,Thessaloníki,Thessaloniki,GR,,AI,4038N 02257E,
GRSKM,Skáloma,Skaloma,GR,32,RL,3937N 02011E,
GRSKO,Skopelos,Skopelos,GR,,AI,,
GRSKU,Skíros,Skiros,GR,,AI,3854N 02434E,
GRSLA,Souvala,Souvala,GR,A1,RL,3746N 02329E,
GRSMI,Samos,Samos,GR,,AI,,
GRSNK,Salonika,Salonika,GR,54,RL,,
GRSOG,Sougia Chanion,Sougia Chanion,GR,,RL,3512N 02348E,
GRSOI,Soroni,Soroni,GR,L,AA,3622N 02800E,
GRSOR,Soupri,Soupri,GR,,RL,,
GRSOS,Assos,Assos,GR,23,AA,3823N 02032E,
GRSOU,Soussaki,Soussaki,GR,,AA,3755N 02303E,
GRSPE,Spétsai,Spetsai,GR,,AI,3716N 02309E,
GRSTI,Stratoni,Stratoni,GR,,AI,,
GRSTN,Saint Nicolas,Saint Nicolas,GR,03,RL,3821N 02241E,
GRSUD,Suda Bay,Suda Bay,GR,,AI,,
GRSYM,Symi,Symi,GR,,AI,3636N 02750E,
GRSYS,Stylis (Stylída),Stylis (Stylida),GR,06,AI,3855N 02237E,Stylída (Stylis)
GRSYV,Syvota,Syvota,GR,32,AA,3924N 02014E,
GRTEM,Artemis,Artemis,GR,,AA,3758N 02400E,
GRTHM,Thymaina Island,Thymaina Island,GR,84,RL,3735N 02627E,
GRTHP,Thisvi Port,Thisvi Port,GR,07,AA,3813N 02257E,
GRTIL,Tilos,Tilos,GR,81,AI,3625N 02722E,
GRTIN,Tínos,Tinos,GR,,AI,3732N 02510E,
GRTKO,Thessi Kyrillo,Thessi Kyrillo,GR,,RL,,
GRTLA,Tolo Argolidos,Tolo Argolidos,GR,11,RL,3731N 02251E,
GRTRK,Trikeri,Trikeri,GR,43,RL,3905N 02304E,
GRTRS,Thirasía,Thirasia,GR,,AI,3626N 02521E,
GRTRY,Trypiti Chalkidikis,Trypiti Chalkidikis,GR,,RL,4022N 02355E,
GRTSA,Benitsa,Benitsa,GR,F,RL,3933N 01954E,
GRTSI,Tsingéli,Tsingeli,GR,,RL,3910N 02251E,
GRTSO,Thasos,Thasos,GR,,AI,,
GRTVR,Távros,Tavros,GR,A1,RL,3758N 02341E,
GRVAB,Vatika Bay,Vatika Bay,GR,16,RL,3630N 02302E,
GRVLC,Volissos (Limnia) Chios,Volissos (Limnia) Chios,GR,85,RL,3828N 02555E,
GRVLM,Vouliagméni,Vouliagmeni,GR,A1,RL,3749N 02347E,
GRVOL,Vólos,Volos,GR,,AI,3922N 02257E,
GRVOM,Voudia Milos,Voudia Milos,GR,L,AA,3645N 02432E,
GRVRI,Vrisákia,Vrisakia,GR,,RL,3834N 02336E,
GRVSS,Vassiliki Leykadas,Vassiliki Leykadas,GR,,RL,3837N 02035E,
GRVTH,Port Vathý (Vathý),Port Vathy (Vathy),GR,84,AI,3745N 02659E,Vathý (Port Vathý)
GRXIR,Xirokampos Leros,Xirokampos Leros,GR,L,AM,3707N 02652E,
GRXKB,Xirokámbion,Xirokambion,GR,16,RL,3658N 02227E,
GRXYT,Xylokeratia Milos,Xylokeratia Milos,GR,L,,3640N 02422E,
GRXZX,Elaiokhória,Elaiokhoria,GR,64,RL,4020N 02310E,
GRYAL,Yaltra,Yaltra,GR,04,RL,3851N 02259E,
GRYER,Yerakiní,Yerakini,GR,64,AI,4017N 02327E,
GRYLI,Yali Island,Yali Island,GR,,RL,,
GRYPS,Ypsos,Ypsos,GR,F,RL,3942N 01950E,
GRZAQ,Sérifos,Serifos,GR,82,RL,3709N 02430W,
GRZTH,Zákynthos,Zakynthos,GR,21,AI,3747N 02054E,
GSGRV,Grytviken,Grytviken,GS,,RL,5416S 03630W,
GSLEH,Leith Harbour,Leith Harbour,GS,,RL,,
GTCHR,Champerico,Champerico,GT,11,RL,1418N 09155W,
GTE8C,El Carmen,El Carmen,GT,15,RL,1509N 09014W,
GTELE,El Estor,El Estor,GT,18,RL,,
GTLAA,La Aurora,La Aurora,GT,,RL,,
GTLIV,Lívingston,Livingston,GT,18,RL,1550N 08845W,
GTPBR,Puerto Barrios,Puerto Barrios,GT,,AI,,
GTPRQ,Puerto Quetzal,Puerto Quetzal,GT,,RL,,
GTRIO,Río Bravo,Rio Bravo,GT,10,RL,1424N 09119W,
GTSNJ,San Jose,San Jose,GT,,AI,,
GTSTC,Puerto Santo Tomás de Castilla,Puerto Santo Tomas de Castilla,GT,18,AI,1542N 08837W,
GTTUC,Tecun Uman,Tecun Uman,GT,09,RL,,
GTVIN,Villa Nueva,Villa Nueva,GT,,RL,,
GUAPR,Apra (Agana),Apra (Agana),GU,,RL,,
GUBRR,Barrigada,Barrigada,GU,,RL,1328N 14447E,
GUGUM,Guam,Guam,GU,,AI,,
GWBNT,Binta,Binta,GW,,RL,1225N 01519W,
GWBOL,Bolama,Bolama,GW,,RL,1135N 01528W,
GWBQE,Bubaque,Bubaque,GW,,AI,1117N 01550W,
GWCAC,Cacheu,Cacheu,GW,CA,RL,1216N 01609W,
GWCJA,Canjaja,Canjaja,GW,,RL,1223N 01521W,
GWFAR,Farim,Farim,GW,,RL,1229N 01513W,
GWOXB,Bissau,Bissau,GW,BS,AI,1151N 01535W,
GYANT,Adventure,Adventure,GY,,RL,0705N 05829W,
GYEVR,Everton,Everton,GY,DE,RL,0655N 05820W,
GYGEO,Georgetown,Georgetown,GY,,AI,,
GYGFO,Bartica,Bartica,GY,,AI,,
GYLDN,Linden,Linden,GY,,RL,0600N 05817W,
GYNAM,New Amsterdam,New Amsterdam,GY,,AI,,
HK9YM,Yau Ma Tei,Yau Ma Tei,HK,,RL,2219N 11410E,
HKABD,Aberdeen,Aberdeen,HK,,RL,2215N 11409E,
HKALC,Ap Lei Chau,Ap Lei Chau,HK,,RL,,
HKCWB,Causeway Bay,Causeway Bay,HK,,RL,2217N 11411E,
HKHKC,Ha Kwai Chung,Ha Kwai Chung,HK,,RL,2222N 11407E,
HKHKG,Hong Kong,Hong Kong,HK,,AI,2219N 11410E,
HKKWN,Kowloon,Kowloon,HK,,RL,2218N 11410E,
HKLAM,Lamma Island,Lamma Island,HK,,RL,,
HKTOL,Tolo Harbour,Tolo Harbour,HK,,QQ,,
HKTST,Tsim Sha Tsui,Tsim Sha Tsui,HK,,RL,2218N 11410E,
HKVIC,Victoria,Victoria,HK,,QQ,,
HKWNI,Wan Chai,Wan Chai,HK,,RL,2217N 11410E,
HKYUE,Yuen Long,Yuen Long,HK,,RL,,
HMHEA,Heard Island,Heard Island,HM,,RL,5305S 07343E,
HMMCD,McDonald Island,McDonald Island,HM,,RL,5302S 07235E,
HNAMP,Amapala,Amapala,HN,,AI,,
HNGJA,Guanaja,Guanaja,HN,,AI,,
HNHNN,Henecan,Henecan,HN,,AI,,
HNLCE,La Ceiba,La Ceiba,HN,,AI,,
HNOMO,Omoa,Omoa,HN,CR,RL,1546N 08802W,
HNPCA,Puerto Castilla,Puerto Castilla,HN,,RL,,
HNPCR,Puerto Cortés,Puerto Cortes,HN,,AI,,
HNRTB,Roatán,Roatan,HN,,AI,1618N 08633W,
HNRTM,Mahogany Bay,Mahogany Bay,HN,IB,AM,1620N 08630W,
HNSAP,San Pedro Sula,San Pedro Sula,HN,,AI,,
HNSLO,San Lorenzo,San Lorenzo,HN,,RL,,
HNTEA,Tela,Tela,HN,,AI,,
HNTGU,Tegucigalpa,Tegucigalpa,HN,,AI,,
HNTJI,Trujillo,Trujillo,HN,,AI,,
HR9SA,Velika Mlaka,Velika Mlaka,HR,21,RL,4544N 01601E,
HRALJ,Aljmas,Aljmas,HR,,RL,4532N 01857E,
HRATL,Antenal,Antenal,HR,,AA,4519N 01333E,
HRBAK,Bakar,Bakar,HR,08,RL,4518N 01431E,
HRBAS,Baska,Baska,HR,08,RL,4458N 01445E,
HRBAT,Batina,Batina,HR,14,RL,4552N 01852E,
HRBLC,Belisce,Belisce,HR,,RL,4542N 01825E,
HRBLE,Blace,Blace,HR,,AA,4301N 01729E,
HRBNM,Biograd na Moru,Biograd na Moru,HR,,RL,4356N 01527E,
HRBOL,Bol,Bol,HR,,RL,4316N 01639E,
HRBOR,Borovo,Borovo,HR,,RL,4522N 01858E,
HRBRB,Brbinj/Lucina,Brbinj/Lucina,HR,,AA,4405N 01500E,
HRBRI,Brioni,Brioni,HR,,RL,4454N 01345E,
HRBRV,Borovo Selo,Borovo Selo,HR,,RL,4525N 01859E,
HRBZA,Bozava,Bozava,HR,,RL,4408N 01454E,
HRCRA,Crikvenica,Crikvenica,HR,,RL,4511N 01442E,
HRCRS,Cres,Cres,HR,,RL,4457N 01424E,
HRCVT,Cavtat,Cavtat,HR,19,RL,4234N 01813E,
HRDAL,Dalmacia,Dalmacia,HR,13,RL,4403N 01518E,
HRDBV,Dubrovnik,Dubrovnik,HR,19,AI,4239N 01805E,
HRDLJ,Dalj,Dalj,HR,,RL,4529N 01859E,
HRDNC,Donje Celo,Donje Celo,HR,,AA,4241N 01800E,
HRDRK,Drvenik,Drvenik,HR,,AA,4309N 01615E,
HRDUR,Dugi Rat,Dugi Rat,HR,17,RL,4326N 01638E,
HRERD,Erdut,Erdut,HR,,RL,4532N 01904E,
HRFIL,Filipjakov,Filipjakov,HR,13,RL,4358N 01525E,
HRFNA,Fazana,Fazana,HR,,AA,4456N 01344E,
HRGNA,Gazenica,Gazenica,HR,,AA,4406N 01516E,
HRHVA,Hvar,Hvar,HR,17,RL,4310N 01626E,
HRILO,Ilok,Ilok,HR,,RL,4513N 01922E,
HRIST,Ist,Ist,HR,,RL,4416N 01446E,
HRJAB,Jablanac,Jablanac,HR,,RL,4443N 01454E,
HRJDR,Jadrija,Jadrija,HR,,AA,4343N 01551E,
HRJSA,Jelsa,Jelsa,HR,,RL,4310N 01642E,
HRKAB,Karlobag,Karlobag,HR,,RL,4431N 01504E,
HRKAL,Kali,Kali,HR,13,RL,4404N 01512E,
HRKFR,Kanfanar,Kanfanar,HR,07,RL,,
HRKJV,Kijevo,Kijevo,HR,,RL,4400N 01621E,
HRKLK,Klek,Klek,HR,,AA,4257N 01734E,
HRKMN,Klimno,Klimno,HR,,AA,4509N 01438E,
HRKMZ,Komiza,Komiza,HR,,RL,4302N 01605E,
HRKOR,Korcula,Korcula,HR,,RL,4257N 01707E,
HRKOS,Kostrena,Kostrena,HR,08,RL,4518N 01430E,
HRKPR,Kaprije,Kaprije,HR,,AA,4341N 01543E,
HRKRA,Kraljevica,Kraljevica,HR,,RL,4516N 01434E,
HRKRK,Krk,Krk,HR,,RL,4502N 01435E,
HRKRM,Koromacno,Koromacno,HR,,RL,4458N 01407E,
HRKUK,Kukljica,Kukljica,HR,13,RL,4402N 01515E,
HRKZA,Kneza,Kneza,HR,17,RL,4258N 01703E,
HRLAM,Lamjane,Lamjane,HR,,RL,4402N 01512E,
HRLKR,Lokrum,Lokrum,HR,,AA,4237N 01808E,
HRLPD,Lopud,Lopud,HR,,AA,4241N 01757E,
HRLPR,Lopar,Lopar,HR,,AA,4450N 01448E,
HRLST,Lastovo,Lastovo,HR,,RL,4246N 01654E,
HRLSZ,Mali Losinj,Mali Losinj,HR,,AI,4432N 01428E,
HRMAK,Makarska,Makarska,HR,17,RL,4318N 01701E,
HRMAL,Malinska,Malinska,HR,,RL,4507N 01432E,
HRMAS,Maslenica,Maslenica,HR,17,RL,4413N 01532E,
HRMET,Metkovic,Metkovic,HR,,RL,4303N 01738E,
HRMHV,Mohovo,Mohovo,HR,,RL,4515N 01913E,
HRMIL,Milna,Milna,HR,,RL,4319N 01627E,
HRMIZ,Mali Iz,Mali Iz,HR,13,RL,4402N 01508E,
HRMNK,Misnjak,Misnjak,HR,,AA,4442N 01452E,
HRMOD,Moscenicka Draga,Moscenicka Draga,HR,,RL,4514N 01415E,
HRMOM,Momjan,Momjan,HR,18,RL,4526N 01342E,
HRMRG,Merag,Merag,HR,,AA,4459N 01427E,
HRMRJ,Muna na Zirju,Muna na Zirju,HR,,AA,4340N 01540E,
HRMTA,Martinscica,Martinscica,HR,,AA,4449N 01425E,
HRMUR,Murter,Murter,HR,,RL,4349N 01536E,
HRN9F,Fericanci,Fericanci,HR,11,RL,4531N 01758E,
HRNDD,Novigrad (Dalmacija),Novigrad (Dalmacija),HR,13,RL,4411N 01533E,
HRNOV,Novaglia,Novaglia,HR,13,RL,4433N 01453E,
HRNRZ,Nerezine,Nerezine,HR,,AA,4440N 01424E,
HRNVD,Novi Vinodolski,Novi Vinodolski,HR,,RL,4508N 01447E,
HRNVG,Novigrad,Novigrad,HR,18,RL,4518N 01333E,
HRNVL,Novalja,Novalja,HR,,RL,4433N 01453E,
HROMI,Omisalj,Omisalj,HR,08,RL,4513N 01433E,
HROMS,Omis,Omis,HR,,RL,4327N 01642E,
HRONJ,Obonjan,Obonjan,HR,,AA,4341N 01547E,
HROPA,Opatija,Opatija,HR,18,RL,4520N 01418E,
HROPT,Opatovac,Opatovac,HR,,RL,4516N 01910E,
HRORB,Orebic,Orebic,HR,,AA,4258N 01711E,
HROSI,Osijek,Osijek,HR,14,AI,4533N 01841E,
HRPAG,Pag,Pag,HR,,RL,4426N 01503E,
HRPAS,Pasman,Pasman,HR,13,RL,4357N 01523E,
HRPCA,Pucisca,Pucisca,HR,,AA,4322N 01645E,
HRPLA,Polace,Polace,HR,,AA,4247N 01723E,
HRPLE,Ploce,Ploce,HR,,RL,4303N 01726E,
HRPLM,Plomin,Plomin,HR,18,RL,4508N 01410E,
HRPMN,Pomena,Pomena,HR,,RL,4247N 01721E,
HRPNT,Punat,Punat,HR,,RL,4501N 01438E,
HRPOR,Porec,Porec,HR,18,RL,4513N 01335E,
HRPRE,Preko,Preko,HR,,RL,4405N 01512E,
HRPRI,Primosten,Primosten,HR,,RL,4335N 01556E,
HRPRN,Prizna,Prizna,HR,,AA,4436N 01458E,
HRPRP,Prapratno,Prapratno,HR,,AA,4249N 01741E,
HRPRS,Prvic Sepurine,Prvic Sepurine,HR,,AA,4344N 01547E,
HRPRV,Prvic,Prvic,HR,,AA,4343N 01548E,
HRPRZ,Porozina,Porozina,HR,,AA,4508N 01408E,
HRPUY,Pula,Pula,HR,18,AI,4452N 01350E,
HRPVK,Privlaka,Privlaka,HR,13,RL,4416N 01507E,
HRRAB,Rab,Rab,HR,,RL,4445N 01445E,
HRRAS,Rasa,Rasa,HR,18,RL,4504N 01404E,
HRRBC,Rabac,Rabac,HR,,RL,4505N 01410E,
HRRES,Duga Resa,Duga Resa,HR,04,RL,4525N 01529E,
HRRGC,Rogac,Rogac,HR,,RL,4324N 01618E,
HRRGN,Rogoznica,Rogoznica,HR,,RL,4332N 01558E,
HRRJK,Rijeka,Rijeka,HR,08,AI,4520N 01424E,
HRROV,Rovinj,Rovinj,HR,18,RL,4505N 01338E,
HRRVC,Rugvica,Rugvica,HR,,RL,4544N 01614E,
HRSAL,Sali,Sali,HR,,RL,4356N 01510E,
HRSBD,Slavonski Brod,Slavonski Brod,HR,12,RL,4509N 01800E,
HRSBR,Sobra,Sobra,HR,,AA,4245N 01737E,
HRSDR,Sudurad,Sudurad,HR,,AA,4243N 01755E,
HRSEN,Senj,Senj,HR,08,RL,4459N 01454E,
HRSGD,Stari Grad,Stari Grad,HR,,RL,4311N 01636E,
HRSGR,Starigrad,Starigrad,HR,,RL,4418N 01526E,
HRSIB,Sibenik,Sibenik,HR,15,RL,4344N 01553E,
HRSIL,Silba,Silba,HR,,RL,4422N 01442E,
HRSIS,Sisak,Sisak,HR,03,RL,4528N 01622E,
HRSLA,Slano,Slano,HR,,RL,4247N 01754E,
HRSLC,Selce,Selce,HR,,AA,4509N 01443E,
HRSLO,Silo,Silo,HR,,RL,4509N 01440E,
HRSLT,Slatine,Slatine,HR,,AA,4330N 01621E,
HRSMN,Sumartin,Sumartin,HR,,RL,4317N 01653E,
HRSPL,Splitska,Splitska,HR,17,RL,4322N 01636E,
HRSPU,Split,Split,HR,17,AI,4330N 01627E,
HRSRD,Skradin,Skradin,HR,,AA,4349N 01555E,
HRSRG,Sarengrad,Sarengrad,HR,,RL,4514N 01917E,
HRSSK,Susak,Susak,HR,,RL,4431N 01418E,
HRSTM,Stomorska,Stomorska,HR,,AA,4322N 01621E,
HRSTO,Ston,Ston,HR,19,RL,4250N 01742E,
HRSTP,Sustjepan,Sustjepan,HR,,AA,4240N 01806E,
HRSUC,Sucuraj,Sucuraj,HR,,RL,4307N 01711E,
HRSUP,Supetar,Supetar,HR,,RL,4323N 01633E,
HRSUR,Sucurac,Sucurac,HR,,RL,4333N 01625E,
HRSUS,Susak,Susak,HR,08,RL,4529N 01419E,
HRSUT,Sutivan,Sutivan,HR,17,RL,4323N 01629E,
HRSVJ,Sveti Juraj,Sveti Juraj,HR,,RL,4456N 01455E,
HRSVK,Sveti Kajo,Sveti Kajo,HR,17,RL,4332N 01627E,
HRTKN,Tkon,Tkon,HR,,AA,4355N 01527E,
HRTNO,Tisno,Tisno,HR,,RL,4348N 01539E,
HRTNR,Tunarica,Tunarica,HR,,AA,4458N 01406E,
HRTRI,Tribunj,Tribunj,HR,15,RL,4345N 01545E,
HRTRJ,Trpanj,Trpanj,HR,,RL,4301N 01716E,
HRTRK,Trstenik,Trstenik,HR,,RL,4255N 01725E,
HRTRO,Trogir,Trogir,HR,,RL,4330N 01615E,
HRTUR,Turanj,Turanj,HR,13,RL,4358N 01524E,
HRUBL,Ubli,Ubli,HR,,AA,4245N 01650E,
HRUMG,Umag,Umag,HR,18,RL,4525N 01331E,
HRUNJ,Unije,Unije,HR,,AA,4438N 01414E,
HRUVM,Uvala Mir,Uvala Mir,HR,13,RL,4353N 01509E,
HRVDC,Vodice,Vodice,HR,,RL,4346N 01546E,
HRVGN,Viganj,Viganj,HR,,AA,4259N 01706E,
HRVIS,Vis,Vis,HR,,RL,4303N 01610E,
HRVIZ,Veli Iz,Veli Iz,HR,13,RL,4403N 01507E,
HRVLB,Valbiska,Valbiska,HR,,AA,4502N 01430E,
HRVLK,Vela Luka,Vela Luka,HR,,RL,4257N 01643E,
HRVLN,Veli Losinj,Veli Losinj,HR,,AA,4431N 01430E,
HRVRA,Vranjic,Vranjic,HR,17,AA,4332N 01628E,
HRVRG,Vrgada,Vrgada,HR,,AA,4352N 01530E,
HRVRK,Vrbnik,Vrbnik,HR,,AA,4505N 01441E,
HRVRR,Vrsar,Vrsar,HR,,AA,4509N 01336E,
HRVRS,Vrboska,Vrboska,HR,,AA,4311N 01641E,
HRVUK,Vukovar,Vukovar,HR,16,RL,4521N 01900E,
HRXXX,RIS Inland waterways,RIS Inland waterways,HR,,AI,,
HRZAD,Zadar,Zadar,HR,01,AI,4407N 01514E,
HRZGL,Zigljen,Zigljen,HR,,AA,4435N 01457E,
HRZLR,Zlarin,Zlarin,HR,,AA,4342N 01550E,
HRZUT,Zut Marina,Zut Marina,HR,13,RL,4353N 01517E,
HTACA,Les Cayes,Les Cayes,HT,SD,AI,,
HTCAP,Cap-Haïtien,Cap-Haitien,HT,,AI,1945N 07212W,
HTCRC,Caracol,Caracol,HT,,RL,1941N 07201W,
HTFLI,Fort Liberte,Fort Liberte,HT,NE,QQ,,
HTFOM,Fond Mombin,Fond Mombin,HT,OU,RL,,
HTGVS,Gonaïves,Gonaives,HT,AR,AI,,
HTJAK,Jacmel,Jacmel,HT,SE,RL,,
HTJEE,Jérémie,Jeremie,HT,GA,AI,,
HTLFF,Lafiteau,Lafiteau,HT,OU,AI,1841N 07221W,
HTMIR,Miragoane,Miragoane,HT,NI,QQ,,
HTPAP,Port-au-Prince,Port-au-Prince,HT,OU,AI,,
HTPEG,Petit Goâve,Petit Goave,HT,OU,RL,1826N 07252W,
HTPLH,Lafito Port,Lafito Port,HT,OU,RL,1841N 07221W,
HTSMC,Baie de Saint-Marc,Baie de Saint-Marc,HT,AR,RL,1907N 07242W,
HUADY,Adony,Adony,HU,FE,RL,4707N 01852E,
HUAFU,Almásfüzitó,Almasfuzito,HU,KE,RL,4742N 01816E,
HUAKT,Andornaktálya,Andornaktalya,HU,,RL,4750N 02025E,
HUALS,Alsóörs,Alsoors,HU,,RL,4659N 01759E,
HUASZ,Alsozsolca,Alsozsolca,HU,BZ,RL,4804N 02053E,
HUBDA,Berhida,Berhida,HU,VE,RL,4770N 01808E,
HUBRS,Badacsonyörs,Badacsonyors,HU,VE,RL,4648N 01732E,
HUBUD,Budapest,Budapest,HU,BU,AI,4730N 01905E,
HUBZE,Berzence,Berzence,HU,,RL,4612N 01709E,
HUBZO,Balatonszárszó,Balatonszarszo,HU,SO,RL,4650N 01750E,
HUCMR,Csömör,Csomor,HU,PE,RL,4733N 01914E,
HUCPE,Csepel,Csepel,HU,PE,RL,4725N 01904E,
HUDEB,Debrecen,Debrecen,HU,,AI,,
HUDPA,Dunapataj,Dunapataj,HU,BK,RL,4637N 01859E,
HUDRE,Dunaremete,Dunaremete,HU,GS,RL,4753N 01726E,
HUDUU,Dunaújváros,Dunaujvaros,HU,FE,RL,4658N 01856E,
HUDVE,Dunavecse,Dunavecse,HU,BK,RL,4655N 01858E,
HUEBS,Ebes,Ebes,HU,HB,RL,4728N 02130E,
HUERC,Ercsi,Ercsi,HU,FE,RL,,
HUERD,Erdobenye,Erdobenye,HU,BZ,RL,4816N 02122E,
HUEST,Esztergom,Esztergom,HU,,QQ,,
HUFVS,Ferencvaros,Ferencvaros,HU,PE,RL,4728N 01905E,
HUGNY,Gónyú,Gonyu,HU,GS,RL,4744N 01750E,
HUGYO,Gyor,Gyor,HU,GS,RL,4741N 01738E,
HUHAL,Halásztelek,Halasztelek,HU,PE,RL,4722N 01859E,
HUHRT,Harta,Harta,HU,BK,RL,4641N 01901E,
HUHYF,Hegyfalu,Hegyfalu,HU,VA,RL,4721N 01653E,
HUJKZ,Jászárokszállás,Jaszarokszallas,HU,,RL,4738N 01958E,
HUKAR,Karcag,Karcag,HU,JN,RL,4718N 02055E,
HUKCO,Kalocsa,Kalocsa,HU,BK,RL,4631N 01900E,
HUKET,Ketegyhaza,Ketegyhaza,HU,BE,RL,,
HUKIA,Kisvárda,Kisvarda,HU,SZ,RL,4813N 02204E,
HUKKU,Kekkut,Kekkut,HU,VE,RL,4651N 01734E,
HUKOM,Komárom,Komarom,HU,,RL,4744N 01807E,
HUKOR,Körmend,Kormend,HU,VA,RL,4701N 01636E,
HULAB,Lábatlan,Labatlan,HU,,RL,4745N 01831E,
HULMY,Lágymányos,Lagymanyos,HU,,RL,4728N 01903E,
HUMCQ,Miskolc,Miskolc,HU,,AI,,
HUMKN,Mecseknádasd,Mecseknadasd,HU,,RL,4613N 01828E,
HUMOH,Mohács,Mohacs,HU,,RL,4600N 01841E,
HUMTY,Mártély,Martely,HU,CS,RL,4629N 02013E,
HUNGB,Nagybajom,Nagybajom,HU,SO,RL,4623N 17310E,
HUNSZ,Neszmély,Neszmely,HU,,RL,4743N 01821E,
HUNZA,Nagyrada,Nagyrada,HU,ZA,RL,4637N 01707E,
HUOOD,Göd,God,HU,PE,RL,4742N 01908E,
HUPAL,Pálmonostora,Palmonostora,HU,BK,RL,4638N 01956E,
HUPES,Szigetcsép,Szigetcsep,HU,PE,RL,4716N 01859E,
HURSP,Sárospatak,Sarospatak,HU,,RL,4819N 02134E,
HUSZD,Szentendre,Szentendre,HU,PE,RL,4742N 01903E,
HUSZE,Szeged,Szeged,HU,,QQ,,
HUSZM,Szigetszentmiklós,Szigetszentmiklos,HU,PE,RL,4721N 01903E,
HUTAC,Tác,Tac,HU,FE,RL,4705N 01824E,
HUTHT,Tahitotfalu,Tahitotfalu,HU,PE,RL,4745N 01906E,
HUTOJ,Tokaj,Tokaj,HU,SZ,RL,4807N 02125E,
HUUPS,Újpest,Ujpest,HU,,RL,4734N 01905E,
HUVIG,Visegrád,Visegrad,HU,PE,RL,4748N 01858E,
HUXEL,Kecel,Kecel,HU,BK,RL,,
HUXXX,RIS Inland waterways,RIS Inland waterways,HU,,AI,,
HUZAR,Aszar,Aszar,HU,BK,RL,,
HUZSI,Zsira,Zsira,HU,GS,RL,4726N 01640E,
HUZTK,Zlate Klasy,Zlate Klasy,HU,,RL,4807N 01725E,
IDADB,Adang Bay,Adang Bay,ID,,RL,,
IDAGR,Anggrek,Anggrek,ID,SA,RL,0051N 12247E,
IDAJN,"Arjuna, Java","Arjuna, Java",ID,,QQ,,
IDAKE,Akeselaka,Akeselaka,ID,MA,RL,0103N 12758E,
IDAMA,"Amamapare, Ij","Amamapare, Ij",ID,,RL,,
IDAMP,"Ampenan, Bali","Ampenan, Bali",ID,,QQ,,
IDAMQ,"Ambon, Molucas","Ambon, Molucas",ID,,QQ,,
IDANG,Angar,Angar,ID,MA,RL,0339S 13050E,
IDANO,Anoa Natuna Pt.,Anoa Natuna Pt.,ID,,RL,0514N 10536E,
IDANR,Anyer Kidul,Anyer Kidul,ID,JB,RL,0604S 10553E,
IDAPN,Ampana,Ampana,ID,ST,RL,0052S 12135E,
IDARB,Aroe Bay,Aroe Bay,ID,,RL,,
IDASI,Asike,Asike,ID,PA,RL,0639S 14025E,
IDAUN,Arun,Arun,ID,,RL,,
IDBAK,Batu Kilat,Batu Kilat,ID,,RL,,
IDBAL,Balongan Terminal,Balongan Terminal,ID,,RL,0623S 10824E,
IDBAM,Batuampar,Batuampar,ID,RI,RL,0058S 10244E,
IDBAP,Batu Ampar,Batu Ampar,ID,KB,AS,0045S 10932E,
IDBDJ,Banjarmasin,Banjarmasin,ID,,AI,,
IDBEK,Bekapai Terminal,Bekapai Terminal,ID,,RL,,
IDBEN,Benete,Benete,ID,NB,RL,0852S 11643E,
IDBET,Belida Terminal,Belida Terminal,ID,RI,RL,0408N 10508E,
IDBGD,Bagendang,Bagendang,ID,KT,AM,0244S 11233E,
IDBGG,Banggai,Banggai,ID,,QQ,,
IDBIK,"Biak, Irian Jaya","Biak, Irian Jaya",ID,,AI,,
IDBIR,Biringkassi,Biringkassi,ID,,RL,0449S 11929E,
IDBIT,"Bitung, Sulawesi","Bitung, Sulawesi",ID,,QQ,,
IDBJU,"Banjuwangi, Java","Banjuwangi, Java",ID,,QQ,,
IDBKS,"Bengkulu, Sumatra","Bengkulu, Sumatra",ID,,AI,,
IDBLH,Balohan,Balohan,ID,AC,RL,0549N 09520E,
IDBLI,"Blinju, Banka","Blinju, Banka",ID,,RL,,
IDBLL,"Blang Lancang, St","Blang Lancang, St",ID,,RL,,
IDBLT,Belitung,Belitung,ID,SS,RL,0250S 10755E,
IDBLV,Beliling,Beliling,ID,,QQ,,
IDBLW,"Belawan, Sumatra","Belawan, Sumatra",ID,,QQ,,
IDBMT,"Bima Terminal, Jv","Bima Terminal, Jv",ID,,RL,,
IDBMU,"Bima, Sb","Bima, Sb",ID,,AI,,
IDBNG,Bonggala,Bonggala,ID,,RL,,
IDBNT,Belanak Terminal,Belanak Terminal,ID,RI,RL,0410N 10614E,
IDBOA,Benoa,Benoa,ID,BA,RL,0846S 11513E,
IDBPN,Balikpapan,Balikpapan,ID,KI,AI,0117S 11650E,
IDBTM,Batam Island,Batam Island,ID,KR,RL,0105N 10402E,
IDBTN,Banten,Banten,ID,,RL,,
IDBTW,Batulicin,Batulicin,ID,KS,AI,0327S 11559E,
IDBUA,Bula,Bula,ID,,RL,,
IDBUG,"Buleleng, Bali","Buleleng, Bali",ID,,RL,,
IDBUR,Batu Ampar,Batu Ampar,ID,KR,RL,0110N 10401E,
IDBXT,"Bontang, Kl","Bontang, Kl",ID,,RL,,
IDBYQ,Bunyu,Bunyu,ID,KI,RL,0330N 11748E,
IDCBN,Cirebon (Tjeribon),Cirebon (Tjeribon),ID,,AI,0644S 10834E,
IDCEB,"Celukan Bawang, Bl","Celukan Bawang, Bl",ID,,RL,,
IDCER,Cereweh,Cereweh,ID,NB,RL,0849S 11649E,
IDCIW,Ciwandan,Ciwandan,ID,BT,RL,0601S 10557E,
IDCSA,Cape Sago,Cape Sago,ID,,RL,,
IDCTO,New Priok Port,New Priok Port,ID,JK,RL,0605S 10655E,
IDCXP,Cilacap (Tjilatjap),Cilacap (Tjilatjap),ID,JT,AI,0744S 10900E,
IDDAS,"Dabo, Singkep Isl","Dabo, Singkep Isl",ID,,RL,0030S 10433E,
IDDIV,Diviematra,Diviematra,ID,,RL,,
IDDJA,Djankar,Djankar,ID,,RL,,
IDDJB,"Jambi, Sumatra","Jambi, Sumatra",ID,,AI,,
IDDJJ,"Jayapura, Irian Jaya","Jayapura, Irian Jaya",ID,PA,AI,0232S 14042E,
IDDMA,Demta,Demta,ID,PA,RL,0220S 14008E,
IDDOB,Dobo,Dobo,ID,MA,RL,0545S 13413E,
IDDOG,Donggi,Donggi,ID,SN,RL,0132S 12215E,
IDDUM,"Dumai, Sumatra","Dumai, Sumatra",ID,,AI,,
IDELA,Elat,Elat,ID,MA,RL,0539S 13307E,
IDENO,Kuala Enok,Kuala Enok,ID,,RL,0032S 10324E,
IDEXS,Exspan,Exspan,ID,,RL,0148S 10508E,
IDFKQ,"Fak Fak, Irian Jaya","Fak Fak, Irian Jaya",ID,,AI,,
IDFTG,Pelabuhan Futong Terminal,Pelabuhan Futong Terminal,ID,RI,RL,0049N 10224E,
IDGEE,Gee Island,Gee Island,ID,MA,RL,0050N 12819E,
IDGIL,"Gilimanuk, Bali","Gilimanuk, Bali",ID,,QQ,,
IDGNS,"Gunung Sitoli, St","Gunung Sitoli, St",ID,,RL,,
IDGRE,"Gresik, Java","Gresik, Java",ID,JI,RL,0709S 11239E,
IDGTO,"Gorontalo, Sulawesi","Gorontalo, Sulawesi",ID,,AI,,
IDGTS,Gatot Subroto Permai,Gatot Subroto Permai,ID,BA,RL,0838S 11512E,
IDIBT,Indonesia Bulk Terminal,Indonesia Bulk Terminal,ID,KS,RL,,
IDINA,Inanwatan,Inanwatan,ID,PB,RL,0208S 13210E,
IDJBK,Jababeka,Jababeka,ID,,RL,0615S 10709E,
IDJBT,Jabung Terminal,Jabung Terminal,ID,RI,RL,0053S 10404E,
IDJEP,Jepara,Jepara,ID,JT,RL,0635S 11039E,
IDJIP,Jogja Inland Port,Jogja Inland Port,ID,YO,RL,0754S 11023E,
IDJKT,"Jakarta, Java","Jakarta, Java",ID,JK,AI,0608S 10650E,
IDJOR,Jorong Anchorage,Jorong Anchorage,ID,,RL,0411S 11506E,
IDJPU,Jakarta Pusat,Jakarta Pusat,ID,JK,RL,0611S 10650E,
IDJWA,Jawa Timur,Jawa Timur,ID,JI,RL,0744S 11230E,
IDKAH,Kahayan Bay,Kahayan Bay,ID,,RL,,
IDKAM,"Kambunong, Celebes","Kambunong, Celebes",ID,,RL,,
IDKAR,"Karosa, Sulawesi","Karosa, Sulawesi",ID,,QQ,,
IDKAS,"Kasim, Ij","Kasim, Ij",ID,,RL,,
IDKAU,Kau,Kau,ID,MU,RL,0111N 12754E,
IDKBH,Kalabahi,Kalabahi,ID,NT,RL,0813S 12431E,
IDKDI,"Kendari, Sulawesi","Kendari, Sulawesi",ID,,AI,,
IDKDW,Kendawangan,Kendawangan,ID,KB,RL,0232S 11012E,
IDKEM,"Kempo, Sb","Kempo, Sb",ID,,RL,,
IDKGH,Krueng Geukueh,Krueng Geukueh,ID,AC,RL,0515N 09702E,
IDKHY,Kahyangan,Kahyangan,ID,NB,RL,0829S 11640E,
IDKID,"Kidjang, Bintan","Kidjang, Bintan",ID,,QQ,,
IDKKA,"Kuala Kapuas, Kl","Kuala Kapuas, Kl",ID,,RL,,
IDKKB,"Kunak, Borneo","Kunak, Borneo",ID,,RL,,
IDKMD,Komodo,Komodo,ID,NT,RL,0835S 11930E,
IDKNL,Kolonodale,Kolonodale,ID,ST,RL,0158S 12120E,
IDKNT,Kakap Natuna Terminal,Kakap Natuna Terminal,ID,,RL,0501N 10557E,
IDKOE,"Kupang, Timor","Kupang, Timor",ID,,AI,,
IDKOJ,Koja,Koja,ID,JB,RL,0618S 10623E,
IDKOK,Kokas,Kokas,ID,PB,RL,0242S 13226E,
IDKOL,Kolaka,Kolaka,ID,SG,RL,0403S 12134E,
IDKPL,Kampung Laut,Kampung Laut,ID,JA,RL,0054S 10348E,
IDKPN,"Kotapinang, Baru","Kotapinang, Baru",ID,,RL,,
IDKRG,Kariangau,Kariangau,ID,,RL,0110S 11647E,
IDKSE,Kassue,Kassue,ID,PA,RL,0659S 13913E,
IDKSO,Kalbut Situbondo,Kalbut Situbondo,ID,JI,RL,0737S 11353E,
IDKTG,"Ketapang, Kl","Ketapang, Kl",ID,,AI,,
IDKTJ,Kualatanjung,Kualatanjung,ID,SU,RL,0321N 09929E,
IDKUA,Kualalangsa,Kualalangsa,ID,AC,RL,0432N 09801E,
IDKUM,Kumai,Kumai,ID,KT,RL,0244S 11143E,
IDLAH,"Labuha, Molucas","Labuha, Molucas",ID,,AI,0037S 12729E,
IDLAS,"Langsa, Sumatra","Langsa, Sumatra",ID,,QQ,,
IDLAT,"Lalang Terminal, St","Lalang Terminal, St",ID,,RL,,
IDLBM,Lobam,Lobam,ID,,RL,0100N 10416E,
IDLBO,Labuan Bajo,Labuan Bajo,ID,NT,RL,0830S 11953E,
IDLBR,Lembar,Lembar,ID,NB,RL,0844S 11604E,
IDLIF,Lifamatola,Lifamatola,ID,,RL,,
IDLKI,Loki,Loki,ID,MA,RL,0318S 12803E,
IDLLA,"Lawe-Lawe, Kl","Lawe-Lawe, Kl",ID,,RL,,
IDLOM,Lombok,Lombok,ID,NB,RL,0830S 11640E,
IDLSW,Lhokseumawe,Lhokseumawe,ID,AC,AI,0510N 09708E,
IDLTT,Lubuk Tutung,Lubuk Tutung,ID,KI,AM,0046N 11744E,
IDLUW,Luwuk,Luwuk,ID,,AI,,
IDMAI,Mapia Island,Mapia Island,ID,PA,RL,0053N 13419E,
IDMAJ,"Majene, Sv","Majene, Sv",ID,,RL,,
IDMAK,Makassar,Makassar,ID,SN,RL,0507S 11924E,
IDMAL,Mangole,Mangole,ID,,AI,,
IDMAR,Marabahan,Marabahan,ID,KS,RL,0259S 11446E,
IDMBK,Muara Bangkong,Muara Bangkong,ID,RI,RL,0024N 10347E,
IDMDC,Manado,Manado,ID,,AI,,
IDMDR,Madura Terminal,Madura Terminal,ID,,RL,0651S 11257E,
IDMEQ,"Meulaboh, Sumatra","Meulaboh, Sumatra",ID,,AI,,
IDMES,"Medan, Sumatra","Medan, Sumatra",ID,,AI,,
IDMGB,Manggis,Manggis,ID,BA,RL,0829S 11531E,
IDMIT,Misool Terminal,Misool Terminal,ID,PA,RL,0134S 13031E,
IDMJU,Mamuju,Mamuju,ID,,AI,,
IDMKJ,Mangkajang,Mangkajang,ID,KI,RL,0208N 11744E,
IDMKQ,"Merauke, Irian Jaya","Merauke, Irian Jaya",ID,,AI,,
IDMKW,"Manokwari, Irian Jaya","Manokwari, Irian Jaya",ID,,AI,,
IDMLI,"Malili, Sulawesi","Malili, Sulawesi",ID,,QQ,,
IDMNT,"Mantang, Riau","Mantang, Riau",ID,,QQ,,
IDMOF,"Maumere, Flores","Maumere, Flores",ID,,AI,,
IDMOR,Mornopo,Mornopo,ID,MA,RL,0047N 12813E,
IDMOW,Morowali,Morowali,ID,ST,RL,0152S 12130E,
IDMPN,Muara Pantai,Muara Pantai,ID,,RL,,
IDMRB,"Merantibunting, Sumatra","Merantibunting, Sumatra",ID,,RL,,
IDMRI,"Musi River, Sumatra","Musi River, Sumatra",ID,,RL,,
IDMRK,"Merak, Java","Merak, Java",ID,,QQ,,
IDMSB,Muara Siberut,Muara Siberut,ID,SB,RL,0135S 09912E,
IDMSK,Muara Sabak,Muara Sabak,ID,RI,RL,0048S 10355E,
IDMTU,Muturi,Muturi,ID,,RL,,
IDMUB,Muara Berau,Muara Berau,ID,,RL,,
IDMUD,Muara Djawa,Muara Djawa,ID,,RL,,
IDMUO,"Muntok, Banka","Muntok, Banka",ID,,QQ,,
IDMUP,Muara Pegah,Muara Pegah,ID,,RL,,
IDMUW,Muara Teweh,Muara Teweh,ID,KT,RL,5658S 11454E,
IDNIP,Nipah,Nipah,ID,RI,AA,0107N 10333E,
IDNNX,Nunukan,Nunukan,ID,,AI,,
IDNPL,North Pulau Laut,North Pulau Laut,ID,,RL,0313S 11616E,
IDOBI,Obi Island,Obi Island,ID,,RL,,
IDOJA,Olah Jasa Andal/Jakarta,Olah Jasa Andal/Jakarta,ID,JK,RL,,
IDOLO,Olee Lheue,Olee Lheue,ID,,QQ,,
IDPAC,Paciran,Paciran,ID,JI,AS,0652S 11220E,
IDPAG,"Pagatan, Kalimantan","Pagatan, Kalimantan",ID,,QQ,,
IDPAL,Palu,Palu,ID,,RL,0053S 11951E,
IDPAS,Pasir Panjang,Pasir Panjang,ID,,QQ,,
IDPAZ,"Pasuruan, Java","Pasuruan, Java",ID,,RL,0738S 11254E,
IDPBB,Pelabuhan Badas,Pelabuhan Badas,ID,NB,RL,0827S 11722E,
IDPBJ,Pulau Bunyu,Pulau Bunyu,ID,,RL,0018S 11552E,
IDPDG,Padang,Padang,ID,SB,AI,0057S 10021E,
IDPDJ,Tandjang,Tandjang,ID,,QQ,,
IDPER,Perawang,Perawang,ID,RI,RL,0104N 10252E,
IDPEX,"Pekalongan, Java","Pekalongan, Java",ID,,QQ,,
IDPGA,Pagerungan,Pagerungan,ID,,RL,0655S 11555E,
IDPGK,"Pangkalpinang, Banka","Pangkalpinang, Banka",ID,,QQ,,
IDPGM,Pagimana,Pagimana,ID,ST,RL,0048S 12237E,
IDPGX,"Pangkal Balam, Banka","Pangkal Balam, Banka",ID,,QQ,,
IDPIR,Piru,Piru,ID,MA,RL,0304S 12811E,
IDPJM,Pandjung Mani,Pandjung Mani,ID,,RL,,
IDPKN,Pangkalanbuun,Pangkalanbuun,ID,,AI,,
IDPKR,"Pangkalan Brandan, Sumatra","Pangkalan Brandan, Sumatra",ID,,QQ,,
IDPKS,"Pangkalan Susu, Sumatra","Pangkalan Susu, Sumatra",ID,,QQ,,
IDPLA,"Plaju, Sumatra","Plaju, Sumatra",ID,,RL,0259S 10448E,
IDPLM,"Palembang, Sumatra","Palembang, Sumatra",ID,,AI,,
IDPMG,Port Meneng,Port Meneng,ID,,QQ,,
IDPMK,Pomako,Pomako,ID,PA,RL,0448S 13646E,
IDPNG,Penuba,Penuba,ID,,RL,,
IDPNJ,Panjang,Panjang,ID,,RL,,
IDPNK,"Pontianak, Kalimantan","Pontianak, Kalimantan",ID,,AI,,
IDPNN,"Pamanukan, Java","Pamanukan, Java",ID,,QQ,,
IDPNT,"Prointal, Jv","Prointal, Jv",ID,,RL,,
IDPOT,Poto Tano,Poto Tano,ID,NB,RL,0831S 11650E,
IDPPO,"Palapo, Sulawesi","Palapo, Sulawesi",ID,,RL,0305S 12014E,
IDPPS,Pulangpisau,Pulangpisau,ID,,RL,,
IDPRN,"Panarukan, Java","Panarukan, Java",ID,,QQ,,
IDPRO,"Probolinggo, Java","Probolinggo, Java",ID,,QQ,,
IDPSJ,"Poso, Sulawesi","Poso, Sulawesi",ID,,AI,,
IDPSS,"Pulau Sambu, Riau","Pulau Sambu, Riau",ID,,QQ,,
IDPTK,Padang Tikar,Padang Tikar,ID,KB,RL,0040S 10916E,
IDPTL,"Pantoloan, Sv","Pantoloan, Sv",ID,,RL,,
IDPUM,"Pomalaa, Sulawesi","Pomalaa, Sulawesi",ID,,AI,0402S 12135E,
IDPUT,Pulau Laut,Pulau Laut,ID,,RL,0317S 11609E,
IDPWG,Perawang,Perawang,ID,RI,RL,0038N 10137E,
IDREO,Reo,Reo,ID,NT,RL,0819S 12030E,
IDRGT,"Rengat, Sumatra","Rengat, Sumatra",ID,,AI,,
IDRNI,Ranai,Ranai,ID,RI,RL,0355N 10823E,
IDSAD,"Sadau, Borneo","Sadau, Borneo",ID,,RL,,
IDSAN,"Sanang, Celebes","Sanang, Celebes",ID,,RL,,
IDSAP,Sape,Sape,ID,NB,RL,0834S 11859E,
IDSAS,Sasayap,Sasayap,ID,,RL,,
IDSAT,"Santan Terminal, Kl","Santan Terminal, Kl",ID,,RL,,
IDSBG,"Sabang, Sumatra","Sabang, Sumatra",ID,,QQ,,
IDSBM,Subaim,Subaim,ID,MA,RL,0107N 12810E,
IDSBS,"Sambas, Kalimantan","Sambas, Kalimantan",ID,,QQ,,
IDSDA,Durian,Durian,ID,KR,RL,0101N 10334E,
IDSDJ,Sidoarjo,Sidoarjo,ID,JI,RL,,
IDSEB,"Sebangan Bay, Kalimantan","Sebangan Bay, Kalimantan",ID,,QQ,,
IDSEP,Sepanjang Terminal,Sepanjang Terminal,ID,,RL,0711S 11547E,
IDSEQ,"Sungai Pakning, Sumatra","Sungai Pakning, Sumatra",ID,,AI,,
IDSGG,Senggigi,Senggigi,ID,NB,AM,0830S 11603E,
IDSGO,Port Segoro Fajar Satryo/Jakarta,Port Segoro Fajar Satryo/Jakarta,ID,JK,RL,,
IDSGU,Sanggau,Sanggau,ID,KB,RL,0007N 11036E,
IDSIA,"Siak Yechil, Riau","Siak Yechil, Riau",ID,,QQ,,
IDSID,Sidangoli,Sidangoli,ID,MU,RL,0054N 12729E,
IDSKI,"Sangkulirang, Kalimantan","Sangkulirang, Kalimantan",ID,,QQ,,
IDSKK,Soengei Kolak,Soengei Kolak,ID,,RL,,
IDSKP,Sekupang,Sekupang,ID,RI,RL,0108N 10356E,
IDSKW,"Singkawang, Kalimantan","Singkawang, Kalimantan",ID,,QQ,,
IDSLG,"Sibolga, Sumatra","Sibolga, Sumatra",ID,,QQ,,
IDSMB,"Semangka Bay, St","Semangka Bay, St",ID,,RL,,
IDSMQ,"Sampit, Kalimantan","Sampit, Kalimantan",ID,,AI,,
IDSNG,Sinabang,Sinabang,ID,,RL,,
IDSOQ,Sorong,Sorong,ID,,AI,,
IDSPA,"Selat Pandjang, Sumatra","Selat Pandjang, Sumatra",ID,,QQ,,
IDSPH,Senipah Terminal,Senipah Terminal,ID,,RL,,
IDSRG,Semarang,Semarang,ID,JT,AI,0658S 11029E,
IDSRI,"Samarinda, Kalimantan","Samarinda, Kalimantan",ID,,AI,,
IDSSO,Susu,Susu,ID,,RL,,
IDSTN,Setagin,Setagin,ID,,RL,0317S 11610E,
IDSTU,Satui,Satui,ID,,RL,,
IDSUA,Suaran,Suaran,ID,KI,RL,0203N 11742E,
IDSUB,Surabaya,Surabaya,ID,JI,AI,0714S 11245E,
IDSUG,"Sungai Gerong, Sumatra","Sungai Gerong, Sumatra",ID,,QQ,,
IDSUK,Sukabumi,Sukabumi,ID,,RL,6551S 10655E,
IDSUM,Sumenep,Sumenep,ID,JI,RL,0703S 11357E,
IDSUN,Sunut,Sunut,ID,NB,RL,0852S 11633E,
IDSUP,"Sumenep, Madura","Sumenep, Madura",ID,,AI,,
IDSUQ,"Sungai Guntung, Sumatra","Sungai Guntung, Sumatra",ID,,QQ,,
IDSUS,"Susoh, Sumatra","Susoh, Sumatra",ID,,QQ,,
IDSWQ,Sumbawa,Sumbawa,ID,,AI,,
IDSWT,Salawati Terminal,Salawati Terminal,ID,PB,RL,0121S 13100E,
IDSZA,Cikande,Cikande,ID,JB,RL,0612S 10621E,
IDSZH,Senipah,Senipah,ID,KI,AI,0057S 11709E,
IDTAB,Taboneo,Taboneo,ID,KS,RL,0341S 11425E,
IDTAL,Tanah Laut,Tanah Laut,ID,KS,RL,,
IDTAN,Tanjunguban,Tanjunguban,ID,,RL,0103N 10414E,
IDTAR,Tarjun,Tarjun,ID,KS,RL,0316S 11605E,
IDTAX,"Taliabu Island Apt, Moluccas","Taliabu Island Apt, Moluccas",ID,,AI,,
IDTBG,"Teluk Betung, Sumatra","Teluk Betung, Sumatra",ID,,QQ,,
IDTBL,Toboali,Toboali,ID,SS,RL,0300S 10630E,
IDTBN,"Tuban, Jv","Tuban, Jv",ID,,RL,,
IDTBO,Tobelo,Tobelo,ID,,RL,,
IDTBR,Telukbayur,Telukbayur,ID,SB,RL,0100S 10022E,
IDTBT,"Tandjung Batu, Riau","Tandjung Batu, Riau",ID,,QQ,,
IDTBU,Tanjung Buli,Tanjung Buli,ID,MA,RL,0050N 12815E,
IDTEG,"Tegal, Java","Tegal, Java",ID,,QQ,,
IDTER,Terempa,Terempa,ID,RI,RL,0313N 10613E,
IDTJB,Tanjungbalai,Tanjungbalai,ID,KR,RL,0100N 10326E,
IDTJQ,Tanjung Pandan,Tanjung Pandan,ID,SS,AI,0245S 10739E,
IDTKA,"Telok Ayer, Kalimantan","Telok Ayer, Kalimantan",ID,,QQ,,
IDTLI,Tolitoli,Tolitoli,ID,,AI,,
IDTME,Tanjung Merangas,Tanjung Merangas,ID,KI,RL,0002N 11731E,
IDTMK,Timika,Timika,ID,PA,RL,0445S 13633E,
IDTMO,Telok Melano,Telok Melano,ID,,QQ,,
IDTNJ,Tanjungpinang,Tanjungpinang,ID,KR,AI,0055N 10427E,
IDTPN,Tanjung Pemancingan,Tanjung Pemancingan,ID,KS,RL,0311S 11616E,
IDTRH,Tarahan,Tarahan,ID,LA,RL,0534S 10522E,
IDTRK,"Tarakan, Kalimantan","Tarakan, Kalimantan",ID,,QQ,,
IDTSE,"Tanjung Sekong, Jv","Tanjung Sekong, Jv",ID,,RL,,
IDTTE,"Ternate, Halmahera","Ternate, Halmahera",ID,,AI,,
IDTUA,Tual,Tual,ID,MA,RL,0538S 13244E,
IDTZD,Amurang,Amurang,ID,SA,RL,0110N 12434W,
IDUDG,Udang Natuna Terminal,Udang Natuna Terminal,ID,,RL,0401N 10628E,
IDUPG,"Ujung Pandang, Sulawesi","Ujung Pandang, Sulawesi",ID,,AI,,
IDUTC,Jakarta UTC1,Jakarta UTC1,ID,JK,RL,,
IDUTE,Jakarta UTC3,Jakarta UTC3,ID,JK,RL,,
IDWAI,Wainibe,Wainibe,ID,MA,RL,0304S 12632E,
IDWAN,Wanam,Wanam,ID,PB,RL,0733S 13906E,
IDWED,Weda,Weda,ID,MA,RL,0020N 12753E,
IDWGP,"Waingapu, Sumba","Waingapu, Sumba",ID,NT,AI,0939S 12016E,
IDWSS,Wamsasi,Wamsasi,ID,MA,RL,0334S 12610E,
IEALQ,Alexandra Quay,Alexandra Quay,IE,,AF,,
IEARD,Ardmore,Ardmore,IE,WD,RL,5157N 00743W,
IEARH,Arklow Head (Ie009),Arklow Head (Ie009),IE,WW,RL,,
IEARK,Arklow,Arklow,IE,,AF,,
IEARO,Alexandra Road Oil,Alexandra Road Oil,IE,,AF,,
IEATN,Annacotty,Annacotty,IE,LK,RL,5224N 00818W,
IEAUG,Aughinish Island,Aughinish Island,IE,,AF,,
IEBBG,Balbriggan,Balbriggan,IE,D,RL,5337N 00611W,
IEBGY,Ballynacargy,Ballynacargy,IE,,RL,5334N 00732W,
IEBHT,Blanchardstown,Blanchardstown,IE,,RL,5323N 00622W,
IEBIF,B & I Ferryport,B & I Ferryport,IE,,AF,,
IEBIT,B & I Terminal,B & I Terminal,IE,,AF,,
IEBLL,Ballina,Ballina,IE,MO,RL,5407N 00910W,
IEBNA,Ballina,Ballina,IE,TA,RL,5248N 00826W,
IEBNG,Bangor,Bangor,IE,,RL,5408N 00944W,
IEBTH,Bantry Harbour,Bantry Harbour,IE,CO,RL,5141N 00927W,
IEBTM,Baltimore,Baltimore,IE,,AI,,
IEBUC,Buncrana,Buncrana,IE,,AF,,
IEBUR,Burtonport,Burtonport,IE,,RL,5459N 00826W,
IEBVD,Ballydavid,Ballydavid,IE,KY,RL,5213N 01021W,
IEBYT,Bantry,Bantry,IE,CO,AF,5141N 00927W,
IECAR,Carlingford,Carlingford,IE,,RL,,
IECCT,Coastal Control Terminal,Coastal Control Terminal,IE,,AF,,
IECFI,Castlefinn,Castlefinn,IE,,RL,5448N 00736W,
IECFN,Donegal,Donegal,IE,DL,AI,,
IECHE,Cahirciveen,Cahirciveen,IE,,AF,5157N 01013W,
IECLC,Clarecastle,Clarecastle,IE,CE,RL,5249N 00857W,
IECLD,Clare Island,Clare Island,IE,MO,AM,5348N 00957W,
IECLG,Clogherhead,Clogherhead,IE,LH,RL,5347N 00614W,
IECLI,Clifden,Clifden,IE,,RL,,
IECOB,Cobh,Cobh,IE,,AF,,
IECRO,Crookhaven,Crookhaven,IE,,AF,,
IECRS,Carrick-on-Suir,Carrick-on-Suir,IE,TA,RL,5220N 00724W,
IECTB,Castletown Bearhaven,Castletown Bearhaven,IE,CO,AI,5139N 00955W,
IEDCN,Duncannon/Saint Helens,Duncannon/Saint Helens,IE,WX,RL,5213N 00659W,
IEDDK,Dundalk,Dundalk,IE,,AF,,
IEDFA,Dublin-Ferryport Terminal 1,Dublin-Ferryport Terminal 1,IE,D,AA,5319N 00611W,
IEDFB,Dublin-Ferryport Terminal 2,Dublin-Ferryport Terminal 2,IE,D,AA,5319N 00612W,
IEDFC,Dublin-Ferryport Terminal 3,Dublin-Ferryport Terminal 3,IE,D,AA,5319N 00614W,
IEDFT,Dublin-Dublin Ferryport Terminals,Dublin-Dublin Ferryport Terminals,IE,D,AA,5319N 00614W,
IEDFY,Dunfanaghy,Dunfanaghy,IE,DL,AA,5511N 00758W,
IEDGV,Dungarvan,Dungarvan,IE,KK,AF,5235N 00705W,
IEDIN,Dingle,Dingle,IE,,AF,,
IEDLG,Dun Laoghaire,Dun Laoghaire,IE,,AF,5318N 00608W,
IEDMF,Drogheda Maxol Facility,Drogheda Maxol Facility,IE,LH,AA,5343N 00620W,
IEDNM,Dunmore East,Dunmore East,IE,,AF,,
IEDPP,Drogheda Premiere Periclase,Drogheda Premiere Periclase,IE,LH,RL,5343N 06191W,
IEDRO,Drogheda,Drogheda,IE,,AF,,
IEDUB,Dublin,Dublin,IE,,AF,,
IEDWE,Ennistymon,Ennistymon,IE,CE,RL,5256N 00917W,
IEEBF,Broadford,Broadford,IE,CW,RL,,
IEEKY,Easkey/Rathlee,Easkey/Rathlee,IE,SO,AA,5417N 00858W,
IEESB,ESB Poolbeg-Dublin,ESB Poolbeg-Dublin,IE,D,AA,5320N 00611W,
IEFCW,Frank Cassin Wharf,Frank Cassin Wharf,IE,,AF,,
IEFEN,Fenit,Fenit,IE,KY,AF,5216N 00952W,
IEFGY,Coolock,Coolock,IE,D,RL,5323N 00611W,
IEFID,Fiddown,Fiddown,IE,,AF,,
IEFIN,Fintona,Fintona,IE,,RL,5430N 00719W,
IEFOV,Foynes,Foynes,IE,,AF,,
IEFPD,Flogas Products Drogheda,Flogas Products Drogheda,IE,LH,AA,5343N 00621W,
IEFRW,Ford's Wharf (Topaz Energy Terminal),Ford's Wharf (Topaz Energy Terminal),IE,CO,AA,5153N 00826W,
IEFTD,Fethard/Slade,Fethard/Slade,IE,TA,RL,5212N 00650W,
IEGGA,Glengarriff,Glengarriff,IE,CO,AA,5145N 00933W,
IEGOW,Gowran,Gowran,IE,,RL,5737N 00724W,
IEGRE,Greencastle,Greencastle,IE,DL,RL,5512N 00659W,
IEGRN,Greenore,Greenore,IE,,AF,,
IEGRT,Gortahork,Gortahork,IE,DL,RL,5507N 00808W,
IEGWY,Galway,Galway,IE,,AF,,
IEHAU,Haulbowline,Haulbowline,IE,,AF,,
IEHOW,Howth,Howth,IE,,AI,,
IEKBS,Killybegs,Killybegs,IE,,AF,,
IEKIC,Kilcoole,Kilcoole,IE,WW,RL,,
IEKIN,Kilronan,Kilronan,IE,G,RL,5307N 00940W,
IEKKA,Kilmokea,Kilmokea,IE,,AF,,
IEKLA,Killala,Killala,IE,,RL,,
IEKLN,Kinsale,Kinsale,IE,,AF,,
IEKLR,Kilrush,Kilrush,IE,,AI,,
IEKNG,Kinnegad,Kinnegad,IE,WH,RL,,
IELAR,Lurganm Armagh,Lurganm Armagh,IE,CW,RL,,
IELMK,Limerick,Limerick,IE,,AF,,
IEMAG,Maghera,Maghera,IE,,RL,,
IEMAP,Marino Point,Marino Point,IE,,AF,,
IEMAR,Marshmeadows/New Ross,Marshmeadows/New Ross,IE,WX,AA,5223N 00657W,
IEMOT,Moneypoint,Moneypoint,IE,,AF,,
IEMOV,Moville,Moville,IE,DL,RL,5511N 00702W,
IEMRT,Magheraroarty,Magheraroarty,IE,DL,RL,5508N 00810W,
IEMTL,Dublin-Marine Terminal,Dublin-Marine Terminal,IE,D,AA,5320N 00614W,
IENAY,Newtonabbey,Newtonabbey,IE,,RL,5439N 00556W,
IENET,Newport,Newport,IE,MO,RL,5353N 00932W,
IENEX,Newtown,Newtown,IE,WX,RL,,
IENRR,New Ross-Raheen/Roberscon,New Ross-Raheen/Roberscon,IE,WX,AA,5223N 00657W,
IENRS,New Ross,New Ross,IE,WX,AF,5223N 00656W,
IEORK,Cork,Cork,IE,,AF,,
IEPAP,Parnell Place,Parnell Place,IE,,AF,,
IEPAT,Pandoro Terminal,Pandoro Terminal,IE,,AF,,
IEPAW,Passage West,Passage West,IE,CO,RL,5152N 00821W,
IERAT,Rathmullan,Rathmullan,IE,DL,RL,5506N 00732W,
IERAV,Rossaveel,Rossaveel,IE,,AF,,
IERDM,Rathdrum,Rathdrum,IE,WW,RL,5255N 00614W,
IERDT,Ringaskiddy Deepwater Terminal,Ringaskiddy Deepwater Terminal,IE,CO,AA,5150N 00819W,
IERIN,Ringaskiddy,Ringaskiddy,IE,CO,AF,5150N 00819W,
IEROE,Rosslare,Rosslare,IE,,AF,,
IEROS,Rosslare Harbour,Rosslare Harbour,IE,,AI,,
IERPT,Ringaskiddy Passenger Terminal,Ringaskiddy Passenger Terminal,IE,CO,AA,5150N 00819W,
IERRR,Kildorrery,Kildorrery,IE,CO,RL,5214N 00825W,
IERSM,Rossaveel,Rossaveel,IE,G,RL,5316N 00933W,
IERTN,Ramelton,Ramelton,IE,DL,RL,5502N 00738W,
IERUS,Rushbrooke,Rushbrooke,IE,,AF,5151N 00819W,
IERVM,River Moy,River Moy,IE,,AF,,
IESKL,Skull,Skull,IE,CO,RL,5131N 00932W,
IESLI,Sligo,Sligo,IE,,AF,,
IESNN,Shannon,Shannon,IE,CE,AF,5242N 00851W,
IESNR,Stokestown/New Ross,Stokestown/New Ross,IE,WX,AA,5221N 00659W,
IETAR,Tarbert,Tarbert,IE,,AF,,
IETIV,Tivoli,Tivoli,IE,,AF,,
IETLK,Castlenock,Castlenock,IE,CW,RL,,
IETME,Tramore,Tramore,IE,,RL,,
IETOB,Tober,Tober,IE,OY,RL,5322N 00739W,
IETQY,Town Quays/Drogheda,Town Quays/Drogheda,IE,LH,AA,5343N 00620W,
IETRA,Tralee,Tralee,IE,,AI,,
IETRP,Tom Roes Point Terminal/Drogheda,Tom Roes Point Terminal/Drogheda,IE,LH,AA,5343N 00618W,
IEUHL,Unionhall,Unionhall,IE,CO,RL,5133N 00909W,
IEWAT,Waterford,Waterford,IE,WD,AF,5215N 00706W,
IEWCQ,Waterford City Quays,Waterford City Quays,IE,WD,AA,5215N 00706W,
IEWES,Westport,Westport,IE,,AF,,
IEWEX,Wexford,Wexford,IE,,AF,,
IEWGI,Waterford Great Island (ESB),Waterford Great Island (ESB),IE,WD,AA,5216N 00659W,
IEWHI,Whitegate,Whitegate,IE,,AF,,
IEWIC,Wicklow,Wicklow,IE,,AF,,
IEWIL,Wilton,Wilton,IE,CO,RL,,
IEYOU,Youghal,Youghal,IE,,AF,,
IL8UH,Gush Halav,Gush Halav,IL,Z,RL,3310N 03526E,
ILACR,Acre,Acre,IL,,QQ,,
ILAKK,Akko,Akko,IL,Z,RL,3255N 03504E,
ILAKL,Ashkelon,Ashkelon,IL,,RL,,
ILAS2,Mishor Adumim,Mishor Adumim,IL,M,RL,3147N 03519E,
ILASH,Ashdod,Ashdod,IL,,QQ,,
ILAST,Ashdod Southport,Ashdod Southport,IL,D,AA,3149N 03439E,
ILBGV,Binyamina-Giv'at Ada,Binyamina-Giv'at Ada,IL,,RL,3231N 03456E,
ILETH,Elat (Eilath),Elat (Eilath),IL,,AI,,
ILHAD,Hadera,Hadera,IL,,QQ,,
ILHBT,Haifa Bayport,Haifa Bayport,IL,HA,AA,3248N 03459E,
ILHFA,Haifa,Haifa,IL,HA,AI,3248N 03459E,
ILJUL,Julis,Julis,IL,,RL,3141N 03439E,
ILKFV,Kfar Vitkin,Kfar Vitkin,IL,M,RL,3222N 03452E,
ILKY7,Karmei Yosef,Karmei Yosef,IL,M,RL,3150N 03455E,
ILM8A,Magshimim,Magshimim,IL,M,RL,3202N 03454E,
ILMSP,Haifa Israel Shipyards Port,Haifa Israel Shipyards Port,IL,Z,AC,3248N 03459E,
ILNAB,Nabulus,Nabulus,IL,JM,RL,3213N 03515E,
ILNAT,Netanya,Netanya,IL,,RL,3220N 03452E,
ILOFR,Ofra,Ofra,IL,,RL,3157N 03515E,
ILTIB,Tiberias,Tiberias,IL,,RL,3248N 03532E,
ILTLV,Tel Aviv-Yafo,Tel Aviv-Yafo,IL,TA,AI,3203N 03445E,
IMCTN,Castletown,Castletown,IM,,RL,5405N 00439W,
IMDGS,Douglas,Douglas,IM,,AF,5410N 00429W,
IMPEL,Peel,Peel,IM,,AF,5413N 00446W,
IMPER,Port Erin,Port Erin,IM,,AM,5405N 00446W,
IMPSM,Port Saint Mary,Port Saint Mary,IM,,RL,5404N 00444W,
IMRAM,Ramsey,Ramsey,IM,,RL,5419N 00423W,
IMSAN,Santon,Santon,IM,,RL,5407N 00435W,
INABG,Alibag,Alibag,IN,MH,AA,,
INACH,Achra,Achra,IN,MH,AA,,
INADI,Androth Is,Androth Is,IN,LD,AA,,
INAIS,Amini Island,Amini Island,IN,LD,RL,1107N 07244E,
INALA,Alang SBY,Alang SBY,IN,,RN,,
INALF,Alleppey,Alleppey,IN,KL,AA,0929N 07619E,
INAMI,Andorth Is,Andorth Is,IN,LD,AA,,
INANG,Anijengo,Anijengo,IN,KL,AA,,
INANL,Arnala,Arnala,IN,MH,AA,,
INATU,Attur,Attur,IN,TN,RL,1244N 07957E,
INAZK,Azhikkal,Azhikkal,IN,KL,AA,,
INBAW,Bawal,Bawal,IN,HR,RL,,
INBBP,Bahabal Pur,Bahabal Pur,IN,OR,AA,,
INBDA,Bandra,Bandra,IN,MH,AA,,
INBDG,Badagara,Badagara,IN,KL,AA,,
INBDH,Bhadohi,Bhadohi,IN,UP,RL,2525N 08234E,
INBDQ,Vadodara,Vadodara,IN,GJ,AI,2218N 07312E,
INBDR,Baindur,Baindur,IN,KA,AA,,
INBED,Bedi,Bedi,IN,GJ,AA,,
INBET,Betul,Betul,IN,GA,AA,,
INBEY,Beypore,Beypore,IN,KL,RL,,
INBGW,Bhagwa,Bhagwa,IN,GJ,AA,,
INBHM,Bheemunipatnam,Bheemunipatnam,IN,AP,RL,,
INBHU,Bhavnagar,Bhavnagar,IN,GJ,AA,2146N 07208E,
INBKT,Bankot,Bankot,IN,MH,AA,,
INBLK,Belekeri,Belekeri,IN,KA,AA,,
INBLM,Bilimora,Bilimora,IN,GJ,AA,,
INBLP,Belapur,Belapur,IN,MH,AA,,
INBND,Banddar,Banddar,IN,AP,RL,,
INBOM,Mumbai (ex Bombay),Mumbai (ex Bombay),IN,MH,AA,1858N 07249E,
INBPQ,Pratapganj,Pratapganj,IN,BR,RL,2618N 08658E,
INBPT,Bangarapet,Bangarapet,IN,KA,RL,1259N 07811E,
INBRH,Broach,Broach,IN,GJ,AA,,
INBRM,Borliai-Mandla,Borliai-Mandla,IN,MH,AA,,
INBRU,Bharuch,Bharuch,IN,GJ,RL,2142N 07258E,
INBRY,Borya,Borya,IN,MH,AA,,
INBSN,Bassain,Bassain,IN,MH,AA,,
INBSR,Bulsar,Bulsar,IN,GJ,AA,,
INBTK,Bhatkal,Bhatkal,IN,KA,AA,,
INBTR,Bitra Is,Bitra Is,IN,LD,AA,,
INBUD,Budge-Budge,Budge-Budge,IN,WB,RL,,
INBWN,Bhiwandi,Bhiwandi,IN,MH,AA,,
INBYT,Beyt,Beyt,IN,GJ,AA,,
INCAM,Cambay,Cambay,IN,GJ,RL,,
INCAP,Calingapatam,Calingapatam,IN,AP,RL,,
INCAR,Carijam,Carijam,IN,,QQ,,
INCBL,Chandbali,Chandbali,IN,OR,RL,,
INCCJ,Kozhikode (ex Calicut),Kozhikode (ex Calicut),IN,KL,AA,1115N 07546E,
INCCU,Kolkata (ex Calcutta),Kolkata (ex Calcutta),IN,WB,AA,2234N 08821E,
INCDL,Cuddalore,Cuddalore,IN,TN,AA,,
INCHI,Chikaballur,Chikaballur,IN,AN,RL,,
INCHR,Chapora,Chapora,IN,GA,AA,,
INCOK,Kochi,Kochi,IN,KL,AS,0958N 07616E,
INCOL,Colochel,Colochel,IN,,QQ,,
INCOO,Coondapur (Ganguly),Coondapur (Ganguly),IN,KA,AA,,
INCRN,Cornwallis,Cornwallis,IN,AN,AA,,
INCTI,Chetlat Is,Chetlat Is,IN,LD,AA,,
INDAH,Dahej,Dahej,IN,GJ,AA,,
INDAM,Daman,Daman,IN,DD,AA,,
INDEG,Deogad,Deogad,IN,MH,AA,,
INDHP,Dabhol Port,Dabhol Port,IN,MH,AA,,
INDHR,Dholera,Dholera,IN,GJ,AA,,
INDHU,Dahanu,Dahanu,IN,MH,AA,,
INDIG,Dighi (Pune),Dighi (Pune),IN,MH,AA,1815N 07258E,
INDIU,Diu,Diu,IN,DD,AI,,
INDIV,Div,Div,IN,GJ,AA,,
INDMA,Dhamara,Dhamara,IN,OR,RL,2048N 08654E,
INDMQ,Dhamra Port,Dhamra Port,IN,OR,RL,2049N 08657E,
INDMT,Dharamtar,Dharamtar,IN,MH,AA,,
INDRK,Dwarka (Rupen),Dwarka (Rupen),IN,GJ,AA,,
INDRL,Dabolim,Dabolim,IN,GA,RL,,
INDSK,Dhanu-shkodi,Dhanu-shkodi,IN,TN,AA,,
INDTW,Dantiwara,Dantiwara,IN,MH,AA,,
INDWA,Dwarka,Dwarka,IN,GJ,RL,,
INEKM,Ernakulam,Ernakulam,IN,KL,RL,0959N 07617E,
INENR,Ennore,Ennore,IN,TN,AA,,
INERO,Erode,Erode,IN,TN,RL,1121N 07744E,
INESH,Elphinstone Harbour,Elphinstone Harbour,IN,AN,AA,,
INGAN,Gandhar,Gandhar,IN,,RL,2105N 07238E,
INGAU,Gauhati (Panidi),Gauhati (Panidi),IN,AS,RL,,
INGGA,Gogha,Gogha,IN,GJ,AA,2141N 07216E,
INGGV,Gangavaram,Gangavaram,IN,AP,RL,1739N 08315E,
INGHA,Ghogha,Ghogha,IN,GJ,AA,,
INGND,Greater Nodia,Greater Nodia,IN,UP,RL,2849N 07753E,
INGNO,Greater Noida,Greater Noida,IN,UP,RL,2828N 07731E,
INGPR,Gopalpur,Gopalpur,IN,OR,AA,,
INGRR,Garden Reach,Garden Reach,IN,WB,RL,2231N 08818E,
INHAL,Haldia,Haldia,IN,WB,AA,,
INHGT,Hangarkatta,Hangarkatta,IN,KA,AA,,
INHIP,Himachal Pradesh,Himachal Pradesh,IN,AN,RL,,
INHON,Honavar,Honavar,IN,KA,RL,,
INHRN,Harnai,Harnai,IN,MH,AA,,
INHWR,Honawar,Honawar,IN,KA,AA,,
INHZA,Hazira Port/Surat,Hazira Port/Surat,IN,GJ,RL,2105N 07237E,
INICD,New Delhi,New Delhi,IN,DL,RL,2836N 07712E,
INIXE,Mangalore,Mangalore,IN,KA,AA,,
INIXJ,Jammu,Jammu,IN,JK,AI,3242N 07451E,
INIXM,Madurai,Madurai,IN,TN,AI,0956N 07807E,
INIXY,Kandla,Kandla,IN,GJ,AA,2302N 07013E,
INIXZ,Port Blair,Port Blair,IN,AN,AA,,
INJAK,Jakhau,Jakhau,IN,GJ,AA,,
INJBD,Jafarabad,Jafarabad,IN,GJ,AA,2051N 07122E,
INJDA,Jodia,Jodia,IN,GJ,AA,,
INJDG,Jodhpur,Jodhpur,IN,GJ,RL,2153N 07002E,
INJGD,Jaigad,Jaigad,IN,MH,AA,,
INJTP,Jaitapur,Jaitapur,IN,MH,AA,,
INKAK,Kakinada,Kakinada,IN,AP,AA,,
INKAL,Kallai,Kallai,IN,KL,AA,,
INKAR,Karur,Karur,IN,TN,AA,1057N 07805E,
INKAT,Kattupalli,Kattupalli,IN,TN,RL,1318N 08021E,
INKBT,Khambhat,Khambhat,IN,GJ,RL,,
INKDI,Kadmat Is,Kadmat Is,IN,LD,AA,,
INKDP,Kondiapetnam,Kondiapetnam,IN,KL,AA,,
INKHO,Khodiyar,Khodiyar,IN,GJ,RL,2303N 07256E,
INKIW,Kelwa,Kelwa,IN,MH,AA,,
INKKM,Kanyakumari,Kanyakumari,IN,TN,RL,,
INKKR,Kilakari,Kilakari,IN,TN,AA,,
INKKU,Jaipur-Kanakpura,Jaipur-Kanakpura,IN,,RN,,
INKLY,Kalyan,Kalyan,IN,MH,AA,,
INKMB,Kumbharu,Kumbharu,IN,MH,AA,,
INKND,Kankudy,Kankudy,IN,KL,AA,,
INKOD,Kodinar,Kodinar,IN,GJ,RL,,
INKOI,Koilthottum,Koilthottum,IN,KL,RL,,
INKOK,Koka,Koka,IN,GJ,AA,,
INKON,Konarak,Konarak,IN,KA,RL,,
INKPI,Kalpeni Island,Kalpeni Island,IN,LD,RL,1004N 07338E,
INKRI,Krishnapatnam,Krishnapatnam,IN,AP,AA,,
INKRK,Karaikal,Karaikal,IN,PY,AA,,
INKRN,Karanja,Karanja,IN,MH,AA,,
INKRP,Kiranpani,Kiranpani,IN,MH,AA,,
INKRW,Karwar,Karwar,IN,KA,AA,,
INKSG,Kasargod,Kasargod,IN,KL,AA,,
INKSH,Kelshi,Kelshi,IN,MH,AA,,
INKSP,Kulasekarapanam,Kulasekarapanam,IN,TN,AA,,
INKTD,Kotda,Kotda,IN,GJ,AA,,
INKTI,Kiltan Is,Kiltan Is,IN,LD,AA,,
INKTK,Toranagallu,Toranagallu,IN,KA,RL,1512N 07641E,
INKTP,Kattupalli Port,Kattupalli Port,IN,TN,RL,1318N 08023E,
INKTW,Koheshwar,Koheshwar,IN,GJ,AA,,
INKVI,Kavi,Kavi,IN,GJ,AA,,
INKVL,Kovalam,Kovalam,IN,KL,AA,,
INKVT,Kavaram Is,Kavaram Is,IN,LD,AA,,
INLNG,Lapanga,Lapanga,IN,OR,RL,2144N 08401E,
INLPR,Leapuram,Leapuram,IN,KL,AA,,
INMAA,Chennai (ex Madras),Chennai (ex Madras),IN,TN,AA,1305N 08017E,
INMAC,Machilipatnam,Machilipatnam,IN,AP,AM,1611N 08108E,
INMAH,Mahe,Mahe,IN,PY,AA,1142N 07532E,
INMAL,Malpe,Malpe,IN,KA,AA,,
INMAP,Masulipatnam,Masulipatnam,IN,AP,AA,,
INMCI,Minicoi I,Minicoi I,IN,KL,AA,,
INMDA,Magdalla,Magdalla,IN,GJ,AA,,
INMDK,Mul Dwårka,Mul Dwarka,IN,GJ,AA,2045N 07040E,
INMDP,Mandapam,Mandapam,IN,TN,AA,,
INMDV,Måndvi,Mandvi,IN,GJ,AA,2250N 06922E,
INMDW,Meadows,Meadows,IN,AN,AA,,
INMGR,Mangrol,Mangrol,IN,GJ,AA,,
INMHA,Mahuva,Mahuva,IN,GJ,AA,,
INMLI,Maroli,Maroli,IN,GJ,AA,,
INMLP,Mallipuram,Mallipuram,IN,KL,AA,,
INMLW,Malwan,Malwan,IN,MH,AA,,
INMNR,Manori,Manori,IN,MH,AA,,
INMNW,Mandwa,Mandwa,IN,MH,AA,,
INMOB,Morbi,Morbi,IN,GJ,RL,2249N 07050E,
INMRA,Mora,Mora,IN,MH,AA,,
INMRI,Mithivirdi,Mithivirdi,IN,GJ,RL,2128N 07214E,
INMRK,Malappuram,Malappuram,IN,KL,RL,,
INMRM,Marmagao (Marmugao),Marmagao (Marmugao),IN,GA,AA,1524N 07347E,Marmugao (Marmagao)
INMTW,Metwad,Metwad,IN,GJ,AA,,
INMUG,Munger,Munger,IN,BR,RL,2523N 08628E,
INMUN,Mundra,Mundra,IN,GJ,AA,,
INMUR,Murad,Murad,IN,MH,RL,,
INMYB,Mayabandar,Mayabandar,IN,AN,AA,,
INNAN,Nancowrie,Nancowrie,IN,AN,AA,,
INNAV,Navlakhi,Navlakhi,IN,GJ,AA,,
INNDG,Nandgaon,Nandgaon,IN,MH,AA,,
INNEE,Nindakara,Nindakara,IN,KL,AA,0856N 07632E,
INNEL,Nellore,Nellore,IN,AP,RL,,
INNGC,Nagercoil,Nagercoil,IN,TN,RL,0810N 07726E,
INNHV,Nhave,Nhave,IN,MH,RL,1857N 07258E,
INNML,New Mangalore,New Mangalore,IN,KA,AA,,
INNPT,Nagappattinam,Nagappattinam,IN,TN,AA,1047N 07949E,
INNSA,Jawaharlal Nehru (Nhava Sheva),Jawaharlal Nehru (Nhava Sheva),IN,MH,AA,,Nhava Sheva (Jawaharlal Nehru)
INNTU,New Tuticorin,New Tuticorin,IN,TN,RL,0845N 07813E,
INNVB,Navabunder,Navabunder,IN,GJ,AA,,
INNVP,Navaspur,Navaspur,IN,AP,AA,,
INNVT,Nivti,Nivti,IN,MH,AA,,
INNWP,Newapur,Newapur,IN,MH,AA,,
INOKH,Okha,Okha,IN,GJ,AA,,
INONJ,Onjal,Onjal,IN,GJ,AA,,
INORS,Orissa,Orissa,IN,,RL,2014N 08416E,
INPAN,Panaji Port,Panaji Port,IN,GA,AA,,
INPAV,Pipavav (Victor) Port,Pipavav (Victor) Port,IN,GJ,AA,2058N 07133E,
INPBD,Porbandar,Porbandar,IN,GJ,AA,,
INPDD,Padubidri,Padubidri,IN,KA,AA,,
INPER,Perundurai,Perundurai,IN,TN,RL,,
INPID,Port Indai,Port Indai,IN,,QQ,,
INPIN,Pindhara,Pindhara,IN,GJ,AA,,
INPMB,Pamban,Pamban,IN,TN,AA,,
INPNJ,Panjim,Panjim,IN,GA,AA,,
INPNM,"Panambur, Va Mangalore","Panambur, Va Mangalore",IN,,QQ,,
INPNN,Ponnani,Ponnani,IN,KL,AA,,
INPNY,Pondicherry,Pondicherry,IN,PY,AA,1155N 07949E,
INPPJ,Pellet Plant Jetty/Shiroda,Pellet Plant Jetty/Shiroda,IN,GA,AA,,
INPPT,Paradip Port,Paradip Port,IN,OR,RL,2015N 08635E,
INPPV,Port Pipavav,Port Pipavav,IN,GJ,RL,2056N 07131E,
INPRG,Purangad,Purangad,IN,MH,AA,,
INPRN,Portonovo,Portonovo,IN,TN,AA,,
INPRT,Paradip Garh,Paradip Garh,IN,OR,AA,2019N 08637E,
INPSH,Palshet,Palshet,IN,MH,AA,,
INPST,Positra,Positra,IN,GJ,RL,2224N 06910E,
INPUL,Pulicat,Pulicat,IN,TN,RL,,
INPUR,Puri,Puri,IN,OR,RL,,
INQUI,Quilon,Quilon,IN,KL,RL,,
INRAM,Rameshwaram,Rameshwaram,IN,TN,AA,,
INRED,Redi,Redi,IN,MH,AA,,
INRGT,Ranghat Bay,Ranghat Bay,IN,AN,AA,,
INRJP,Rajpara/Navabunder,Rajpara/Navabunder,IN,GJ,AA,,
INRJR,Rajpuri,Rajpuri,IN,MH,AA,,
INRKG,Rajakkamangalam,Rajakkamangalam,IN,KL,AA,,
INRNR,Ranpar,Ranpar,IN,MH,AA,,
INROZ,Rozi,Rozi,IN,GJ,RL,2234N 07002E,
INRRI,Raili,Raili,IN,BR,RL,,
INRTC,Ratnagiri,Ratnagiri,IN,MH,AA,,
INRVD,Revdanda,Revdanda,IN,MH,AA,,
INSAD,Sanathnagar,Sanathnagar,IN,HR,RL,,
INSAL,Salaya,Salaya,IN,GJ,AA,,
INSAM,Samalkot,Samalkot,IN,AP,RL,1703N 08211E,
INSBH,Sinbhour,Sinbhour,IN,GJ,AA,,
INSHI,Shirola,Shirola,IN,KA,RL,,
INSHP,Simbhour Port,Simbhour Port,IN,,AA,,
INSIK,Sika,Sika,IN,GJ,AA,2226N 06950E,
INSIL,Siliguri,Siliguri,IN,WB,RL,2643N 08825E,
INSIM,Sima/Navabunder,Sima/Navabunder,IN,GJ,AA,,
INSKK,Sikkim,Sikkim,IN,AN,RL,2719N 08837E,
INSMR,Simor,Simor,IN,GJ,AA,,
INSRV,Surasani-Yanam,Surasani-Yanam,IN,AP,AA,,
INSTP,Satpati,Satpati,IN,MH,AA,,
INSTV,Surat,Surat,IN,GJ,AI,2110N 07250E,
INSWA,Sahnewal,Sahnewal,IN,PB,RL,3051N 07557E,
INSWD,Shriwardhan,Shriwardhan,IN,MH,AA,,
INTAD,Tadri,Tadri,IN,KA,AA,1431N 07421E,
INTEL,Tellicherry,Tellicherry,IN,KL,AA,,
INTHL,Thal,Thal,IN,MH,AA,,
INTHN,Thane,Thane,IN,MH,RL,1912N 07258E,
INTIV,Tiviri,Tiviri,IN,,QQ,,
INTJA,Talaja,Talaja,IN,GJ,AA,,
INTKS,Tenkasi,Tenkasi,IN,TN,RL,,
INTMP,Trombay,Trombay,IN,MH,AA,,
INTNA,Thana,Thana,IN,MH,AA,,
INTND,Tondi,Tondi,IN,TN,AA,,
INTNK,Tankari,Tankari,IN,GJ,AA,,
INTPH,Thopputhurai,Thopputhurai,IN,TN,AA,,
INTPN,Talpona,Talpona,IN,GA,AA,,
INTRA,Tranquebar,Tranquebar,IN,TN,RL,,
INTRP,Tarapur,Tarapur,IN,MH,AA,,
INTRV,Thiruvananthapuram (ex Trivandrum),Thiruvananthapuram (ex Trivandrum),IN,KL,AI,0829N 07655E,
INTUN,Tuna,Tuna,IN,GJ,AA,,
INTUT,Tuticorin,Tuticorin,IN,TN,AA,0847N 07808E,
INTYR,Tirukkadayyur,Tirukkadayyur,IN,TN,AA,,
INULW,Ulwa,Ulwa,IN,MH,AA,,
INUMB,Umbergoan,Umbergoan,IN,GJ,AA,,
INUMR,Umarsadi,Umarsadi,IN,GJ,AA,,
INURA,Uran,Uran,IN,MH,RL,1853N 07256E,
INUTN,Uttan,Uttan,IN,MH,AA,,
INVAD,Vadinar,Vadinar,IN,GJ,AA,,
INVEN,Vengurla,Vengurla,IN,MH,RL,,
INVEP,Veppalodai,Veppalodai,IN,TN,AA,,
INVIG,Vizagapatanam,Vizagapatanam,IN,DL,RL,,
INVKM,Valinokkam,Valinokkam,IN,TN,AA,,
INVNG,Vemgira,Vemgira,IN,MH,AA,,
INVRD,Varavda,Varavda,IN,MH,AA,,
INVRU,Vadarevu,Vadarevu,IN,AP,AA,,
INVSI,Vansi-Borsi,Vansi-Borsi,IN,GJ,AA,,
INVSV,Varsova,Varsova,IN,MH,AA,,
INVTZ,Visakhapatnam,Visakhapatnam,IN,AP,AA,1742N 08318E,
INVVA,Veraval,Veraval,IN,GJ,AA,,
INVYD,Vijaydurg,Vijaydurg,IN,MH,AA,,
INVZJ,Vazhinjam,Vazhinjam,IN,KL,AA,0823N 07700E,
INWAD,Wada,Wada,IN,MH,RL,1859N 07345E,
INZUM,Tumkur,Tumkur,IN,KA,RL,1630N 07705E,
IQALF,Abu Al Fulus,Abu Al Fulus,IQ,,RL,,
IQASD,Al Asad,Al Asad,IQ,,RL,3347N 04226E,
IQBGW,Baghdåd,Baghdad,IQ,BG,AI,3320N 04423E,
IQBSR,Basra,Basra,IQ,BA,AI,,
IQFAO,Fao,Fao,IQ,,QQ,,
IQHIL,Al Hillah,Al Hillah,IQ,BB,RL,3229N 04426E,
IQIKD,Iskandariyha,Iskandariyha,IQ,,QQ,,
IQKAR,Karbala,Karbala,IQ,,QQ,,
IQKAZ,Khor al Zubair,Khor al Zubair,IQ,,RL,,
IQKHA,Khor Al Amaya,Khor Al Amaya,IQ,,QQ,,
IQKIK,Kirkuk,Kirkuk,IQ,,AI,,
IQMAB,Basrah Oil Terminal,Basrah Oil Terminal,IQ,BA,RL,2945N 04850E,
IQMAN,Mandali,Mandali,IQ,,QQ,,
IQNAS,Najat,Najat,IQ,,QQ,,
IQNJF,Najaf,Najaf,IQ,NA,RL,3159N 04418E,
IQNSR,Nasiriyah,Nasiriyah,IQ,,RL,3103N 04615E,
IQOSM,Mosul (Ak Mawsil),Mosul (Ak Mawsil),IQ,NI,AI,3610N 04235E,
IQSAM,Samarra',Samarra',IQ,SD,RL,3412N 04352E,
IQTJI,Taji,Taji,IQ,,RL,3331N 04416E,
IQTQD,Al Taqaddum,Al Taqaddum,IQ,,RL,3320N 04335E,
IQUQR,Umm Qasr Port,Umm Qasr Port,IQ,BA,RL,3002N 04756E,
IQZAO,Zakho,Zakho,IQ,,RL,3708N 04242E,
IRABD,Abadan,Abadan,IR,,AI,,
IRAMD,Bandar Amirabad,Bandar Amirabad,IR,21,RL,3647N 05321E,
IRAMP,Amir Abad Pt,Amir Abad Pt,IR,21,RL,3605N 05222E,
IRASA,Asaluyeh,Asaluyeh,IR,18,RL,2728N 05236E,
IRAZD,Yazd,Yazd,IR,,AI,,
IRBAH,Bandar Assaluyeh,Bandar Assaluyeh,IR,,RL,,
IRBAM,Amirabad,Amirabad,IR,06,RL,2651N 05422E,
IRBAZ,Bandar-e Anzali,Bandar-e Anzali,IR,01,RL,3728N 04928E,
IRBIK,Imam Khomeini Pt/ Mahshahr City,Imam Khomeini Pt/ Mahshahr City,IR,10,RL,3025N 04904E,
IRBKK,Bandar-e Emam Khomeyni,Bandar-e Emam Khomeyni,IR,,RL,3026N 04906E,
IRBKM,Bandar Khomeini,Bandar Khomeini,IR,06,RL,3026N 04906E,
IRBMR,Bandar Mashur,Bandar Mashur,IR,06,RL,3033N 04911E,
IRBND,Bandar Abbas,Bandar Abbas,IR,22,AI,2711N 05616E,
IRBPA,Bandare Parsian,Bandare Parsian,IR,22,RL,2710N 05254E,
IRBRG,Bandar-e Gaz,Bandar-e Gaz,IR,,RL,3647N 05357E,
IRBSR,Bandar Shahid Rajaee,Bandar Shahid Rajaee,IR,,RL,,
IRBUZ,Bushehr,Bushehr,IR,18,AI,2858N 05050E,
IRCYT,Soroosh (Cyrus) Terminal,Soroosh (Cyrus) Terminal,IR,,RL,2902N 04928E,
IRDAY,Dayyer,Dayyer,IR,18,AA,2750N 05156E,
IRFKR,Freidoon Kenar,Freidoon Kenar,IR,21,RL,3642N 05233E,
IRIFN,Isfahan,Isfahan,IR,,AI,,
IRIMH,Imam Hasan,Imam Hasan,IR,,RL,,
IRKAS,Kashan,Kashan,IR,,QQ,,
IRKAV,Kuvei,Kuvei,IR,22,AM,2657N 05600E,
IRKHK,Khark Island,Khark Island,IR,,AI,,
IRKHO,Khorramshahr,Khorramshahr,IR,,QQ,,
IRKSH,Kermanshah (Bakhtaran),Kermanshah (Bakhtaran),IR,05,RL,3418N 04703E,
IRLIN,Lingah,Lingah,IR,,RL,,
IRLVP,Lavan,Lavan,IR,,AI,,
IRMRX,Bandar-e Måh Shahr,Bandar-e Mah Shahr,IR,06,RL,3032N 04910E,
IRNEK,Bandar Neka,Bandar Neka,IR,,RL,3652N 05332E,
IRNKA,Neka,Neka,IR,21,RL,3650N 05316E,
IRNSH,Now Shahr,Now Shahr,IR,,RL,,
IRRBA,Ras Bahrgan,Ras Bahrgan,IR,,QQ,,
IRSBR,Shahid Bahonar,Shahid Bahonar,IR,23,RL,2708N 05612E,
IRSIX,Sari,Sari,IR,,QQ,,
IRSRA,Sarooj Anchorage,Sarooj Anchorage,IR,,RL,2744N 05209E,
IRSRP,Shahid Rajaee Pt/Bandar Abbas,Shahid Rajaee Pt/Bandar Abbas,IR,23,RL,2707N 05604E,
IRSXI,Sirri Island,Sirri Island,IR,,AI,,
IRSYZ,Shiraz,Shiraz,IR,,AI,,
IRTBZ,Tabriz,Tabriz,IR,,AI,,
IRTMB,Tombak,Tombak,IR,18,RL,2743N 05210E,
IRZBR,Chah Bahar,Chah Bahar,IR,,AI,,
ISAKR,Akranes,Akranes,IS,,AC,,
ISAKU,Akureyri,Akureyri,IS,,AC,,
ISASS,Arskogssandur,Arskogssandur,IS,,AI,6556N 01822W,
ISBAK,Bakkafjördur,Bakkafjordur,IS,,AC,6602N 01448W,
ISBGJ,Borgarfjørdur eystri,Borgarfjordur eystri,IS,,AC,,
ISBIL,Bildudalur - høfn,Bildudalur - hofn,IS,,AI,,
ISBLO,Blonduos,Blonduos,IS,,AC,,
ISBOI,Bordeyri,Bordeyri,IS,,AC,,
ISBOL,Bolungarvik,Bolungarvik,IS,,AC,6608N 02315W,
ISBOR,Borgarnes,Borgarnes,IS,,AC,,
ISBRE,Breiddalsvik,Breiddalsvik,IS,,AC,,
ISBRJ,Brjánslækur,Brjanslakur,IS,3,AA,6532N 02312W,
ISBUD,Budardalur,Budardalur,IS,3,AC,6507N 02146W,
ISDAL,Dalvík,Dalvik,IS,,AC,6558N 01832W,
ISDJU,Djúpivogur,Djupivogur,IS,,AC,6439N 01417W,
ISDPV,Djupavik,Djupavik,IS,,AC,,
ISDRA,Drangsnes,Drangsnes,IS,,AC,,
ISESK,Eskifjørdur - høfn,Eskifjordur - hofn,IS,,AC,,
ISFAS,Faskrudsfjørdur,Faskrudsfjordur,IS,,AC,,
ISFEY,Flatey,Flatey,IS,3,AA,6522N 02256W,
ISFLA,Flateyri,Flateyri,IS,,AC,,
ISGRB,Gardabaer,Gardabaer,IS,,AI,6405N 01256W,
ISGRD,Gardur,Gardur,IS,,AI,,
ISGRE,Grenivík,Grenivik,IS,,AC,6557N 01811W,
ISGRF,Grundarfjørdur,Grundarfjordur,IS,,AC,,
ISGRI,Grindavík,Grindavik,IS,,AC,6350N 02226W,
ISGRT,Grundartangi,Grundartangi,IS,,AC,,
ISGUF,Gufunes/Reykjavik,Gufunes/Reykjavik,IS,,AC,,
ISHAF,Hafnarfjørdur,Hafnarfjordur,IS,,AC,,
ISHEL,Helguvik,Helguvik,IS,,RL,6402N 02233W,
ISHFN,"Höfn, Hornafjørdur","Hofn, Hornafjordur",IS,,AC,6415N 01513W,
ISHJA,Hjalteyri,Hjalteyri,IS,,AC,,
ISHNR,Hafnir,Hafnir,IS,,AI,6355N 02241W,
ISHOF,Hofsós,Hofsos,IS,,AC,6554N 01926W,
ISHRI,Hrisey,Hrisey,IS,,AC,,
ISHUS,Husavik - høfn,Husavik - hofn,IS,,AC,,
ISHVM,Hvammstangi,Hvammstangi,IS,,AC,,
ISHVR,Midsandur,Midsandur,IS,,AC,,
ISISA,Isafjørdur - høfn,Isafjordur - hofn,IS,,AC,,
ISKEV,Keflavikurkaupstadur,Keflavikurkaupstadur,IS,,AC,,
ISKJF,Skerjafjördur,Skerjafjordur,IS,,AC,,
ISKOP,Kopasker - høfn,Kopasker - hofn,IS,,AC,,
ISKOV,Kópavogur,Kopavogur,IS,,AC,6406N 02155W,
ISKRO,Krokfjardarnes,Krokfjardarnes,IS,,AC,,
ISLAN,Landeyjahöfn,Landeyjahofn,IS,8,AA,6131N 02007W,
ISLSA,Litli Sandur,Litli Sandur,IS,,RL,6424N 02127W,
ISMJH,Mjoeyrarhofn,Mjoeyrarhofn,IS,7,RL,6455N 01357W,
ISMJO,Mjofjördur,Mjofjordur,IS,,AC,,
ISMOS,Mosfellsbaer,Mosfellsbaer,IS,,RL,6410N 02143W,
ISNES,Neskaupstadur,Neskaupstadur,IS,,AC,,
ISNJA,Njardvik,Njardvik,IS,,AC,,
ISNOU,Nordurfjördur,Nordurfjordur,IS,,AC,,
ISOLF,Olafsfjørdur,Olafsfjordur,IS,,AC,,
ISOLV,Olafsvík,Olafsvik,IS,,AC,6453N 02343W,
ISOSP,Ospakseyri,Ospakseyri,IS,,AC,6527N 02126W,
ISPAT,Patreksfjørdur - høfn,Patreksfjordur - hofn,IS,,AC,,
ISRAU,Raufarhöfn,Raufarhofn,IS,,AC,6627N 01557W,
ISREY,Reykjavík,Reykjavik,IS,,AC,6409N 02157W,
ISRFJ,Reydarfjørdur,Reydarfjordur,IS,,AC,,
ISRHA,Reykhólar,Reykholar,IS,,AC,6527N 02212W,
ISRIF,Rif-Hellisandur,Rif-Hellisandur,IS,,AC,,
ISSAN,Sandgerdi,Sandgerdi,IS,,AC,,
ISSAU,Saudarkrokur - høfn,Saudarkrokur - hofn,IS,,AC,,
ISSEY,Seydisfjørdur,Seydisfjordur,IS,,AC,,
ISSIG,Siglufjørdur - høfn,Siglufjordur - hofn,IS,,AC,,
ISSKA,Skagaströnd,Skagastrond,IS,,AC,6550N 02019W,
ISSTD,Stodhvarfjørdur,Stodhvarfjordur,IS,,AC,,
ISSTR,Straumsvik,Straumsvik,IS,,AC,,
ISSTY,Stykkisholmur - høfn,Stykkisholmur - hofn,IS,,AC,,
ISSUD,Sudureyri/Sugandafjord,Sudureyri/Sugandafjord,IS,,AC,,
ISSUV,Sudavik,Sudavik,IS,,AC,,
ISSVA,Svalbardseyri,Svalbardseyri,IS,,AC,,
ISTAL,Talknafjørdur/Sveinseyri,Talknafjordur/Sveinseyri,IS,,AC,,
ISTEY,Thingeyri,Thingeyri,IS,,AC,,
ISTHH,Thorlakshofn,Thorlakshofn,IS,,AC,,
ISTHN,Tjörneshöfn,Tjorneshofn,IS,,AI,,
ISTHO,Thorshofn,Thorshofn,IS,,AC,,
ISVES,Vestmannaeyjar - høfn,Vestmannaeyjar - hofn,IS,,AC,,
ISVOG,Vogar,Vogar,IS,,AI,6359N 02223W,
ISVPN,Vopnafjördur,Vopnafjordur,IS,,AC,6545N 01450W,
ITAAS,Marina di Davoli,Marina di Davoli,IT,CZ,RL,3840N 01633E,
ITACL,Aci Castello,Aci Castello,IT,,AA,3733N 01508E,
ITACT,Aci Trezza,Aci Trezza,IT,CT,AA,3734N 01510E,
ITADA,Andora,Andora,IT,SV,AA,4357N 00809E,
ITAEL,Castel Volturno,Castel Volturno,IT,,AA,4120N 01356E,
ITAGP,Agropoli,Agropoli,IT,SA,AA,4021N 01459E,
ITAHO,Alghero,Alghero,IT,SS,AI,4033N 00819E,
ITALI,Alicudi,Alicudi,IT,,AI,,
ITALS,Alassio,Alassio,IT,SV,AA,4400N 00810E,
ITAMA,Amalfi,Amalfi,IT,SA,AI,4038N 01436E,
ITAMN,Santa Maria Navarrese,Santa Maria Navarrese,IT,OG,AA,3959N 00941E,
ITAMT,Amantea,Amantea,IT,CS,AA,3908N 01604E,
ITANZ,Anzio,Anzio,IT,RM,RL,4127N 01237E,
ITAOA,Paola,Paola,IT,,AA,3921N 01602E,
ITAOI,Ancona,Ancona,IT,AN,AI,4338N 01330E,
ITAOL,Acciaroli,Acciaroli,IT,,AA,4011N 01501E,
ITAOR,Caorle,Caorle,IT,,AA,4536N 01253E,
ITATA,Arma di Taggia,Arma di Taggia,IT,,AA,4349N 00751E,
ITATI,Castiglioncello,Castiglioncello,IT,LI,AA,4324N 01024E,
ITATX,Arbatax,Arbatax,IT,NU,AI,3956N 00942E,
ITAUG,Augusta,Augusta,IT,,AI,3713N 01513E,
ITAVO,Avola,Avola,IT,SR,AA,3654N 01508E,
ITAZA,Arenzano,Arenzano,IT,GE,AA,4424N 00841E,
ITB8D,Bardello,Bardello,IT,VA,RL,4550N 00842E,
ITBAI,Baia,Baia,IT,NA,AI,4049N 01404E,
ITBCB,Bagnara Calabra,Bagnara Calabra,IT,RC,AA,3817N 01548E,
ITBCE,Bisceglie,Bisceglie,IT,BT,RL,4114N 01630E,
ITBDS,Brindisi,Brindisi,IT,BR,AI,4038N 01756E,
ITBGH,Bordighera,Bordighera,IT,IM,AA,4346N 00740E,
ITBLA,Bellaria,Bellaria,IT,RN,RL,4409N 01228E,
ITBLN,Bagnoli,Bagnoli,IT,NA,AI,4048N 01410E,
ITBLT,Barletta,Barletta,IT,BT,AI,4119N 01617E,
ITBMA,Bovalino Marina,Bovalino Marina,IT,RC,AA,3809N 01610E,
ITBMT,Belvedere Marittimo,Belvedere Marittimo,IT,CS,AA,3937N 01551E,
ITBNC,Bianco,Bianco,IT,RC,AA,3805N 01609E,
ITBOA,Bosa,Bosa,IT,OR,AA,4018N 00830E,
ITBRI,Bari,Bari,IT,BA,AI,4108N 01651E,
ITBVM,Bova Marina,Bova Marina,IT,RC,AA,3756N 01555E,
ITCAG,Cagliari,Cagliari,IT,CA,AI,3913N 00907E,
ITCAS,Castellammare di Stabia,Castellammare di Stabia,IT,NA,AI,4042N 01429E,
ITCCB,Cape Carbonara,Cape Carbonara,IT,,RL,3906N 00931E,
ITCCL,Cattolica,Cattolica,IT,RN,AA,4358N 01244E,
ITCCQ,Cetraro,Cetraro,IT,CS,AA,3931N 01556E,
ITCEC,Cecina,Cecina,IT,LI,RL,4319N 01031E,
ITCEQ,Castiglione della Pescaia,Castiglione della Pescaia,IT,,AA,4246N 01053E,
ITCEV,Cervia,Cervia,IT,RA,RL,4416N 01222E,
ITCFU,Cefalù,Cefalu,IT,,RL,3802N 01401E,
ITCGC,Corigliano Calabro,Corigliano Calabro,IT,CS,RL,3936N 01631E,
ITCHI,Chioggia,Chioggia,IT,,AI,4514N 01217E,
ITCHX,Chiavari,Chiavari,IT,GE,RL,4419N 00919E,
ITCLF,Carloforte,Carloforte,IT,,AI,3909N 00818E,
ITCLS,Calasetta,Calasetta,IT,,AI,3903N 00822E,
ITCML,Casamicciola Terme,Casamicciola Terme,IT,NA,AI,4045N 01353E,
ITCNT,Cesenatico,Cesenatico,IT,,RL,4412N 01225E,
ITCOQ,Capo d'Orlando,Capo d'Orlando,IT,,AA,3810N 01445E,
ITCPA,Capraia,Capraia,IT,,AI,4303N 00950E,
ITCPM,Cupra Marittima,Cupra Marittima,IT,AP,AA,4301N 01351E,
ITCPN,Copanello,Copanello,IT,CZ,RL,3846N 01633E,
ITCRQ,Castro Marina,Castro Marina,IT,,AA,3959N 01824E,
ITCRT,Cariati,Cariati,IT,,AA,3930N 01657E,
ITCRV,Crotone,Crotone,IT,,AI,3905N 01708E,
ITCTA,Catania,Catania,IT,CT,AI,3730N 01506E,
ITCTK,Castelsardo,Castelsardo,IT,SS,AA,4055N 00843E,
ITCTR,Castellammare del Golfo,Castellammare del Golfo,IT,TP,AI,3801N 01253E,
ITCVV,Civitavecchia,Civitavecchia,IT,RM,AI,4206N 01148E,
ITCVX,Cavo,Cavo,IT,,AI,4251N 01025E,
ITDIA,Diamante,Diamante,IT,,RL,3941N 01549E,
ITDNO,Duino,Duino,IT,,RL,4546N 01335E,
ITFAL,Falconara,Falconara,IT,,AI,,
ITFAO,Fano,Fano,IT,,RL,4350N 01301E,
ITFAV,Favignana,Favignana,IT,,AI,3756N 01220E,
ITFCO,Fiumicino,Fiumicino,IT,RM,AI,4146N 01214E,Fiumicino Apt/Roma
ITFCV,Foce Varano,Foce Varano,IT,,AA,4155N 01548E,
ITFGE,Fregene,Fregene,IT,,AA,4151N 01212E,
ITFME,Francavilla al Mare,Francavilla al Mare,IT,,RL,4225N 01417E,
ITFNL,Finale Ligure,Finale Ligure,IT,SV,AA,4410N 00820E,
ITFOL,Follonica,Follonica,IT,GR,RL,4255N 01045E,
ITFOM,Formia,Formia,IT,,AI,4115N 01337E,
ITFOR,Isolotto Formica,Isolotto Formica,IT,,RL,3759N 01225E,
ITFPO,Filicudi Porto,Filicudi Porto,IT,,AI,,
ITFRD,Forio,Forio,IT,,AA,4044N 01351E,
ITFSA,Fusina,Fusina,IT,VE,RL,4525N 01214E,
ITGAE,Gaeta,Gaeta,IT,,AI,4112N 01335E,
ITGAI,Golfo Aranci,Golfo Aranci,IT,SS,AI,4100N 00937E,
ITGAL,Gallipoli,Gallipoli,IT,,AI,4003N 01759E,
ITGEA,Gela,Gela,IT,,AI,3704N 01415E,
ITGIA,Giardini Naxos,Giardini Naxos,IT,ME,AI,3749N 01516E,
ITGII,Giannutri,Giannutri,IT,,AI,,
ITGIT,Gioia Tauro,Gioia Tauro,IT,,AI,3825N 01554E,
ITGLJ,Camogli,Camogli,IT,GE,AA,4421N 00909E,
ITGMA,Gabicce Mare,Gabicce Mare,IT,,RL,4358N 01246E,
ITGOA,Genova,Genova,IT,GE,AI,4425N 00857E,
ITGOO,Goro,Goro,IT,,AA,4451N 01218E,
ITGOR,Gorgona,Gorgona,IT,,AI,,
ITGRD,Grado,Grado,IT,,AI,4541N 01323E,
ITGSV,Rosignano Solvay,Rosignano Solvay,IT,LI,RL,4323N 01026E,
ITGUI,Giulianova,Giulianova,IT,TE,RL,4245N 01358E,
ITGVZ,Giovinazzo,Giovinazzo,IT,,AA,4111N 01640E,
ITGZS,Anguillara Sabazia,Anguillara Sabazia,IT,RM,RL,4205N 01216E,
ITICA,Torvaianica,Torvaianica,IT,RM,AA,4138N 01228E,
ITIDF,Isola delle Femmine,Isola delle Femmine,IT,,AA,3812N 01315E,
ITIDG,Isola del Giglio,Isola del Giglio,IT,,AI,4222N 01054E,
ITIMP,Imperia,Imperia,IT,IM,RL,4353N 00803E,
ITIOA,Civitanova Marche,Civitanova Marche,IT,MC,RL,4318N 01344E,
ITIOI,Maiori,Maiori,IT,,AA,4039N 01438E,
ITISB,Pier Isab,Pier Isab,IT,SR,RL,3707N 01515E,
ITISH,Ischia,Ischia,IT,NA,AI,4044N 01357E,
ITISN,Isola Asinara,Isola Asinara,IT,,RL,4103N 00816E,
ITISS,Isola Santo Stefano,Isola Santo Stefano,IT,,AI,,
ITITI,Sistiana,Sistiana,IT,TS,RL,4545N 01338E,
ITJLO,Iesolo,Iesolo,IT,VE,AI,4532N 01239E,
ITLAD,Ladispoli,Ladispoli,IT,RM,RL,4156N 01205E,
ITLAE,Lacco Ameno,Lacco Ameno,IT,,AA,4045N 01354E,
ITLAW,Lavagna,Lavagna,IT,GE,AA,4418N 00920E,
ITLEA,Scalea,Scalea,IT,,AA,3949N 01547E,
ITLEC,Leuca,Leuca,IT,,AA,3948N 01821E,
ITLEN,Levanto,Levanto,IT,SP,AA,4410N 00938E,
ITLER,Lerici,Lerici,IT,SP,AA,4404N 00955E,
ITLES,Lesina,Lesina,IT,,AA,4152N 01521E,
ITLEV,Levanzo,Levanzo,IT,,AI,3759N 01220E,
ITLIC,Licata,Licata,IT,,AI,3706N 01356E,
ITLIP,Lipari,Lipari,IT,ME,AI,3827N 01457E,
ITLIU,Linosa,Linosa,IT,,AI,,
ITLIV,Livorno,Livorno,IT,,AI,4333N 01019E,
ITLLT,Savelletri,Savelletri,IT,BR,AA,4052N 01725E,
ITLMP,Lampedusa,Lampedusa,IT,,AI,3530N 01236E,
ITLOA,Loano,Loano,IT,SV,AA,4408N 00815E,
ITLSD,Lignano Sabbiadoro,Lignano Sabbiadoro,IT,,AA,4542N 01309E,
ITM2R,Marina di Ragusa,Marina di Ragusa,IT,RG,RL,3647N 01433E,
ITMAH,Marina di Ginosa,Marina di Ginosa,IT,,AA,4025N 01653E,
ITMAJ,Marano Lagunare,Marano Lagunare,IT,,AA,4546N 01310E,
ITMAM,Marciana Marina,Marciana Marina,IT,,AA,4248N 01012E,
ITMAZ,Mazara del Vallo,Mazara del Vallo,IT,TP,AI,3739N 01235E,
ITMDA,La Maddalena,La Maddalena,IT,SS,RL,4113N 00924E,
ITMDC,Marina di Carrara,Marina di Carrara,IT,,AI,,
ITMDW,Margherita di Savoia,Margherita di Savoia,IT,,AA,4122N 01609E,
ITMFR,Manfredonia,Manfredonia,IT,,AI,4138N 01555E,
ITMGE,Marina Grande,Marina Grande,IT,,RL,4033N 01415E,
ITMIM,Mili Marina,Mili Marina,IT,ME,RL,3807N 01531E,
ITMIS,Misano Adriatico,Misano Adriatico,IT,RN,RL,4358N 01242E,
ITMIT,Marina di Camerota,Marina di Camerota,IT,,AA,4000N 01522E,
ITMLB,Marina della Lobra,Marina della Lobra,IT,,AA,4036N 01420E,
ITMLS,Montalto di Castro,Montalto di Castro,IT,VT,RL,4221N 01137E,
ITMLU,Massa Lubrense,Massa Lubrense,IT,,RL,4036N 01420E,
ITMLZ,Milazzo,Milazzo,IT,,AI,,
ITMMO,Marettimo,Marettimo,IT,,AI,,
ITMND,"Mondello, Palermo","Mondello, Palermo",IT,,AA,3812N 01320E,
ITMNF,Monfalcone,Monfalcone,IT,,AI,,
ITMNP,Monopoli,Monopoli,IT,,AI,,
ITMNU,Marinella di Selinunte,Marinella di Selinunte,IT,,AA,3735N 01247E,
ITMOL,Molfetta,Molfetta,IT,,AI,,
ITMPA,Marina di Pisa,Marina di Pisa,IT,,AA,4340N 01016E,
ITMPS,Melito di Porto Salvo,Melito di Porto Salvo,IT,RC,RL,3755N 01547E,
ITMRA,Marsala,Marsala,IT,TP,AI,3748N 01226E,
ITMRM,Cirò Marina,Ciro Marina,IT,KR,AA,3922N 01708E,
ITMRP,Marina di Campo,Marina di Campo,IT,LI,AA,4244N 01014E,
ITMSB,Marina di Pisciotta,Marina di Pisciotta,IT,,AA,4006N 01514E,
ITMSD,Marina di Grosseto,Marina di Grosseto,IT,,AA,4243N 01059E,
ITMSN,Messina,Messina,IT,,AI,,
ITMTH,Meta,Meta,IT,NA,AA,4039N 01424E,
ITNAP,Napoli,Napoli,IT,NA,AI,4050N 01415E,
ITNCT,San Cataldo,San Cataldo,IT,LE,AA,4023N 01818E,
ITNGA,Sperlonga,Sperlonga,IT,,AA,4115N 01326E,
ITNIG,Cannigione,Cannigione,IT,,RL,,
ITNLI,Noli,Noli,IT,SV,AA,4412N 00826E,
ITNNE,Cala Gonone,Cala Gonone,IT,,AA,4018N 00938E,
ITNSR,Nova Siri,Nova Siri,IT,MT,RL,4009N 01632E,
ITNTA,Sant'Antioco,Sant'Antioco,IT,,AA,3904N 00827E,
ITNTE,Sestri Levante,Sestri Levante,IT,GE,AA,4416N 00924E,
ITNTT,Nettuno,Nettuno,IT,,RL,4128N 01241E,
ITNUM,Numana,Numana,IT,,AA,4331N 01337E,
ITOBT,Orbetello,Orbetello,IT,,AA,4227N 01113E,
ITODB,Mola di Bari,Mola di Bari,IT,,AA,4104N 01705E,
ITODG,Mondragone,Mondragone,IT,,AA,4107N 01353E,
ITOGN,Ognina,Ognina,IT,,AA,3659N 01515E,
ITOLB,Olbia,Olbia,IT,SS,RL,4055N 00931E,
ITONE,Oneglia,Oneglia,IT,,AI,,
ITORL,Porticello,Porticello,IT,,AA,3805N 01332E,
ITOTN,Ortona,Ortona,IT,,AI,,
ITOTO,Otranto,Otranto,IT,,AI,,
ITOZI,Pozzillo,Pozzillo,IT,CT,AA,3739N 01511E,
ITPAN,Panarea,Panarea,IT,,AI,,
ITPAU,Palau,Palau,IT,,AI,,
ITPAZ,Porto Azzurro,Porto Azzurro,IT,,AI,,
ITPCE,Porto Cervo,Porto Cervo,IT,,AI,,
ITPCH,Peschici,Peschici,IT,,AI,,
ITPCN,Porto Conte Torre Nuova,Porto Conte Torre Nuova,IT,CA,AA,4036N 00812E,
ITPDI,Porto d'Ischia,Porto d'Ischia,IT,,AI,,
ITPED,Pedaso,Pedaso,IT,,RL,4306N 01350E,
ITPEM,Porto Empedocle,Porto Empedocle,IT,,AI,,
ITPES,Pesaro,Pesaro,IT,PU,AI,4354N 01255E,
ITPFE,Portoferraio,Portoferraio,IT,,AI,,
ITPFX,Porto Foxi (Sarroch),Porto Foxi (Sarroch),IT,,AI,3903N 00900E,Sarroch (Porto Foxi)
ITPGA,Porto Garibaldi,Porto Garibaldi,IT,,AI,,
ITPGL,Portigliola,Portigliola,IT,RC,AI,3814N 01613E,
ITPIA,Pianosa,Pianosa,IT,,AI,4234N 01004E,
ITPIM,Praia a Mare,Praia a Mare,IT,CS,AA,3954N 01547E,
ITPIO,Piombino,Piombino,IT,,AI,,
ITPIZ,Pizzo,Pizzo,IT,,AA,3844N 01610E,
ITPLI,Porto Lignano,Porto Lignano,IT,,AI,,
ITPLN,Palinuro,Palinuro,IT,,AA,4002N 01517E,
ITPMA,Marghera,Marghera,IT,VE,RL,4527N 01213E,
ITPMM,Palmi,Palmi,IT,,AA,3821N 01551E,
ITPMO,Palermo,Palermo,IT,PA,AI,3807N 01322E,
ITPMZ,Porto Maurizio,Porto Maurizio,IT,,AI,,
ITPNG,Porto Nogaro,Porto Nogaro,IT,,AI,,
ITPNL,Pantelleria,Pantelleria,IT,,AI,,
ITPNZ,Ponza,Ponza,IT,LT,AI,4054N 01258E,
ITPOM,Pomezia,Pomezia,IT,RM,RL,4140N 01230E,
ITPOQ,Porto Viro,Porto Viro,IT,RO,RL,4503N 01215E,
ITPOS,Positano,Positano,IT,,AI,,
ITPOZ,Pozzuoli,Pozzuoli,IT,,AI,,
ITPPF,Porto Palo,Porto Palo,IT,CT,AA,3734N 01254E,
ITPPL,Portopalo,Portopalo,IT,SR,AA,3641N 01508E,
ITPPT,Porto Tolle,Porto Tolle,IT,,AA,4456N 01222E,
ITPRF,Porto Recanati,Porto Recanati,IT,,AA,4326N 01340E,
ITPRH,Sapri,Sapri,IT,,AA,4004N 01538E,
ITPRJ,Capri,Capri,IT,NA,AI,4033N 01414E,
ITPRL,Priolo Gargallo,Priolo Gargallo,IT,SR,RL,3709N 01511E,
ITPRO,Procida,Procida,IT,,AI,,
ITPRR,Piano di Sorrento,Piano di Sorrento,IT,NA,AA,4038N 01423E,
ITPRW,Portovenere,Portovenere,IT,SP,AA,4403N 00951E,
ITPSR,Pescara,Pescara,IT,PE,AI,4228N 01414E,
ITPSS,Porto Santo Stefano,Porto Santo Stefano,IT,,AI,,
ITPTC,Portici,Portici,IT,NA,RL,4049N 01420E,
ITPTF,Portofino,Portofino,IT,GE,AI,,
ITPTH,Porto Ercole,Porto Ercole,IT,,RL,4223N 01112E,
ITPTI,Patti,Patti,IT,ME,RL,3808N 01458E,
ITPTO,Porto Torres,Porto Torres,IT,SS,AI,,
ITPUC,Punta Cugno,Punta Cugno,IT,SR,RL,3713N 01512E,
ITPVE,Portoscuso (Porto Vesme),Portoscuso (Porto Vesme),IT,,RL,3912N 00823E,
ITPVT,Porto Levante,Porto Levante,IT,,AA,4503N 01222E,
ITPZL,Pozzallo,Pozzallo,IT,RG,AI,3643N 01451E,
ITQMM,Marina di Massa,Marina di Massa,IT,,AA,4400N 01006E,
ITQOS,Oristano,Oristano,IT,OR,AI,3954N 00836E,
ITRAN,Ravenna,Ravenna,IT,,AI,,
ITRCE,Riccione,Riccione,IT,RN,RL,4359N 01239E,
ITREC,Recco,Recco,IT,GE,AA,4422N 00909E,
ITREG,Reggio di Calabria,Reggio di Calabria,IT,RC,AI,3806N 01539E,
ITRGG,Rodi Garganico,Rodi Garganico,IT,,AI,,
ITRIN,Rinella,Rinella,IT,,RL,3832N 01450E,
ITRMA,Rio Marina,Rio Marina,IT,,AI,,
ITRMG,Rio Maggiore,Rio Maggiore,IT,SP,AI,4406N 00944E,
ITRMI,Rimini,Rimini,IT,RN,AI,4404N 01235E,
ITRNS,Spotorno,Spotorno,IT,,AA,4414N 00825E,
ITROC,Roccella Ionica,Roccella Ionica,IT,,RL,3819N 01624E,
ITRPO,Rapallo,Rapallo,IT,GE,AA,4421N 00914E,
ITRPT,Riposto,Riposto,IT,CT,AI,3744N 01512E,
ITRRO,Sorrento,Sorrento,IT,,AI,,
ITRRV,Sferracavallo,Sferracavallo,IT,,AA,3812N 01314E,
ITRSM,Monterosso al Mare,Monterosso al Mare,IT,SP,AA,4409N 00939E,
ITRTS,Riva Trigoso,Riva Trigoso,IT,,AA,4416N 00925E,
ITRTT,Marotta,Marotta,IT,,AA,4346N 01308E,
ITSAL,Salerno,Salerno,IT,,AI,,
ITSAT,Sant' Antioco,Sant' Antioco,IT,,AI,,
ITSCK,Sciacca,Sciacca,IT,,AA,3731N 01303E,
ITSCO,Scoglitti,Scoglitti,IT,RG,AI,3653N 01426E,
ITSDB,San Benedetto del Tronto,San Benedetto del Tronto,IT,AP,AI,4257N 01353E,
ITSEG,Senigallia,Senigallia,IT,AN,RL,4343N 01313E,
ITSFE,San Felice Circeo,San Felice Circeo,IT,,AA,4114N 01305E,
ITSFM,Santa Foca di Melendugno,Santa Foca di Melendugno,IT,,AA,4016N 01820E,
ITSID,Siderno Marina,Siderno Marina,IT,RC,RL,3816N 01618E,
ITSIG,Porto San Giorgio,Porto San Giorgio,IT,,RL,4311N 01348E,
ITSIR,Siracusa,Siracusa,IT,,AI,,
ITSLA,Santa Marina Salina,Santa Marina Salina,IT,,AI,3834N 01452E,
ITSLC,"Saline, Reggio Calabria","Saline, Reggio Calabria",IT,,AA,3757N 01542E,
ITSLL,Scilla,Scilla,IT,,RL,3815N 01543E,
ITSLV,Silvi Marina,Silvi Marina,IT,TE,AA,4234N 01405E,
ITSMA,Santa Marinella,Santa Marinella,IT,,RL,4202N 01151E,
ITSMK,Santa Maria di Castellabate,Santa Maria di Castellabate,IT,,AA,4017N 01457E,
ITSML,Santa Margherita Ligure,Santa Margherita Ligure,IT,GE,AI,,
ITSNR,Terrasini,Terrasini,IT,,AA,3809N 01305E,
ITSOO,Soverato,Soverato,IT,,AA,3841N 01633E,
ITSPA,Santa Panagia,Santa Panagia,IT,,RL,3706N 01515E,
ITSPE,La Spezia,La Spezia,IT,SP,AI,4407N 00950E,
ITSRE,San Remo,San Remo,IT,IM,AI,,
ITSRH,Scario,Scario,IT,,AA,4003N 01529E,
ITSSF,Santo Stefano al Mare,Santo Stefano al Mare,IT,IM,AA,4350N 00753E,
ITSTE,Santa Teresa di Gallura,Santa Teresa di Gallura,IT,SS,AI,4114N 00911E,
ITSTR,Stromboli,Stromboli,IT,,AI,,
ITSVC,San Vito lo Capo,San Vito lo Capo,IT,,AI,,
ITSVN,Savona,Savona,IT,SV,AI,4417N 00830E,
ITTAA,Cetara,Cetara,IT,,AA,4039N 01442E,
ITTAL,Talamone,Talamone,IT,,AI,,
ITTAO,Taormina,Taormina,IT,,RL,3751N 01517E,
ITTAR,Taranto,Taranto,IT,,AI,4029N 01714E,
ITTCC,Trebisacce,Trebisacce,IT,,AA,3952N 01632E,
ITTCS,Torre Cesarea,Torre Cesarea,IT,LE,AA,4002N 01827E,
ITTEA,Maratea,Maratea,IT,,RL,3959N 01543E,
ITTEF,Santo Stefano di Camastra,Santo Stefano di Camastra,IT,ME,RL,3801N 01421E,
ITTGR,Torregrande,Torregrande,IT,,AI,,
ITTGV,Torre Gaveta,Torre Gaveta,IT,,AA,4049N 01403E,
ITTLY,Porto San Vitale,Porto San Vitale,IT,RA,RL,4426N 01214E,
ITTMI,Termoli,Termoli,IT,,AI,,
ITTMT,Isole Tremiti,Isole Tremiti,IT,FG,AI,4207N 01529E,
ITTNI,Trani,Trani,IT,,AI,,
ITTOA,Torre Annunziata,Torre Annunziata,IT,,AI,,
ITTPS,Trapani,Trapani,IT,TP,AI,3801N 01229E,
ITTRC,Terracina,Terracina,IT,,AI,,
ITTRH,Torre Faro,Torre Faro,IT,,AA,3815N 01538E,
ITTRI,Termini Imerese,Termini Imerese,IT,PA,AI,3759N 01342E,
ITTRS,Trieste,Trieste,IT,,AI,,
ITTRU,Torre San Giovanni d'Ugento,Torre San Giovanni d'Ugento,IT,LE,AA,3955N 01809E,
ITTTN,Stintino,Stintino,IT,,AA,4056N 00813E,
ITTVC,Torviscosa,Torviscosa,IT,UD,AI,4549N 01316E,
ITUGG,Muggia,Muggia,IT,,AA,4536N 01346E,
ITULE,Zaule,Zaule,IT,TS,AA,4536N 01348E,
ITURI,Scauri,Scauri,IT,,AA,4115N 01342E,
ITUST,Ustica,Ustica,IT,,AI,,
ITVCE,Venezia,Venezia,IT,VE,AI,4526N 01220E,
ITVDA,Vada,Vada,IT,,AI,,
ITVDL,Vado Ligure,Vado Ligure,IT,SV,RL,4416N 00827E,
ITVEN,Ventimiglia,Ventimiglia,IT,IM,AI,4347N 00736E,
ITVIA,Viareggio,Viareggio,IT,,AI,,
ITVIE,Vieste,Vieste,IT,,AI,,
ITVSG,"Villa San Giovanni, Calabria","Villa San Giovanni, Calabria",IT,,AA,3813N 01538E,
ITVSO,Vasto,Vasto,IT,,AI,,
ITVT3,Villafranca Tirrena,Villafranca Tirrena,IT,ME,AA,3814N 01526E,
ITVTI,Voltri,Voltri,IT,GE,RL,4426N 00845E,
ITVTT,Ventotene,Ventotene,IT,,AI,,
ITVUL,Vulcano porto,Vulcano porto,IT,,AI,,
ITVVA,Vibo Valentia,Vibo Valentia,IT,,AI,,
ITVZN,Vernazza,Vernazza,IT,SP,AA,4408N 00941E,
ITXXX,RIS Inland waterways,RIS Inland waterways,IT,,AI,,
ITZQQ,Polignano a Mare,Polignano a Mare,IT,BA,RL,4100N 01713E,
JESAB,Saint Aubin,Saint Aubin,JE,,RL,4911N 00210W,
JESCJ,Saint Clement,Saint Clement,JE,,RL,4910N 00204W,
JESTH,Saint Hélier,Saint Helier,JE,,AF,4911N 00206W,
JMALP,Alligator Pond,Alligator Pond,JM,,QQ,,
JMBLR,Black River,Black River,JM,,QQ,,
JMBWN,Bowden,Bowden,JM,,QQ,,
JMFMH,Falmouth,Falmouth,JM,,QQ,,
JMKIN,Kingston,Kingston,JM,,AI,,
JMMBJ,Montego Bay,Montego Bay,JM,,AI,,
JMOCJ,Ocho Rios,Ocho Rios,JM,,AI,,
JMORC,Oracabessa,Oracabessa,JM,,RL,1824N 07657W,
JMPEV,Port Esquivel,Port Esquivel,JM,,QQ,,
JMPHE,Port Henderson,Port Henderson,JM,14,RL,1757N 07653W,
JMPKS,Port Kaiser,Port Kaiser,JM,,QQ,,
JMPMO,Port Morant,Port Morant,JM,,QQ,,
JMPOT,Port Antonio,Port Antonio,JM,,AI,,
JMPRH,Port Rhoades,Port Rhoades,JM,,QQ,,
JMPRO,Port Royal,Port Royal,JM,,QQ,,
JMRIB,Rio Bueno,Rio Bueno,JM,,RL,,
JMROP,Rocky Point,Rocky Point,JM,,RL,,
JMSAW,Saint Ann's Bay,Saint Ann's Bay,JM,06,RL,1826N 07712W,
JMSLM,Savanna-la-Mar,Savanna-la-Mar,JM,,RL,1813N 07808W,
JMSRI,Salt River,Salt River,JM,,QQ,,
JOAQJ,Al 'Aqabah,Al 'Aqabah,JO,AQ,AS,2932N 03500E,
JODAH,Abu Alandah,Abu Alandah,JO,AM,RL,3154N 03558E,
JPAAM,"Ama, Shimane","Ama, Shimane",JP,32,AF,,
JPABA,Abashiri,Abashiri,JP,01,AF,,
JPABO,Aboshi/Himeji,Aboshi/Himeji,JP,28,AF,,
JPABS,Abohshita,Abohshita,JP,42,AF,,
JPABT,Abuto,Abuto,JP,34,AF,,
JPABU,Aburatsu,Aburatsu,JP,45,AF,,
JPACH,Ajisu,Ajisu,JP,35,AF,,
JPADE,Ade,Ade,JP,28,AF,,
JPADO,Ado,Ado,JP,37,AF,,
JPAFG,Akitafunagawa,Akitafunagawa,JP,05,RL,3953N 13957E,
JPAGJ,Aguni,Aguni,JP,47,AI,,
JPAGN,Agenosho,Agenosho,JP,35,AF,,
JPAGR,Agonoura,Agonoura,JP,47,AF,,
JPAGS,Ageshima,Ageshima,JP,37,AF,,
JPAIA,Ainouraaoki/Naru,Ainouraaoki/Naru,JP,42,AF,,
JPAIG,Aki-gun/Hiroshima,Aki-gun/Hiroshima,JP,34,AF,3420N 13232E,
JPAII,Aio,Aio,JP,35,AF,,
JPAIK,"Aikawa, Niigata","Aikawa, Niigata",JP,15,AF,,
JPAIM,Aishima,Aishima,JP,35,AF,,
JPAIN,Ainoura/Sasebo,Ainoura/Sasebo,JP,42,AF,,
JPAIO,Aioi,Aioi,JP,28,AF,3447N 13428E,
JPAIW,"Aikawa, Nagasaki","Aikawa, Nagasaki",JP,42,AF,,
JPAIZ,"Aizu, Kumamoto","Aizu, Kumamoto",JP,43,AF,,
JPAJI,Aji,Aji,JP,37,AF,,
JPAJK,Ajigasawa,Ajigasawa,JP,02,AF,,
JPAJN,Ajino,Ajino,JP,33,AF,,
JPAJR,"Ajiro, Shizuoka","Ajiro, Shizuoka",JP,22,AF,,
JPAJX,Aja,Aja,JP,47,AF,,
JPAKA,Akashi,Akashi,JP,28,AF,,
JPAKB,Akohbaru,Akohbaru,JP,46,AF,,
JPAKD,Akadomari,Akadomari,JP,15,AF,,
JPAKE,Akkeshi,Akkeshi,JP,01,AF,,
JPAKG,Akakina,Akakina,JP,46,AF,,
JPAKH,Akehama,Akehama,JP,38,AF,,
JPAKI,Aikakita,Aikakita,JP,32,AF,,
JPAKK,"Akasaki, Kumamoto","Akasaki, Kumamoto",JP,43,AF,,
JPAKM,Akamizu,Akamizu,JP,46,AF,,
JPAKN,Akune,Akune,JP,46,AF,,
JPAKO,Akoh,Akoh,JP,28,AF,,
JPAKT,Akitsu,Akitsu,JP,34,AF,,
JPAKW,Azako,Azako,JP,46,AF,,
JPAKZ,Aika,Aika,JP,32,AF,,
JPAMA,Amagasaki,Amagasaki,JP,28,AF,,
JPAMG,Asamogawa,Asamogawa,JP,26,AF,,
JPAMI,Atami,Atami,JP,22,AF,,
JPAMJ,Amaji,Amaji,JP,39,AF,,
JPAMM,"Ama, Hyogo","Ama, Hyogo",JP,28,AF,,
JPAMR,Arimura,Arimura,JP,46,AF,,
JPAMS,Amasaki,Amasaki,JP,38,AF,,
JPAMT,Amatsuke,Amatsuke,JP,43,AF,,
JPAMU,Amura,Amura,JP,43,AF,,
JPAMX,AmagasakiNishinomiyaAshiya,AmagasakiNishinomiyaAshiya,JP,28,AF,3443N 13525E,
JPAMY,Amiya,Amiya,JP,32,AF,,
JPANA,Anan,Anan,JP,36,AF,,
JPANB,Anbo,Anbo,JP,46,AF,,
JPANE,Anegasaki,Anegasaki,JP,12,AF,,
JPANM,Anamizu,Anamizu,JP,17,AF,,
JPAOE,Aoe,Aoe,JP,35,AF,,
JPAOG,Aogashima,Aogashima,JP,13,AF,,
JPAOI,Aoki,Aoki,JP,37,AF,,
JPAOJ,Aomori,Aomori,JP,02,AF,,
JPAOK,Aokata,Aokata,JP,42,AF,,
JPAOM,Omi,Omi,JP,15,RL,3701N 13748E,
JPAON,Aonae,Aonae,JP,01,AF,,
JPAOS,Aoshima,Aoshima,JP,42,AF,,
JPAPP,Koshi,Koshi,JP,43,AF,3253N 13047E,
JPARA,Arari,Arari,JP,22,AF,,
JPARG,Amurogama,Amurogama,JP,46,AF,,
JPARI,"Ariake, Tokyo","Ariake, Tokyo",JP,13,AF,3538N 13947E,
JPARK,Arikawa,Arikawa,JP,42,AF,,
JPARO,Arao,Arao,JP,43,AF,,
JPARZ,Arouzu,Arouzu,JP,38,AF,,
JPASA,Asa,Asa,JP,35,AF,,
JPASB,Ashibe,Ashibe,JP,42,AF,,
JPASH,Ashinoura,Ashinoura,JP,42,AF,,
JPASI,Asahimachi,Asahimachi,JP,14,RL,3532N 13942E,
JPASJ,Amamioshima,Amamioshima,JP,46,AF,,
JPASK,"Akasaki, Tottori","Akasaki, Tottori",JP,31,AF,,
JPASM,Asami,Asami,JP,43,AF,,
JPASR,Ashizuri,Ashizuri,JP,39,AF,,
JPAST,Ashitoku,Ashitoku,JP,46,AF,,
JPASU,Kasuya,Kasuya,JP,40,RL,3337N 13029E,
JPASW,Asakawa,Asakawa,JP,36,AF,,
JPASZ,"Ashiya, Fukuoka","Ashiya, Fukuoka",JP,40,AF,,
JPATA,Ataka,Ataka,JP,17,RL,3625N 13625E,
JPATK,Atsuki,Atsuki,JP,35,AF,,
JPATM,Atsumi,Atsumi,JP,23,AF,,
JPATT,Atatajima,Atatajima,JP,34,AF,,
JPAUI,Asakuchi,Asakuchi,JP,33,AF,3431N 13335E,
JPAWA,Awa,Awa,JP,47,AF,,
JPAWM,Awashimanishi,Awashimanishi,JP,37,AF,,
JPAWS,Awashima,Awashima,JP,37,AF,,
JPAWZ,Awazu,Awazu,JP,36,AF,,
JPAXT,Akita,Akita,JP,05,AF,,
JPAXZ,Zushi,Zushi,JP,14,AF,3517N 13935E,
JPAYU,Ayukawa,Ayukawa,JP,04,AF,,
JPAZJ,"Ajiro, Tottori","Ajiro, Tottori",JP,31,AF,,
JPAZR,"Ajiro, Okayama","Ajiro, Okayama",JP,33,AF,,
JPAZU,Azu,Azu,JP,42,AF,,
JPBDM,Bohdomari,Bohdomari,JP,46,AF,,
JPBEP,"Beppu, Shimane","Beppu, Shimane",JP,32,AF,,
JPBFS,Beppushinko,Beppushinko,JP,44,AF,,
JPBIZ,Bizen,Bizen,JP,33,RL,3444N 13411E,
JPBKW,Shibukawa,Shibukawa,JP,10,RL,3629N 13900E,
JPBOM,Boma,Boma,JP,46,AF,,
JPBPU,"Beppu, Oita","Beppu, Oita",JP,44,AF,,
JPBYO,Byobu,Byobu,JP,37,AF,,
JPCHB,Chiba,Chiba,JP,12,AF,,
JPCHF,Chofu,Chofu,JP,35,AF,,
JPCHG,Chigasaki,Chigasaki,JP,14,RL,3519N 13924E,
JPCHH,Chichii,Chichii,JP,32,AF,,
JPCHI,China,China,JP,46,AF,,
JPCHK,Chikubushima,Chikubushima,JP,25,AF,,
JPCHO,Choshi,Choshi,JP,12,AF,,
JPCHT,"Chitose, Hiroshima","Chitose, Hiroshima",JP,34,AF,,
JPCHU,Churui,Churui,JP,01,AF,,
JPCHW,Chimu Wan,Chimu Wan,JP,,RL,2623N 12755E,
JPCIO,Chio,Chio,JP,33,AF,,
JPCJU,Chiju,Chiju,JP,43,AF,,
JPCKM,Chikumi,Chikumi,JP,32,AF,,
JPCNS,Chinase,Chinase,JP,46,AF,,
JPCTA,Chita,Chita,JP,23,AF,,
JPCYU,Chiryu,Chiryu,JP,23,AA,3500N 13703E,
JPCYZ,Chiyozaki,Chiyozaki,JP,24,AF,,
JPDAT,Date,Date,JP,01,AF,,
JPDSR,Dohshiro,Dohshiro,JP,42,AF,,
JPDTU,Daito,Daito,JP,42,AF,,
JPDZK,Dohzaki,Dohzaki,JP,42,AF,,
JPEBI,Ebito,Ebito,JP,43,AF,,
JPEGO,Ego,Ego,JP,43,AF,,
JPEGS,Eigashima,Eigashima,JP,28,AF,,
JPEII,Ei,Ei,JP,28,AF,,
JPEIS,Eishi,Eishi,JP,46,AF,,
JPEJM,Ejima,Ejima,JP,37,AF,,
JPEKZ,Enokizu,Enokizu,JP,42,AF,,
JPEMM,Erimo,Erimo,JP,01,AF,,
JPEMU,Emukae,Emukae,JP,42,AF,,
JPENA,Ena,Ena,JP,07,AF,,
JPENH,Enohama,Enohama,JP,33,AF,,
JPENN,En,En,JP,46,AF,,
JPENO,"Enoura, Shizuoka","Enoura, Shizuoka",JP,22,AF,,
JPENR,"Enoura, Kagawa","Enoura, Kagawa",JP,37,AF,,
JPESI,Esashi/Hiyama,Esashi/Hiyama,JP,01,AF,,
JPESK,Esaki,Esaki,JP,35,AF,,
JPESM,Eshima,Eshima,JP,32,AF,,
JPESS,Esashi/Soya,Esashi/Soya,JP,01,AF,,
JPETA,Etajima,Etajima,JP,34,AF,,
JPETM,Etomo,Etomo,JP,32,AF,,
JPEZA,Ezaki,Ezaki,JP,47,AF,,
JPFAE,"Fukae, Nagasaki","Fukae, Nagasaki",JP,42,AF,,
JPFCM,Fuchinomoto,Fuchinomoto,JP,42,AF,,
JPFGS,Fugusaki,Fugusaki,JP,23,AF,,
JPFGW,Futagawa,Futagawa,JP,46,AF,,
JPFHR,Furubira,Furubira,JP,01,AF,,
JPFJN,Fujino,Fujino,JP,46,AF,,
JPFKD,Fukuda,Fukuda,JP,34,AF,,
JPFKE,"Fukue, Aichi","Fukue, Aichi",JP,23,AF,,
JPFKH,"Fukae, Hiroshima","Fukae, Hiroshima",JP,34,AF,,
JPFKI,Fukai,Fukai,JP,33,AF,,
JPFKJ,Fukui,Fukui,JP,18,AF,,
JPFKK,"Fukaura, Aomori","Fukaura, Aomori",JP,02,AF,,
JPFKM,"Fukushima, Nagasaki","Fukushima, Nagasaki",JP,42,AF,3321N 12948E,
JPFKR,"Fukaura, Ehime","Fukaura, Ehime",JP,38,AF,,
JPFKU,"Fukushima, Hokkaido","Fukushima, Hokkaido",JP,01,AF,4128N 14015E,
JPFKY,"Fukuyama, Hiroshima","Fukuyama, Hiroshima",JP,34,AF,,
JPFMD,Futamado,Futamado,JP,43,AF,,
JPFMS,"Fukushima, Miyazaki","Fukushima, Miyazaki",JP,45,AF,3128N 13113E,
JPFMT,"Futamata, Kagoshima","Futamata, Kagoshima",JP,46,AF,,
JPFNA,Funaya,Funaya,JP,38,AF,,
JPFNB,Funabashi,Funabashi,JP,12,AF,,
JPFND,Funadomari,Funadomari,JP,01,AF,,
JPFNK,Funagawa,Funagawa,JP,05,AF,,
JPFNR,Funaura,Funaura,JP,47,AF,,
JPFNS,Funakoshi,Funakoshi,JP,38,AF,,
JPFNU,Funauki,Funauki,JP,47,AF,,
JPFNZ,Funazu,Funazu,JP,32,AF,,
JPFRA,"Fukura, Hyogo","Fukura, Hyogo",JP,28,AF,,
JPFRE,"Furue, Nagasaki","Furue, Nagasaki",JP,42,AF,,
JPFRI,Fukari,Fukari,JP,42,AF,,
JPFRJ,"Fukuura, Ishikawa","Fukuura, Ishikawa",JP,17,AF,,
JPFRK,Furuike,Furuike,JP,28,AF,,
JPFRM,"Furue, Miyazaki","Furue, Miyazaki",JP,45,AF,,
JPFRS,"Furusato, Nagasaki","Furusato, Nagasaki",JP,42,AF,,
JPFRU,"Furue, Kagoshima","Furue, Kagoshima",JP,46,AF,,
JPFRX,"Furue, Ehime","Furue, Ehime",JP,38,AF,,
JPFSH,Funakakushi,Funakakushi,JP,37,AF,,
JPFSK,Fushiki,Fushiki,JP,16,AF,,
JPFST,"Furusato, Kagoshima","Furusato, Kagoshima",JP,46,AF,2722N 12838E,
JPFTE,Futae,Futae,JP,43,AF,,
JPFTG,Futago,Futago,JP,32,AF,,
JPFTM,Futenma,Futenma,JP,47,AF,,
JPFTS,"Futtsu, Chiba","Futtsu, Chiba",JP,12,RL,3535N 13983E,
JPFTT,"Futamata, Shimane","Futamata, Shimane",JP,32,AF,,
JPFTX,Fushikitoyama,Fushikitoyama,JP,16,RL,3648N 13707E,
JPFUA,"Fukuura, Kumamoto","Fukuura, Kumamoto",JP,43,AF,,
JPFUE,Fuke,Fuke,JP,27,AF,,
JPFUJ,"Fukue, Nagasaki","Fukue, Nagasaki",JP,42,AI,,
JPFUM,Fukami,Fukami,JP,43,AF,,
JPFUO,Fukuro,Fukuro,JP,30,AF,,
JPFUR,"Fukuura, Ehime","Fukuura, Ehime",JP,38,AF,,
JPFUU,"Fukura, Kagoshima","Fukura, Kagoshima",JP,46,AF,,
JPFUW,Fukawa,Fukawa,JP,35,AF,,
JPFYM,"Fukuyama, Kagoshima","Fukuyama, Kagoshima",JP,46,AF,,
JPGAM,Gamagori,Gamagori,JP,23,AF,,
JPGKA,Gushikawa,Gushikawa,JP,47,RL,2621N 12752E,
JPGKB,Gohnokubi,Gohnokubi,JP,42,AF,,
JPGKN,Gokan,Gokan,JP,33,AF,,
JPGKS,Gokasho,Gokasho,JP,24,AF,,
JPGNG,Gunge,Gunge,JP,28,AF,,
JPGNW,Ginowan,Ginowan,JP,47,AF,,
JPGOI,Goi/Ichihara,Goi/Ichihara,JP,12,AF,,
JPGON,Gonoura,Gonoura,JP,42,AF,,
JPGOO,Gobo Wakayama,Gobo Wakayama,JP,30,AF,3353N 13509E,
JPGOT,Gohtsu,Gohtsu,JP,32,AF,,
JPGPT,Gendentokai,Gendentokai,JP,08,AF,,
JPGTK,Kitanagoya,Kitanagoya,JP,23,AA,3514N 13651E,
JPGTO,Goto,Goto,JP,42,RL,3241N 12850E,
JPHAA,Hami,Hami,JP,46,AF,,
JPHAB,"Habu, Hiroshima","Habu, Hiroshima",JP,34,AF,,
JPHAD,Heda,Heda,JP,22,AF,,
JPHAE,Haenohama,Haenohama,JP,46,AF,,
JPHAG,Hagi,Hagi,JP,35,AF,,
JPHAH,Hashima,Hashima,JP,35,AF,,
JPHAI,Haiki,Haiki,JP,42,AF,,
JPHAM,Hamasarufutsu,Hamasarufutsu,JP,01,AF,,
JPHAN,Hannan,Hannan,JP,27,AF,,
JPHAR,Hara,Hara,JP,42,AF,,
JPHAS,Hashihama,Hashihama,JP,38,AF,,
JPHAU,"Habu, Tokyo","Habu, Tokyo",JP,13,AF,,
JPHBB,"Habu, Yamaguchi","Habu, Yamaguchi",JP,35,AF,,
JPHBK,Hibikishinko,Hibikishinko,JP,40,RL,3359N 13045E,
JPHBO,Haboro,Haboro,JP,01,AF,,
JPHBR,Hiburi,Hiburi,JP,38,AF,,
JPHDA,Handa,Handa,JP,23,AF,,
JPHDK,Hidaka,Hidaka,JP,30,AF,,
JPHDO,Himedo,Himedo,JP,43,AF,,
JPHEA,Hiketa,Hiketa,JP,37,AF,,
JPHED,Hetono,Hetono,JP,46,AF,,
JPHEI,Henza,Henza,JP,47,AF,,
JPHES,Hesaki,Hesaki,JP,40,AF,,
JPHET,Heta,Heta,JP,46,AF,,
JPHGH,Higashihazu,Higashihazu,JP,23,AF,,
JPHGN,Higashisonogi-Gun Cho,Higashisonogi-Gun Cho,JP,42,RL,3202N 12955E,
JPHGO,Hachigo,Hachigo,JP,46,AF,,
JPHGS,Ohshima/Hagi,Ohshima/Hagi,JP,35,AF,,
JPHGU,Hirugaura,Hirugaura,JP,42,AF,,
JPHHE,Hachinohe,Hachinohe,JP,02,AF,,
JPHHH,Higashinohama,Higashinohama,JP,46,AF,,
JPHHM,Hohomi,Hohomi,JP,32,AF,,
JPHHR,Higashiharima,Higashiharima,JP,28,AF,,
JPHIA,Hiagari/Kitakiushu,Hiagari/Kitakiushu,JP,40,AF,,
JPHIB,Hibi,Hibi,JP,33,AF,,
JPHIC,Hitachinaka,Hitachinaka,JP,08,AF,,
JPHIE,Hikone,Hikone,JP,25,AF,,
JPHIG,Higashishioya,Higashishioya,JP,46,AF,,
JPHII,Hirasaki,Hirasaki,JP,46,AF,,
JPHIJ,Hiroshima,Hiroshima,JP,34,AF,,
JPHIK,Hiki,Hiki,JP,30,AF,,
JPHIM,Himeji,Himeji,JP,28,AF,,
JPHIN,Hinase,Hinase,JP,33,AF,,
JPHIO,Higashi-Ogishima,Higashi-Ogishima,JP,14,AF,,
JPHIR,Hiroo,Hiroo,JP,01,AF,,
JPHIS,Hikoshima,Hikoshima,JP,35,AF,,
JPHIU,Hiratsuka,Hiratsuka,JP,14,RL,3519N 13921E,
JPHIZ,Hizenohshima,Hizenohshima,JP,42,AF,,
JPHJA,Honjima,Honjima,JP,37,AF,,
JPHJI,Hiji,Hiji,JP,44,AF,,
JPHJM,Hamajima,Hamajima,JP,24,AF,,
JPHJO,Hojo,Hojo,JP,38,AF,,
JPHJR,Hamajiri,Hamajiri,JP,46,AF,,
JPHJT,"Hirota, Kagoshima","Hirota, Kagoshima",JP,46,AF,,
JPHKD,Hakodate,Hakodate,JP,01,AF,,
JPHKJ,Hamasaka,Hamasaka,JP,28,AF,,
JPHKK,Hyakkan,Hyakkan,JP,43,AF,,
JPHKM,Honkushima,Honkushima,JP,38,AF,,
JPHKN,Hekinan,Hekinan,JP,23,AF,,
JPHKR,Hikari,Hikari,JP,35,AF,,
JPHKS,Hakatashima,Hakatashima,JP,38,AF,,
JPHKT,Hakata/Fukuoka,Hakata/Fukuoka,JP,40,AF,3336N 13025E,
JPHKU,Hakoura,Hakoura,JP,37,AF,,
JPHKW,Hamakanaya,Hamakanaya,JP,12,AF,,
JPHKZ,Hikozaki,Hikozaki,JP,33,AF,,
JPHMA,Hishima,Hishima,JP,35,AF,,
JPHMC,Hamochi,Hamochi,JP,15,AF,,
JPHMD,Hamada,Hamada,JP,32,AF,,
JPHMG,Hamaguri,Hamaguri,JP,38,AF,,
JPHMH,Himeshima,Himeshima,JP,44,AF,,
JPHMI,Hatami,Hatami,JP,34,AF,,
JPHMJ,Himi,Himi,JP,16,AF,,
JPHMK,Himekawa,Himekawa,JP,15,AF,,
JPHMM,Hamamatsu,Hamamatsu,JP,22,AF,,
JPHMN,Hamana,Hamana,JP,22,AF,,
JPHMR,Hamura,Hamura,JP,13,RL,3546N 13918E,
JPHMS,Himosashi,Himosashi,JP,42,AF,,
JPHMT,Hikimoto,Hikimoto,JP,24,AF,,
JPHMW,Hamawaki,Hamawaki,JP,42,AF,,
JPHMX,Hamasaki,Hamasaki,JP,47,AF,,
JPHNE,Hane,Hane,JP,44,AF,,
JPHNG,Hinagu,Hinagu,JP,43,AF,,
JPHNJ,"Honjo, Kyoto","Honjo, Kyoto",JP,26,AF,,
JPHNK,Hanasaki,Hanasaki,JP,01,AF,,
JPHNN,Honmoku,Honmoku,JP,14,AF,,
JPHNR,Himenoura,Himenoura,JP,32,AF,,
JPHNS,Hinoshima,Hinoshima,JP,43,AF,,
JPHNY,Hanyu,Hanyu,JP,32,AF,,
JPHNZ,Hinozu,Hinozu,JP,32,AF,,
JPHOD,Hondo,Hondo,JP,43,AF,,
JPHOF,Hofu,Hofu,JP,35,QQ,3402N 13134E,
JPHON,"Honjo, Akita","Honjo, Akita",JP,05,AF,,
JPHOS,"Hoshika, Saga","Hoshika, Saga",JP,41,AF,,
JPHOT,Hotokegaura,Hotokegaura,JP,02,AF,,
JPHPP,Hoppozaki,Hoppozaki,JP,46,AF,,
JPHRA,Hirao,Hirao,JP,35,AF,,
JPHRD,Hirado,Hirado,JP,42,AF,,
JPHRE,Horie,Horie,JP,38,AF,,
JPHRH,Hirohata,Hirohata,JP,28,AF,,
JPHRI,Horikappu,Horikappu,JP,01,AF,,
JPHRJ,Hirai,Hirai,JP,35,AF,,
JPHRK,Hirakata,Hirakata,JP,08,AF,,
JPHRM,Haramachi,Haramachi,JP,07,AF,,
JPHRO,Hiro,Hiro,JP,34,AF,,
JPHRR,Hirara,Hirara,JP,47,AF,,
JPHRS,Hirase,Hirase,JP,43,AF,,
JPHRU,Hiroura,Hiroura,JP,42,AF,,
JPHRW,Hiraiwa,Hiraiwa,JP,45,AF,,
JPHSG,Saga,Saga,JP,,RL,3305N 13306E,
JPHSH,Hashi,Hashi,JP,32,AF,,
JPHSI,"Hoshika, Nagasaki","Hoshika, Nagasaki",JP,42,AF,,
JPHSK,Hamasako,Hamasako,JP,42,AF,,
JPHSM,Hososhima,Hososhima,JP,45,AF,,
JPHSN,Hisanohama,Hisanohama,JP,07,AF,,
JPHSR,Hashirajima,Hashirajima,JP,35,AF,,
JPHSS,Hase,Hase,JP,46,AF,,
JPHSU,Hamasuki,Hamasuki,JP,46,AF,,
JPHSW,Hirasawa,Hirasawa,JP,05,AF,,
JPHTA,"Hirota, Iwate","Hirota, Iwate",JP,03,AF,,
JPHTC,Hitachi,Hitachi,JP,08,AF,,
JPHTK,Hitakatsu,Hitakatsu,JP,42,AF,,
JPHTM,"Futami, Tokyo","Futami, Tokyo",JP,13,AF,,
JPHTO,Hatoma,Hatoma,JP,47,AF,2428N 12346E,
JPHTS,Hitsushima,Hitsushima,JP,35,AF,,
JPHTT,Hata,Hata,JP,33,AF,,
JPHUD,Hoda,Hoda,JP,32,AF,,
JPHUR,Hannoura,Hannoura,JP,17,AF,,
JPHUT,"Futami, Niigata","Futami, Niigata",JP,15,AF,,
JPHWA,Hamatsuwaki,Hamatsuwaki,JP,46,AF,,
JPHWS,Hiwasa,Hiwasa,JP,36,AF,,
JPHYG,Hyugadomari,Hyugadomari,JP,44,AF,,
JPHYK,Hayakawa,Hayakawa,JP,38,AF,,
JPHYM,Hayama,Hayama,JP,14,AF,,
JPHYR,Hyakunoura,Hyakunoura,JP,38,AF,,
JPHYS,Hisayoshi,Hisayoshi,JP,38,AF,,
JPHYT,Hayato,Hayato,JP,46,AF,,
JPIBR,Iburi,Iburi,JP,39,AF,,
JPIBS,Ibusuki,Ibusuki,JP,46,AF,,
JPICD,Icchoda,Icchoda,JP,43,AF,,
JPICH,Ichihara,Ichihara,JP,12,AF,,
JPICK,Ichikawa,Ichikawa,JP,12,AF,,
JPICO,Ichikikushikino,Ichikikushikino,JP,46,RL,3143N 13016E,
JPICW,Ishikariwan Shinko,Ishikariwan Shinko,JP,,RL,4321N 14130E,
JPIDA,Iida,Iida,JP,17,AF,,
JPIDJ,Indohji,Indohji,JP,42,AF,,
JPIDM,Iwayadomari,Iwayadomari,JP,46,AF,,
JPIEJ,Iejima/Okinawa,Iejima/Okinawa,JP,47,AF,,
JPIER,Ieura,Ieura,JP,37,AF,,
JPIES,"Ieshima, Hyogo","Ieshima, Hyogo",JP,28,AF,,
JPIGO,Igo,Igo,JP,32,AF,,
JPIGR,Imagire,Imagire,JP,36,AF,,
JPIHA,Niihama,Niihama,JP,38,AF,,
JPIHO,Ihota,Ihota,JP,35,AF,,
JPIIB,Iibi,Iibi,JP,32,AF,,
JPIII,Ii,Ii,JP,35,AF,,
JPIIN,Nishinoomote,Nishinoomote,JP,46,AF,,
JPIKA,"Ikeda, Kagawa","Ikeda, Kagawa",JP,37,AF,,
JPIKC,Ikuchi,Ikuchi,JP,34,AF,,
JPIKD,"Ikeda, Wakayama","Ikeda, Wakayama",JP,30,AF,,
JPIKE,Ikeshima,Ikeshima,JP,42,AF,,
JPIKJ,Isshiki,Isshiki,JP,23,AF,,
JPIKK,Ikitsuki,Ikitsuki,JP,42,AF,3323N 12926E,
JPIKN,Ikina,Ikina,JP,38,AF,,
JPIKR,Ikara,Ikara,JP,46,AF,,
JPIKT,Ikata,Ikata,JP,38,AF,,
JPIKU,Ikunohama,Ikunohama,JP,37,AF,,
JPIKW,Ishikawa,Ishikawa,JP,47,RL,2625N 12749E,
JPIMA,Imafuku,Imafuku,JP,42,AF,,
JPIMB,Imabari,Imabari,JP,38,AF,,
JPIMI,Imari,Imari,JP,41,AF,,
JPIMM,Imi,Imi,JP,44,AF,,
JPIMT,Imazato,Imazato,JP,42,AF,,
JPIMZ,Imazu,Imazu,JP,38,AF,,
JPINA,Ina,Ina,JP,42,AF,,
JPIND,Inonada,Inonada,JP,32,AF,,
JPINE,Ine,Ine,JP,26,AF,,
JPING,Inugaura,Inugaura,JP,42,AF,,
JPINK,"Inokushi, Oita","Inokushi, Oita",JP,44,AF,,
JPINO,Inobe,Inobe,JP,46,AF,,
JPINR,Inatori,Inatori,JP,22,AF,,
JPINS,Innoshima,Innoshima,JP,34,AF,,
JPINT,Iinoseto,Iinoseto,JP,42,AF,,
JPINZ,Inujima,Inujima,JP,33,AF,,
JPIOU,"Iwojima, Kagoshima","Iwojima, Kagoshima",JP,46,AF,,
JPIRK,Irago,Irago,JP,23,AF,,
JPISA,Issai,Issai,JP,39,AF,,
JPISB,Ishiba,Ishiba,JP,37,AF,,
JPISC,Ishiwaki,Ishiwaki,JP,31,AF,,
JPISD,Ishida,Ishida,JP,42,AF,,
JPISE,Ise,Ise,JP,24,AF,,
JPISG,Ishigaki,Ishigaki,JP,47,AF,2420N 12409E,
JPISH,Ishima,Ishima,JP,33,AF,,
JPISI,Ishikari,Ishikari,JP,01,AF,,
JPISK,Iseki,Iseki,JP,46,AF,,
JPISM,Ishinomaki,Ishinomaki,JP,04,AF,,
JPISU,Isuwan,Isuwan,JP,46,AF,,
JPISX,Isozaki,Isozaki,JP,08,AF,,
JPISY,Isahaya,Isahaya,JP,42,AF,,
JPITJ,"Itoh, Shizuoka","Itoh, Shizuoka",JP,22,AF,,
JPITK,Itako,Itako,JP,08,AF,,
JPITO,Itozaki,Itozaki,JP,34,AF,,
JPITS,Itsukushima,Itsukushima,JP,34,AF,,
JPITU,"Itoh, Shimane","Itoh, Shimane",JP,32,AF,,
JPIUH,"Inokuchi, Ehime","Inokuchi, Ehime",JP,38,AF,,
JPIWA,Iwamatsu,Iwamatsu,JP,38,AF,,
JPIWG,"Iwagi,Ehime","Iwagi,Ehime",JP,38,AF,,
JPIWH,Iwafune,Iwafune,JP,15,AF,,
JPIWI,Iwaki,Iwaki,JP,07,AF,,
JPIWK,Iwakuni,Iwakuni,JP,35,AF,,
JPIWN,Iwanai,Iwanai,JP,01,AF,,
JPIWT,"Iwojima, Nagasaki","Iwojima, Nagasaki",JP,42,AF,,
JPIWY,Iwaya,Iwaya,JP,28,AF,,
JPIYA,Iya,Iya,JP,32,AF,,
JPIYM,Iyomishima,Iyomishima,JP,38,AF,,
JPIYO,Iyo,Iyo,JP,38,AF,,
JPIZH,Izuhara,Izuhara,JP,42,AF,,
JPIZI,"Izumi, Nagasaki","Izumi, Nagasaki",JP,42,AF,,
JPIZM,"Izumi, Aichi","Izumi, Aichi",JP,23,AF,,
JPIZO,Izumo,Izumo,JP,32,AF,,
JPIZS,Izumisano,Izumisano,JP,27,AF,,
JPIZU,Izuka,Izuka,JP,37,AF,,
JPIZW,Inazawa,Inazawa,JP,23,RL,3515N 13647E,
JPJKT,Kotoura,Kotoura,JP,33,AF,,
JPJKW,Jokawauchi,Jokawauchi,JP,46,AF,,
JPJON,Jonoshita,Jonoshita,JP,42,AF,,
JPJTS,Joetsu,Joetsu,JP,15,RL,3709N 13814E,
JPKAA,Kada,Kada,JP,30,AF,,
JPKAB,Kabanoki,Kabanoki,JP,43,AF,,
JPKAC,Kasaura,Kasaura,JP,32,AF,,
JPKAD,Kaita,Kaita,JP,34,AF,,
JPKAE,Kashimae,Kashimae,JP,42,AF,,
JPKAF,Kafuri,Kafuri,JP,40,AF,,
JPKAG,Kawarago,Kawarago,JP,08,AF,,
JPKAH,Kamihira,Kamihira,JP,43,AF,,
JPKAI,Kainan,Kainan,JP,30,AF,,
JPKAJ,"Kama, Shimane","Kama, Shimane",JP,32,AF,,
JPKAM,Kametoku,Kametoku,JP,46,AF,,
JPKAN,Karuno,Karuno,JP,08,AF,,
JPKAO,Kashino,Kashino,JP,33,AF,,
JPKAR,Karatsu,Karatsu,JP,41,AF,,
JPKAT,"Katsuura, Wakayama","Katsuura, Wakayama",JP,30,AF,,
JPKAU,Kasumigaura,Kasumigaura,JP,08,RL,3602N 14013E,
JPKAW,Kawauchi,Kawauchi,JP,02,AF,,
JPKAX,Komoe,Komoe,JP,28,AF,,
JPKAZ,Kaizaki,Kaizaki,JP,32,AF,,
JPKBA,Katasoba,Katasoba,JP,46,AF,,
JPKBI,Kobui,Kobui,JP,01,AF,,
JPKBK,Kafuka,Kafuka,JP,01,AF,,
JPKBM,Kabashima,Kabashima,JP,42,AF,,
JPKBR,Kubura,Kubura,JP,47,AF,,
JPKBS,Kobishima,Kobishima,JP,33,AF,,
JPKBT,Kobato,Kobato,JP,42,AF,,
JPKBU,Kubuki,Kubuki,JP,42,AF,,
JPKCF,Kuchinofukuura,Kuchinofukuura,JP,46,AF,,
JPKCH,"Kawachi, Kumamoto","Kawachi, Kumamoto",JP,43,AF,,
JPKCZ,Kochi,Kochi,JP,39,AF,,
JPKDA,Kishiwada,Kishiwada,JP,27,AF,,
JPKDI,Kodai,Kodai,JP,42,AF,,
JPKDJ,Kasedo,Kasedo,JP,46,AF,,
JPKDK,Kodakashima,Kodakashima,JP,44,AF,,
JPKDM,"Kodomari, Kumamoto","Kodomari, Kumamoto",JP,43,AF,,
JPKDO,Kadokura,Kadokura,JP,46,AF,,
JPKDR,Katadomari,Katadomari,JP,46,AF,,
JPKDW,Kadokawa,Kadokawa,JP,45,AF,,
JPKDX,Kita/Minamidaito,Kita/Minamidaito,JP,47,AF,,
JPKEB,Kebuki,Kebuki,JP,42,AF,,
JPKEC,Kechi,Kechi,JP,42,AF,,
JPKEE,Kameike,Kameike,JP,47,AF,,
JPKEG,Kegoya,Kegoya,JP,34,AF,,
JPKEJ,Keraji,Keraji,JP,46,AF,,
JPKEM,Keruma,Keruma,JP,47,AF,,
JPKER,Kakeroma,Kakeroma,JP,46,AF,,
JPKFU,Kohtsufukae,Kohtsufukae,JP,43,AF,,
JPKGA,Kakogawa,Kakogawa,JP,28,AF,,
JPKGB,Kuka,Kuka,JP,35,AF,,
JPKGC,Koguchi,Koguchi,JP,42,AF,,
JPKGE,Kumage,Kumage,JP,44,AF,,
JPKGJ,Kigasajima,Kigasajima,JP,37,AF,,
JPKGM,Kagami,Kagami,JP,43,AF,,
JPKGO,Kumago,Kumago,JP,38,AF,,
JPKGR,Kamagari,Kamagari,JP,34,AF,,
JPKGS,"Kogushi, Yamaguchi","Kogushi, Yamaguchi",JP,35,AF,,
JPKGT,Kaigata,Kaigata,JP,46,AF,,
JPKGU,Kanegusuku,Kanegusuku,JP,47,AF,,
JPKHJ,Kurimamaehama,Kurimamaehama,JP,47,AF,,
JPKHM,"Ohama, Kagoshima","Ohama, Kagoshima",JP,46,AF,,
JPKHR,Kihara,Kihara,JP,34,AF,,
JPKHS,Kurahashi,Kurahashi,JP,34,AF,,
JPKIA,Kiami,Kiami,JP,32,AF,,
JPKIB,Kibe,Kibe,JP,44,AF,,
JPKII,Kiire,Kiire,JP,46,AF,,
JPKIJ,Niigata,Niigata,JP,15,AF,,
JPKIK,Kikuma,Kikuma,JP,38,AF,,
JPKIM,Kineshima,Kineshima,JP,37,AF,,
JPKIN,Kinwan,Kinwan,JP,47,AF,,
JPKIR,"Kitaura, Ehime","Kitaura, Ehime",JP,38,AF,,
JPKIS,Kamaishi,Kamaishi,JP,03,AF,,
JPKIT,"Kitaura, Miyazaki","Kitaura, Miyazaki",JP,45,AF,,
JPKIW,Kisawa,Kisawa,JP,37,AF,,
JPKJA,Kohjima,Kohjima,JP,33,AF,,
JPKJD,Kudadon,Kudadon,JP,46,AF,,
JPKJG,"Kaga, Shimane","Kaga, Shimane",JP,32,AF,,
JPKJI,"Kuji, Iwate","Kuji, Iwate",JP,03,AF,,
JPKJJ,Koshima,Koshima,JP,46,AF,,
JPKJK,Kajiki,Kajiki,JP,46,AF,,
JPKJM,"Kameura, Kumamoto","Kameura, Kumamoto",JP,43,AF,,
JPKJN,Kannonji,Kannonji,JP,37,AF,,
JPKJO,Kinjo,Kinjo,JP,23,AF,,
JPKJR,Kiriishi,Kiriishi,JP,46,AF,,
JPKJT,"Kitaura, Akita","Kitaura, Akita",JP,05,AF,,
JPKJU,"Koura, Kagoshima","Koura, Kagoshima",JP,46,AF,,
JPKKA,Karakuma,Karakuma,JP,46,AF,,
JPKKB,Kokubo,Kokubo,JP,38,AF,,
JPKKE,Komukae,Komukae,JP,42,AF,,
JPKKJ,Kitakyushu,Kitakyushu,JP,40,AF,3350N 13050E,
JPKKK,Kushiku,Kushiku,JP,44,AF,,
JPKKL,Kohzaki,Kohzaki,JP,42,AF,,
JPKKM,Katakami,Katakami,JP,33,AF,,
JPKKO,Komenotsu,Komenotsu,JP,46,AF,,
JPKKR,Kouri,Kouri,JP,47,AF,,
JPKKT,Kamikatetsu,Kamikatetsu,JP,46,AF,,
JPKKU,"Kuji, Kagoshima","Kuji, Kagoshima",JP,46,AF,,
JPKKW,Kanokawa,Kanokawa,JP,34,AF,,
JPKKX,Kikaishima,Kikaishima,JP,46,AF,2819N 12959E,
JPKKZ,Kashikojima,Kashikojima,JP,24,AF,,
JPKMD,Komoda,Komoda,JP,42,AF,,
JPKME,Kamae,Kamae,JP,44,AF,,
JPKMF,Kaminofuruta,Kaminofuruta,JP,46,AF,,
JPKMH,Kumihama,Kumihama,JP,26,AF,,
JPKMI,"Miyazaki, Miyazaki","Miyazaki, Miyazaki",JP,45,AF,,
JPKMJ,Kumamoto,Kumamoto,JP,43,AF,,
JPKMK,Kaminokae,Kaminokae,JP,39,AF,,
JPKMM,Kaminato,Kaminato,JP,13,AF,,
JPKMN,Kominato,Kominato,JP,02,AF,,
JPKMO,Kamo,Kamo,JP,06,AF,,
JPKMR,"Kameura, Tokushima","Kameura, Tokushima",JP,36,AF,,
JPKMS,Kumeshima,Kumeshima,JP,47,AF,,
JPKMT,Kimitsu,Kimitsu,JP,12,AF,,
JPKMU,Kamiura,Kamiura,JP,38,AF,,
JPKMW,Kamikawaguchi,Kamikawaguchi,JP,39,AF,,
JPKMX,"Komatsu, Yamaguchi","Komatsu, Yamaguchi",JP,35,AF,,
JPKMY,Kamiyakunagata,Kamiyakunagata,JP,46,AF,,
JPKNA,Kuwana,Kuwana,JP,24,AF,,
JPKNB,Konbukariishi,Konbukariishi,JP,01,AF,,
JPKND,"Kanda, Fukuoka","Kanda, Fukuoka",JP,40,AF,,
JPKNE,Kinoe,Kinoe,JP,34,AF,,
JPKNG,Kuniga,Kuniga,JP,32,AF,,
JPKNH,Kunehama,Kunehama,JP,42,AF,,
JPKNI,Konagai,Konagai,JP,42,AF,,
JPKNJ,Kisane,Kisane,JP,32,AF,,
JPKNK,Kinkasan,Kinkasan,JP,04,AF,,
JPKNM,Kanmon,Kanmon,JP,40,RL,3354N 13055E,
JPKNN,Kin,Kin,JP,42,AF,,
JPKNO,Konoura,Konoura,JP,05,AF,,
JPKNR,Kohnoura,Kohnoura,JP,42,AF,,
JPKNS,Kunisaki,Kunisaki,JP,44,AF,,
JPKNT,Kinomoto,Kinomoto,JP,24,AF,,
JPKNU,Kinuura,Kinuura,JP,23,AF,,
JPKNX,KinNakagusuku,KinNakagusuku,JP,47,AF,,
JPKNY,Koniya,Koniya,JP,46,AF,,
JPKNZ,Kanazawa,Kanazawa,JP,17,AF,,
JPKOB,Koza,Koza,JP,30,AF,,
JPKOD,"Kodomari, Aomori","Kodomari, Aomori",JP,02,AF,,
JPKOF,Konan,Konan,JP,07,AF,,
JPKOG,"Kogushi, Okayama","Kogushi, Okayama",JP,33,AF,,
JPKOH,Kohama,Kohama,JP,47,AF,2420N 12359E,
JPKOI,Koike/Uwajima,Koike/Uwajima,JP,38,AF,,
JPKOJ,Kagoshima,Kagoshima,JP,46,AF,,
JPKOK,Kokura,Kokura,JP,40,AF,3348N 13053E,
JPKOM,Komatsushima,Komatsushima,JP,36,AF,,
JPKON,Konoshima,Konoshima,JP,33,AF,,
JPKOO,Kohmen,Kohmen,JP,46,AF,,
JPKOR,"Koura, Kagawa","Koura, Kagawa",JP,37,AF,,
JPKOS,Kose,Kose,JP,37,AF,,
JPKOU,Kohzujima,Kohzujima,JP,13,AF,,
JPKOX,Kaminoseki,Kaminoseki,JP,35,AF,,
JPKOY,Koyoh/Etajima,Koyoh/Etajima,JP,34,AF,,
JPKOZ,Kozuna,Kozuna,JP,42,AF,,
JPKRA,Kannoura,Kannoura,JP,39,AF,,
JPKRB,Karubi,Karubi,JP,32,AF,,
JPKRC,Kuramai,Kuramai,JP,23,AF,,
JPKRD,Kuroda,Kuroda,JP,32,AF,,
JPKRE,"Kure, Hiroshima","Kure, Hiroshima",JP,34,AF,,
JPKRH,Kurihama,Kurihama,JP,14,AF,,
JPKRI,Kurio,Kurio,JP,46,AF,,
JPKRJ,"Kuroshima, Okinawa","Kuroshima, Okinawa",JP,47,AF,,
JPKRK,Karakizaki,Karakizaki,JP,43,AF,,
JPKRM,Kurokami,Kurokami,JP,46,AF,,
JPKRN,Kuranotani,Kuranotani,JP,32,AF,,
JPKRR,Kujiragaura,Kujiragaura,JP,42,AF,,
JPKRS,Kurushima,Kurushima,JP,38,AF,,
JPKRT,Kiritappu,Kiritappu,JP,01,AF,,
JPKRU,Kurii,Kurii,JP,32,AF,,
JPKRX,Kuroi,Kuroi,JP,45,AF,,
JPKRY,"Kariya, Saga","Kariya, Saga",JP,41,AF,,
JPKSA,Kasaoka,Kasaoka,JP,33,AF,,
JPKSB,Kusubo,Kusubo,JP,42,AF,,
JPKSC,"Kashima, Saga","Kashima, Saga",JP,41,AF,,
JPKSD,Kasado,Kasado,JP,35,AF,,
JPKSE,Kamoise,Kamoise,JP,42,AF,,
JPKSF,Kitsuki,Kitsuki,JP,44,AF,3325N 13137E,
JPKSH,Kishiku,Kishiku,JP,42,AF,,
JPKSK,Kurosaki,Kurosaki,JP,40,AF,,
JPKSM,"Kashima, Ibaraki","Kashima, Ibaraki",JP,08,AF,,
JPKSN,Kesennuma,Kesennuma,JP,04,AF,,
JPKSR,Kishira,Kishira,JP,46,AF,,
JPKSS,"Kasasa, Kagoshima","Kasasa, Kagoshima",JP,46,AF,,
JPKST,Kisakata,Kisakata,JP,05,AF,,
JPKSU,Katsumoto,Katsumoto,JP,42,AF,,
JPKSW,"Kashiwa, Ehime","Kashiwa, Ehime",JP,38,AF,,
JPKSX,Kosuki,Kosuki,JP,46,AF,,
JPKSY,"Kasasa, Yamaguchi","Kasasa, Yamaguchi",JP,35,AF,,
JPKTA,Kitanada,Kitanada,JP,38,AF,,
JPKTG,Kutsugata,Kutsugata,JP,01,AF,,
JPKTJ,Kotakarajima,Kotakarajima,JP,46,AF,,
JPKTK,Kataku,Kataku,JP,44,AF,,
JPKTL,Kitakijima,Kitakijima,JP,33,AF,,
JPKTM,Karatomari,Karatomari,JP,40,AF,,
JPKTN,Kitakami,Kitakami,JP,03,RL,3917N 14107E,
JPKTO,Kottoi,Kottoi,JP,35,AF,,
JPKTR,"Kitaura, Kagawa","Kitaura, Kagawa",JP,37,AF,,
JPKTS,Katashima,Katashima,JP,39,AF,,
JPKTU,Kohtsuura,Kohtsuura,JP,43,AF,,
JPKTX,Kita/Kitadaito,Kita/Kitadaito,JP,47,AF,,
JPKTZ,Kata,Kata,JP,24,AF,,
JPKUC,Kuchinotsu,Kuchinotsu,JP,42,AF,,
JPKUD,Kudamatsu,Kudamatsu,JP,35,AF,,
JPKUE,"Kure, Kochi","Kure, Kochi",JP,39,AF,,
JPKUF,Kofu,Kofu,JP,19,RL,,
JPKUG,Kugui,Kugui,JP,33,AF,,
JPKUH,Kushiro,Kushiro,JP,01,AF,,
JPKUR,"Katsuura, Chiba","Katsuura, Chiba",JP,12,AF,,
JPKUT,Kute,Kute,JP,32,AF,,
JPKUU,Kumanoe,Kumanoe,JP,45,AF,,
JPKUW,Kuwanoura,Kuwanoura,JP,46,AF,,
JPKUX,Kuronohama,Kuronohama,JP,46,AF,,
JPKUZ,Kuzu,Kuzu,JP,37,AF,,
JPKWA,Kawanazu,Kawanazu,JP,38,AF,,
JPKWC,"Kawachi, Nagasaki","Kawachi, Nagasaki",JP,42,AF,,
JPKWI,Kawanoishi,Kawanoishi,JP,38,AF,,
JPKWJ,"Kawajiri, Hiroshima","Kawajiri, Hiroshima",JP,34,AF,,
JPKWM,Kawashimo,Kawashimo,JP,32,AF,,
JPKWN,Kawanoe,Kawanoe,JP,38,AF,,
JPKWR,"Kawajiri, Ibaraki","Kawajiri, Ibaraki",JP,08,AF,,
JPKWS,Kawasaki,Kawasaki,JP,14,AF,,
JPKWT,Kawatana,Kawatana,JP,42,AF,,
JPKWX,Kowa,Kowa,JP,23,AF,,
JPKWZ,Kashiwazaki,Kashiwazaki,JP,15,AF,,
JPKXK,Kusukawa,Kusukawa,JP,46,AF,,
JPKXS,Kasumi,Kasumi,JP,28,AF,,
JPKYA,Kanoya,Kanoya,JP,46,AF,,
JPKYK,Kanayaki,Kanayaki,JP,43,AF,,
JPKYM,Kuyama,Kuyama,JP,42,AF,,
JPKYO,Koyoh/Kawajiri,Koyoh/Kawajiri,JP,34,AF,,
JPKYR,Isso,Isso,JP,46,AF,,
JPKZE,Kozera,Kozera,JP,42,AF,,
JPKZH,Kazuhara,Kazuhara,JP,37,AF,,
JPKZI,Kijima,Kijima,JP,33,AF,,
JPKZJ,Kozai,Kozai,JP,37,AF,,
JPKZK,Kozukushi,Kozukushi,JP,39,AF,,
JPKZM,Kazume,Kazume,JP,42,AF,,
JPKZR,Kohjiro,Kohjiro,JP,42,AF,,
JPKZS,Kazusaminato,Kazusaminato,JP,12,AF,,
JPKZU,Kisarazu,Kisarazu,JP,12,AF,,
JPMAB,Maruichibi,Maruichibi,JP,44,AF,,
JPMAD,Maedomari/Iheya,Maedomari/Iheya,JP,47,AF,,
JPMAG,Mategata,Mategata,JP,38,AF,,
JPMAI,Maizuru,Maizuru,JP,26,AF,,
JPMAK,Makiyama,Makiyama,JP,40,AF,,
JPMAM,Matama,Matama,JP,44,AF,,
JPMAO,Matsuo,Matsuo,JP,33,AF,,
JPMAR,Marugame,Marugame,JP,37,AF,,
JPMAS,Masaki,Masaki,JP,38,AF,,
JPMAT,"Matsushima, Nagasaki","Matsushima, Nagasaki",JP,42,AF,,
JPMAU,"Matsuura, Kagoshima","Matsuura, Kagoshima",JP,46,AF,,
JPMAW,Nishimaizuru,Nishimaizuru,JP,26,AF,,
JPMBE,Monbetsu/Abashiri,Monbetsu/Abashiri,JP,01,AF,,
JPMBR,Mebaruzaki,Mebaruzaki,JP,34,AF,,
JPMBT,Motobu,Motobu,JP,47,AF,,
JPMCD,Mochidoi,Mochidoi,JP,42,AF,,
JPMCH,Mochiishi,Mochiishi,JP,32,AF,,
JPMDJ,"Masuda, Kagoshima","Masuda, Kagoshima",JP,46,AF,,
JPMDR,Maedomari/Tarama,Maedomari/Tarama,JP,47,AF,,
JPMEG,Megi,Megi,JP,37,AF,,
JPMEI,Meihama,Meihama,JP,40,AF,,
JPMEN,Mei,Mei,JP,42,AF,,
JPMER,Maeura,Maeura,JP,33,AF,,
JPMET,Meitsu,Meitsu,JP,45,AF,,
JPMGA,Matsugaura,Matsugaura,JP,46,AF,,
JPMGC,Maguchi,Maguchi,JP,33,AF,,
JPMGM,Magome,Magome,JP,42,AF,,
JPMGN,Mogine,Mogine,JP,43,AF,,
JPMGS,Megoshima,Megoshima,JP,42,AF,,
JPMGU,Magusa,Magusa,JP,23,AF,,
JPMGY,Nagayama,Nagayama,JP,47,AF,,
JPMHM,Maehama,Maehama,JP,38,AF,,
JPMHN,Mihowan,Mihowan,JP,31,AF,,
JPMHR,Mihara,Mihara,JP,34,AF,,
JPMIH,Mihonoseki,Mihonoseki,JP,32,AF,,
JPMII,"Miike, Fukuoka","Miike, Fukuoka",JP,40,AF,,
JPMIJ,"Miike, Tokyo","Miike, Tokyo",JP,13,AF,,
JPMIK,"Misaki, Kanagawa","Misaki, Kanagawa",JP,14,AF,,
JPMIN,Minamata,Minamata,JP,43,AF,,
JPMIR,Miura/Mitsushima,Miura/Mitsushima,JP,42,AF,,
JPMIS,"Misumi, Kumamoto","Misumi, Kumamoto",JP,43,AF,,
JPMIT,"Mitaka, Hiroshima","Mitaka, Hiroshima",JP,34,AF,,
JPMIY,Miyazu,Miyazu,JP,26,AF,,
JPMIZ,Mizushima,Mizushima,JP,33,AF,,
JPMJR,Mitajiri,Mitajiri,JP,35,AF,3402N 13135E,
JPMKA,Mukata,Mukata,JP,44,AF,,
JPMKG,Makigawa,Makigawa,JP,46,AF,,
JPMKI,"Misaki, Kochi","Misaki, Kochi",JP,39,AF,,
JPMKJ,Mikisato,Mikisato,JP,24,AF,,
JPMKK,Makurazaki,Makurazaki,JP,46,AF,,
JPMKM,Mikame,Mikame,JP,38,AF,,
JPMKR,Mikurajima,Mikurajima,JP,13,AF,,
JPMKS,Mitsukoshima,Mitsukoshima,JP,34,AF,,
JPMKU,Mukunoura,Mukunoura,JP,34,AF,,
JPMKW,Mikawa,Mikawa,JP,23,AF,,
JPMKX,"Mishima, Kawanoe","Mishima, Kawanoe",JP,38,AF,,
JPMMA,Maenohama,Maenohama,JP,46,AF,,
JPMMD,Minamidaito,Minamidaito,JP,47,AF,2550N 13114E,
JPMMI,"Misumi, Shimane","Misumi, Shimane",JP,32,AF,,
JPMMM,Mageshimamisaki,Mageshimamisaki,JP,46,AF,,
JPMMT,Mimitsu,Mimitsu,JP,45,AF,,
JPMMY,Miyakojima,Miyakojima,JP,47,AF,2447N 12518E,
JPMNA,Manazuru,Manazuru,JP,14,AF,,
JPMNE,Mine,Mine,JP,42,AF,,
JPMNG,Matsunaga,Matsunaga,JP,34,AF,,
JPMNJ,Minna/Motobu,Minna/Motobu,JP,47,AF,,
JPMNM,Minami,Minami,JP,32,AF,,
JPMNN,Minna/Tarama,Minna/Tarama,JP,47,AF,,
JPMNO,Miyanoura/Kamiyaku,Miyanoura/Kamiyaku,JP,46,AF,,
JPMNR,"Miyanoura, Nagasaki","Miyanoura, Nagasaki",JP,42,AF,,
JPMNT,"Minato, Hyogo","Minato, Hyogo",JP,28,AF,,
JPMNY,Minmaya,Minmaya,JP,02,AF,,
JPMOG,Mogi,Mogi,JP,42,AF,,
JPMOJ,Moji/Kitakyushu,Moji/Kitakyushu,JP,40,AF,3354N 13058E,
JPMOM,Morodomi,Morodomi,JP,41,AF,,
JPMOO,Morie,Morie,JP,44,AF,,
JPMOR,Mori,Mori,JP,01,AF,,
JPMOT,Motomachi,Motomachi,JP,13,AF,,
JPMOU,Motoura/Toshima,Motoura/Toshima,JP,46,AF,,
JPMOX,Monoi,Monoi,JP,32,AF,,
JPMQT,"Mito, Kagawa","Mito, Kagawa",JP,37,AF,,
JPMRA,"Matsushima, Miyagi","Matsushima, Miyagi",JP,04,AF,,
JPMRE,Mure,Mure,JP,37,AF,,
JPMRG,Moriage,Moriage,JP,38,AF,,
JPMRH,Morinohama,Morinohama,JP,42,AF,,
JPMRJ,Murotomisaki,Murotomisaki,JP,39,AF,,
JPMRK,Morakui,Morakui,JP,32,AF,,
JPMRM,Muromoto,Muromoto,JP,37,AF,,
JPMRO,Murokita,Murokita,JP,37,AF,,
JPMRS,"Murotsu, Hyogo","Murotsu, Hyogo",JP,28,AF,,
JPMRT,"Murotsu, Yamaguchi","Murotsu, Yamaguchi",JP,35,AF,,
JPMRU,Maruo,Maruo,JP,35,AF,,
JPMRZ,Morozaki,Morozaki,JP,23,AF,,
JPMSA,Matsusaka,Matsusaka,JP,24,AF,,
JPMSD,"Masuda, Shimane","Masuda, Shimane",JP,32,AF,,
JPMSH,Musashi,Musashi,JP,44,AF,,
JPMSI,MieShikimi,MieShikimi,JP,42,AF,,
JPMSK,Mashike,Mashike,JP,01,AF,,
JPMSO,Misho,Misho,JP,38,AF,,
JPMSR,Mishiro,Mishiro,JP,42,AF,,
JPMSS,"Matsushima, Okayama","Matsushima, Okayama",JP,33,AF,,
JPMST,Misato,Misato,JP,42,AF,,
JPMSX,"Misaki, Ehime","Misaki, Ehime",JP,38,AF,,
JPMTC,Mitachi,Mitachi,JP,37,AF,,
JPMTE,Matsue,Matsue,JP,32,AF,,
JPMTH,Mitsuhama,Mitsuhama,JP,38,AF,,
JPMTI,Mitarai,Mitarai,JP,34,AF,,
JPMTK,Mitsukue,Mitsukue,JP,38,AF,,
JPMTM,Matsumae,Matsumae,JP,01,AF,,
JPMTO,Motoura/Azuma,Motoura/Azuma,JP,46,AF,,
JPMTR,Mutsure,Mutsure,JP,35,AF,,
JPMTS,"Matsuura, Nagasaki","Matsuura, Nagasaki",JP,42,AF,,
JPMTU,"Matsuura, Oita","Matsuura, Oita",JP,44,AF,,
JPMTY,Matoya,Matoya,JP,24,AF,,
JPMTZ,Matsuzaki,Matsuzaki,JP,22,AF,,
JPMUG,Mugi,Mugi,JP,36,AF,,
JPMUK,Mukaishima,Mukaishima,JP,34,AF,,
JPMUR,Muroran,Muroran,JP,01,AF,,
JPMUT,Mutsuogawara,Mutsuogawara,JP,02,AF,,
JPMUX,"Murotsu, Kochi","Murotsu, Kochi",JP,39,AF,,
JPMUY,"Miyanoura, Kagawa","Miyanoura, Kagawa",JP,37,AF,,
JPMWA,Maruiwa,Maruiwa,JP,33,AF,,
JPMWR,Mawari,Mawari,JP,42,AF,,
JPMXT,Mita,Mita,JP,32,AF,,
JPMYA,Muya,Muya,JP,36,AF,,
JPMYG,Miyagahama,Miyagahama,JP,46,AF,,
JPMYI,Miyagi,Miyagi,JP,10,RL,3626N 13910E,
JPMYJ,Matsuyama,Matsuyama,JP,38,AF,,
JPMYK,"Miyako, Iwate","Miyako, Iwate",JP,03,AF,,
JPMYN,Miyanoura/Azuma,Miyanoura/Azuma,JP,46,AF,,
JPMYT,"Miyoshi, Tokushima","Miyoshi, Tokushima",JP,36,AF,3401N 13348E,
JPMYU,Miyaura,Miyaura,JP,38,AF,,
JPMYX,"Muta, Nagasaki","Muta, Nagasaki",JP,42,AF,3149N 13016E,
JPMZK,"Miyazaki, Ehime","Miyazaki, Ehime",JP,38,AF,,
JPMZM,Murozumi,Murozumi,JP,35,AF,,
JPMZR,Motozaru,Motozaru,JP,44,AF,,
JPMZS,Mizusaki,Mizusaki,JP,42,AF,,
JPNAA,"Nagaura, Nagasaki","Nagaura, Nagasaki",JP,42,AF,,
JPNAB,Nagara,Nagara,JP,46,AF,,
JPNAD,Nadahama,Nadahama,JP,28,AF,,
JPNAG,"Nagahama, Shimane","Nagahama, Shimane",JP,32,AF,,
JPNAH,"Naha, Okinawa","Naha, Okinawa",JP,47,AF,,
JPNAI,Narashino,Narashino,JP,12,RL,3540N 14001E,
JPNAK,Nakagusuku,Nakagusuku,JP,47,AF,,
JPNAM,Nama,Nama,JP,42,AF,,
JPNAN,Nakanoseki,Nakanoseki,JP,35,RL,3400N 13132E,
JPNAO,Naoetsu,Naoetsu,JP,15,AF,,
JPNAR,Naarai,Naarai,JP,12,AF,,
JPNAS,Naoshima,Naoshima,JP,37,AF,,
JPNAT,Nakatsu,Nakatsu,JP,44,AF,,
JPNAY,Nagayo,Nagayo,JP,42,AF,,
JPNAZ,Naze,Naze,JP,46,AF,,
JPNBS,Nobeokashinko,Nobeokashinko,JP,45,AF,,
JPNBU,Nobu/Mitsushima,Nobu/Mitsushima,JP,42,AF,,
JPNDI,Nishi/Minamidaito,Nishi/Minamidaito,JP,47,AF,,
JPNDY,Nadayama,Nadayama,JP,32,AF,,
JPNEJ,Nejime,Nejime,JP,46,AF,,
JPNEM,Nemuro,Nemuro,JP,01,AF,,
JPNEO,Neo,Neo,JP,42,AF,,
JPNEX,"Nagae, Ehime","Nagae, Ehime",JP,38,AF,,
JPNEZ,Nezugaseki,Nezugaseki,JP,06,AF,,
JPNGA,"Nagareyama, Chiba","Nagareyama, Chiba",JP,12,AF,3551N 13954E,
JPNGD,Nagouda,Nagouda,JP,32,AF,,
JPNGE,"Nagae, Shimane","Nagae, Shimane",JP,32,AF,,
JPNGG,Nagame,Nagame,JP,43,AF,,
JPNGH,"Nagahama, Ehime","Nagahama, Ehime",JP,38,AF,,
JPNGI,Neghishi/Yokohama,Neghishi/Yokohama,JP,14,AF,,
JPNGM,Nagimi,Nagimi,JP,38,AF,,
JPNGN,Naigainoura,Naigainoura,JP,39,AF,,
JPNGO,"Nagoya, Aichi","Nagoya, Aichi",JP,23,AF,,
JPNGR,Nagaura/Yokosuka,Nagaura/Yokosuka,JP,14,AF,,
JPNGS,Nagasaki,Nagasaki,JP,42,AF,,
JPNGU,"Nagasu, Kumamoto","Nagasu, Kumamoto",JP,43,AF,,
JPNGY,Nagaokakyo,Nagaokakyo,JP,26,AA,3456N 13542E,
JPNHA,"Nakahama, Hiroshima","Nakahama, Hiroshima",JP,34,AF,,
JPNHI,Nahari,Nahari,JP,39,AF,,
JPNHJ,Noheji,Noheji,JP,02,AF,,
JPNHM,"Nagahama, Shiga","Nagahama, Shiga",JP,25,AF,,
JPNHN,Nagasakinohana,Nagasakinohana,JP,37,AF,,
JPNHR,Nishihara,Nishihara,JP,47,AF,,
JPNIA,Nita,Nita,JP,42,AF,,
JPNIC,Nichinan,Nichinan,JP,45,AF,,
JPNID,Nishi/Kitadaito,Nishi/Kitadaito,JP,47,AF,,
JPNIH,Niigatahigashi,Niigatahigashi,JP,15,AF,,
JPNIJ,Niijima,Niijima,JP,13,AF,,
JPNIK,Nikaho,Nikaho,JP,05,RL,3923N 14005E,
JPNIM,Nima,Nima,JP,32,AF,,
JPNIN,Niigatanishi,Niigatanishi,JP,15,AF,,
JPNIO,Nio,Nio,JP,37,AF,,
JPNIS,Nishinaka,Nishinaka,JP,38,AF,,
JPNIT,Namikata,Namikata,JP,38,AF,,
JPNIX,Nii,Nii,JP,42,AF,,
JPNJM,Nakajima,Nakajima,JP,38,AF,,
JPNJR,Nojiri,Nojiri,JP,46,AF,,
JPNKD,Nakada,Nakada,JP,47,AF,,
JPNKH,"Nakahama, Tottori","Nakahama, Tottori",JP,31,AF,,
JPNKJ,"Nakahama, Kyoto","Nakahama, Kyoto",JP,26,AF,,
JPNKK,Nakakoshiki,Nakakoshiki,JP,46,AF,,
JPNKL,"Nakama, Kagoshima","Nakama, Kagoshima",JP,46,AF,,
JPNKM,"Nakama, Okinawa","Nakama, Okinawa",JP,47,AF,,
JPNKN,Nakanoura,Nakanoura,JP,42,AF,,
JPNKO,Nanko,Nanko,JP,27,AF,,
JPNKR,Nakiri,Nakiri,JP,24,AF,,
JPNKS,Nakanoshima,Nakanoshima,JP,46,AF,,
JPNKT,"Nakata, Hiroshima","Nakata, Hiroshima",JP,34,AF,,
JPNKX,Nakanosaku,Nakanosaku,JP,07,AF,,
JPNKY,Nakayama,Nakayama,JP,32,AF,,
JPNKZ,Nakashima,Nakashima,JP,36,AF,,
JPNMA,"Nagahama, Kagoshima","Nagahama, Kagoshima",JP,46,AF,,
JPNMC,Nakamichi,Nakamichi,JP,19,RL,3535N 13835E,
JPNMI,Nomi,Nomi,JP,45,AF,,
JPNMK,Nomaike,Nomaike,JP,46,AF,,
JPNMT,Nakaminato,Nakaminato,JP,08,AF,,
JPNNH,Nunohama,Nunohama,JP,33,AF,,
JPNNK,Nenokuchi,Nenokuchi,JP,02,AF,,
JPNNO,Nanao,Nanao,JP,17,AF,,
JPNNT,Nanatsugama,Nanatsugama,JP,42,AF,,
JPNOA,Nago,Nago,JP,47,RL,2635N 12758E,
JPNOB,Nobeoka,Nobeoka,JP,45,AF,,
JPNOH,Nohara,Nohara,JP,26,AF,,
JPNOJ,Onojo,Onojo,JP,40,RL,3332N 13029E,
JPNOM,Nomizaki,Nomizaki,JP,43,AF,,
JPNON,Nonohama,Nonohama,JP,33,AF,,
JPNOU,Noh,Noh,JP,15,AF,,
JPNQH,Noho,Noho,JP,47,AF,,
JPNRO,Narao,Narao,JP,42,AF,,
JPNRS,Narushima,Narushima,JP,42,AF,,
JPNRU,Naruto,Naruto,JP,36,AF,,
JPNSA,Nagashima,Nagashima,JP,24,AF,,
JPNSB,Nishibe,Nishibe,JP,38,AF,,
JPNSH,Nishishioya,Nishishioya,JP,46,AF,,
JPNSI,Nishiesan,Nishiesan,JP,01,AF,,
JPNSK,Nishiki,Nishiki,JP,27,AF,,
JPNSM,Nishimura,Nishimura,JP,32,AF,,
JPNSR,Noshiro,Noshiro,JP,05,AF,,
JPNST,Nishikata,Nishikata,JP,46,AF,,
JPNSU,"Nagasu, Oita","Nagasu, Oita",JP,44,AF,,
JPNSX,Nasa,Nasa,JP,36,AF,,
JPNTO,Nishitokyo,Nishitokyo,JP,13,RL,3444N 13932E,
JPNTX,"Nakata, Kumamoto","Nakata, Kumamoto",JP,43,AF,,
JPNTY,Nanatsuyama,Nanatsuyama,JP,46,AF,,
JPNUM,Numazu,Numazu,JP,22,AF,,
JPNUR,Nishiura,Nishiura,JP,22,AF,,
JPNWA,Nyugawa,Nyugawa,JP,38,AF,,
JPNXG,Nigishima,Nigishima,JP,24,AF,,
JPNYA,Nishinomiya,Nishinomiya,JP,28,AF,,
JPNYK,Nyukou,Nyukou,JP,32,AF,,
JPNYZ,Nyuzu,Nyuzu,JP,44,AF,,
JPOAA,Okada,Okada,JP,13,AF,,
JPOAD,Onoaida,Onoaida,JP,46,AF,,
JPOAR,Oarai,Oarai,JP,08,AF,,
JPOAT,Ogatsu,Ogatsu,JP,04,AF,,
JPOAX,Oma,Oma,JP,02,AF,,
JPOBA,"Obama, Mie","Obama, Mie",JP,24,AF,,
JPOBB,"Obama, Nagasaki","Obama, Nagasaki",JP,42,AF,,
JPOBE,"Obe, Ehime","Obe, Ehime",JP,38,AF,,
JPOBM,"Obama, Fukui","Obama, Fukui",JP,18,AF,,
JPOBS,Ohbishima,Ohbishima,JP,33,AF,,
JPOBX,"Ohbe, Kagawa","Ohbe, Kagawa",JP,37,AF,,
JPOCH,Okunouchi,Okunouchi,JP,34,AF,,
JPODA,Odahigashi,Odahigashi,JP,32,AF,,
JPODM,Odomari,Odomari,JP,46,AF,,
JPODN,Ohdana,Ohdana,JP,46,AF,,
JPODO,Odoh,Odoh,JP,43,AF,,
JPODS,Odeshima,Odeshima,JP,37,AF,,
JPOFK,Ohfunakoshi,Ohfunakoshi,JP,42,AF,,
JPOFR,Ohfukaura,Ohfukaura,JP,39,AF,,
JPOFT,Ohfunato,Ohfunato,JP,03,AF,,
JPOGA,Ogasawara,Ogasawara,JP,13,AF,,
JPOGC,Ongachi,Ongachi,JP,46,AF,,
JPOGE,Ohge,Ohge,JP,38,AF,,
JPOGF,Ogifushi,Ogifushi,JP,01,AF,,
JPOGH,Oginohama,Oginohama,JP,04,AF,,
JPOGI,"Ogi, Niigata","Ogi, Niigata",JP,15,AF,,
JPOGK,"Ogi, Kagawa","Ogi, Kagawa",JP,37,AF,,
JPOGM,Ogomori,Ogomori,JP,46,AF,,
JPOGS,Ohgishima,Ohgishima,JP,14,AF,,
JPOGU,Ohgushi,Ohgushi,JP,42,AF,,
JPOHA,"Ohama, Kagawa","Ohama, Kagawa",JP,37,AF,,
JPOHM,"Ohama, Ehime","Ohama, Ehime",JP,38,AF,,
JPOHO,Ohi,Ohi,JP,13,AF,,
JPOHT,Ohata,Ohata,JP,02,AF,,
JPOIG,Ohigawa,Ohigawa,JP,22,AF,,
JPOII,"Ogi, Ishikawa","Ogi, Ishikawa",JP,17,AF,,
JPOIM,"Ohshima, Tokyo","Ohshima, Tokyo",JP,13,AF,,
JPOIS,Oiso,Oiso,JP,14,AF,,
JPOIT,Oita,Oita,JP,44,AF,,
JPOIU,"Okiura, Hiroshima","Okiura, Hiroshima",JP,34,AF,,
JPOJI,Ojika,Ojika,JP,42,AF,,
JPOJM,Omosu,Omosu,JP,32,AF,,
JPOJO,Osako,Osako,JP,34,AF,,
JPOKB,"Okubo, Tokyo","Okubo, Tokyo",JP,13,AF,,
JPOKC,"Okitsu, Chiba","Okitsu, Chiba",JP,12,AF,,
JPOKG,Okogi,Okogi,JP,38,AF,,
JPOKH,Ohkawara,Ohkawara,JP,42,AF,,
JPOKI,Oki,Oki,JP,32,AF,,
JPOKJ,Okayama,Okayama,JP,33,AF,,
JPOKK,Okinokojima,Okinokojima,JP,46,AF,,
JPOKM,Okamoto,Okamoto,JP,32,AF,,
JPOKN,Okinajima,Okinajima,JP,07,AF,,
JPOKR,Ohbukura/Uwajima,Ohbukura/Uwajima,JP,38,AF,,
JPOKS,Okiuranishi,Okiuranishi,JP,35,AF,,
JPOKT,"Okitsu, Shizuoka","Okitsu, Shizuoka",JP,22,AF,,
JPOKU,Oku,Oku,JP,47,AF,,
JPOKW,"Okawa, Wakayama","Okawa, Wakayama",JP,30,AF,,
JPOKX,"Okiura, Yamaguchi","Okiura, Yamaguchi",JP,35,AF,,
JPOMA,Aomi,Aomi,JP,13,AF,3537N 13947E,
JPOMC,Omachi,Omachi,JP,20,RL,3650N 13825E,
JPOMD,Omodaka,Omodaka,JP,42,AF,,
JPOMH,Omotehama,Omotehama,JP,04,AF,,
JPOMI,Omi,Omi,JP,38,AF,,
JPOMJ,Omura,Omura,JP,42,AF,,
JPOMN,Omon,Omon,JP,43,AF,,
JPOMO,Omoto,Omoto,JP,03,AF,,
JPOMR,Okamura,Okamura,JP,38,AF,,
JPOMS,Omishima,Omishima,JP,38,AF,,
JPOMT,Ominato,Ominato,JP,02,AF,,
JPOMU,Omuta,Omuta,JP,40,AF,,
JPOMW,Omonawa,Omonawa,JP,46,AF,,
JPOMX,"Ohama, Tottori","Ohama, Tottori",JP,31,AF,,
JPOMY,Omiyaji,Omiyaji,JP,43,AF,,
JPOMZ,Omaezaki,Omaezaki,JP,22,AF,,
JPONA,Onahama,Onahama,JP,07,AF,,
JPOND,Onoda,Onoda,JP,35,AF,,
JPONE,Ohnejime,Ohnejime,JP,46,AF,,
JPONG,Onagawa,Onagawa,JP,04,AF,,
JPONI,Onishi,Onishi,JP,38,AF,,
JPONJ,Oniike,Oniike,JP,43,AF,,
JPONK,Oniki,Oniki,JP,43,AF,,
JPONO,Onomichi,Onomichi,JP,34,AF,,
JPONS,Ohnishi/Ohsaki,Ohnishi/Ohsaki,JP,34,AF,,
JPONW,Oniwaki,Oniwaki,JP,01,AF,,
JPONX,OnomichiItozaki,OnomichiItozaki,JP,34,AF,,
JPOOA,"Oura, Saga","Oura, Saga",JP,41,AF,,
JPOOB,Obatake,Obatake,JP,35,AF,,
JPOOC,Ochiyo,Ochiyo,JP,13,AF,,
JPOOG,Ohgaki,Ohgaki,JP,34,AF,,
JPOOH,"Ohama, Okayama","Ohama, Okayama",JP,33,AF,,
JPOOJ,"Okubo, Kagoshima","Okubo, Kagoshima",JP,46,AF,,
JPOOM,"Ohshima, Kagawa","Ohshima, Kagawa",JP,37,AF,,
JPOON,Ohnoh,Ohnoh,JP,45,AF,,
JPOOO,Ozu,Ozu,JP,34,AF,,
JPOOR,Oura/Kasaoka,Oura/Kasaoka,JP,33,AF,,
JPOOW,"Okawa, Nagasaki","Okawa, Nagasaki",JP,42,AF,,
JPOPA,Oppama,Oppama,JP,14,RL,3518N 13937E,
JPORA,Ohra,Ohra,JP,38,AF,,
JPORG,Origami,Origami,JP,42,AF,,
JPORN,Orino,Orino,JP,36,AF,,
JPORR,Oura/Uchinoura,Oura/Uchinoura,JP,46,AF,,
JPORX,Oura/Marugame,Oura/Marugame,JP,37,AF,,
JPOSA,Osaka,Osaka,JP,27,AF,3440N 13530E,
JPOSD,Oshidomari,Oshidomari,JP,01,AF,,
JPOSE,Osoe,Osoe,JP,32,AF,,
JPOSG,Ogi,Ogi,JP,41,RL,3317N 13012E,
JPOSH,"Ohshima, Wakayama","Ohshima, Wakayama",JP,30,AF,,
JPOSI,"Ohshima, Ehime","Ohshima, Ehime",JP,38,AF,,
JPOSJ,"Otsu, Ibaraki","Otsu, Ibaraki",JP,08,AF,,
JPOSK,"Osaki, Miyagi","Osaki, Miyagi",JP,04,AF,,
JPOSL,"Oshima, Yamaguchi","Oshima, Yamaguchi",JP,35,AF,,
JPOSM,"Ôshima, Nagasaki","Oshima, Nagasaki",JP,42,AF,3304N 12937E,
JPOSN,Osaki/Mitsushima,Osaki/Mitsushima,JP,42,AF,,
JPOSO,"Ohshima, Miyazaki","Ohshima, Miyazaki",JP,45,AF,,
JPOSR,Ohgasari,Ohgasari,JP,46,AF,,
JPOSS,"Ohshima, Fukuoka","Ohshima, Fukuoka",JP,40,AF,,
JPOST,Osetoyanagi,Osetoyanagi,JP,42,AF,,
JPOSU,Osuki,Osuki,JP,46,AF,,
JPOSX,"Osaki, Kagoshima","Osaki, Kagoshima",JP,46,AF,,
JPOTA,Otao,Otao,JP,42,AF,,
JPOTJ,Otsuchi,Otsuchi,JP,03,AF,,
JPOTK,Otake,Otake,JP,34,AF,,
JPOTM,Otomi,Otomi,JP,18,AF,,
JPOTO,Osato,Osato,JP,46,AF,,
JPOTR,Otaru,Otaru,JP,01,AF,,
JPOTU,"Otsu, Shiga","Otsu, Shiga",JP,25,AF,,
JPOTW,Otawa,Otawa,JP,42,AF,,
JPOUA,Oura/Ariake,Oura/Ariake,JP,43,AF,,
JPOUK,"Osaka, Tottori","Osaka, Tottori",JP,31,AF,,
JPOUM,Omu,Omu,JP,01,AF,,
JPOUR,Oura/Kamitsushima,Oura/Kamitsushima,JP,42,AF,,
JPOUS,Ohse,Ohse,JP,08,AF,,
JPOWA,Owase,Owase,JP,24,AF,,
JPOYA,Ojoya,Ojoya,JP,46,AF,,
JPOYB,Oyabu,Oyabu,JP,33,AF,,
JPOYM,Ohyama/Mitsushima,Ohyama/Mitsushima,JP,42,AF,,
JPOZJ,Ohzuku,Ohzuku,JP,32,AF,,
JPOZU,Ozuku,Ozuku,JP,32,AF,,
JPOZX,Ozaki,Ozaki,JP,27,AF,,
JPQSG,"Saga, Saga","Saga, Saga",JP,41,AF,,
JPRAU,Rausu,Rausu,JP,01,AF,,
JPRBN,Noboribetsu,Noboribetsu,JP,01,AA,4227N 14110E,
JPRHK,Reihoku,Reihoku,JP,43,AF,,
JPRKO,Rokko Island,Rokko Island,JP,28,AF,,
JPRMI,Rumoi,Rumoi,JP,01,AF,,
JPRND,Ronden,Ronden,JP,32,AF,,
JPRYA,Ryuo,Ryuo,JP,25,AF,3540N 01637E,
JPRYG,Ryugamizu,Ryugamizu,JP,46,AF,,
JPRYO,Ryotsu,Ryotsu,JP,15,AF,,
JPRYS,Ryohshida,Ryohshida,JP,34,AF,,
JPSAB,Saba,Saba,JP,38,AF,,
JPSAC,"Sai, Shimane","Sai, Shimane",JP,32,AF,,
JPSAD,Saidoh,Saidoh,JP,46,AF,,
JPSAE,Saiki,Saiki,JP,44,AF,,
JPSAG,Saganoseki,Saganoseki,JP,44,AF,,
JPSAI,"Saigo, Shimane","Saigo, Shimane",JP,32,AF,,
JPSAJ,Saijo,Saijo,JP,38,AF,,
JPSAK,Sakai,Sakai,JP,27,AF,,
JPSAM,Samani,Samani,JP,01,AF,,
JPSAN,Sanbonmatsu,Sanbonmatsu,JP,37,AF,,
JPSAO,Sato,Sato,JP,46,AF,,
JPSAR,Shikaura,Shikaura,JP,46,AF,,
JPSAS,Sasago,Sasago,JP,32,AF,,
JPSAT,Sakate,Sakate,JP,37,AF,,
JPSAU,Sakitsu,Sakitsu,JP,43,AF,,
JPSAW,Sagawa,Sagawa,JP,38,AF,,
JPSAZ,Saza,Saza,JP,42,AF,,
JPSBH,Shibetsu,Shibetsu,JP,01,RL,4339N 14507E,
JPSBK,Sakaisenboku,Sakaisenboku,JP,27,AF,,
JPSBS,Shibushi,Shibushi,JP,46,AF,,
JPSBU,Shibaura,Shibaura,JP,13,AF,,
JPSBY,Shibayama,Shibayama,JP,28,AF,,
JPSCH,Shichirinagahama,Shichirinagahama,JP,02,AF,,
JPSCR,Shichirui,Shichirui,JP,32,AF,,
JPSDA,"Shimoda, Nagasaki","Shimoda, Nagasaki",JP,42,AF,,
JPSDJ,"Sendai, Miyagi","Sendai, Miyagi",JP,04,AF,3808N 14055E,
JPSDK,Shitooke,Shitooke,JP,46,AF,,
JPSDS,Sendaishinko,Sendaishinko,JP,04,AF,,
JPSDU,Sodegaura,Sodegaura,JP,12,AF,,
JPSDZ,Saidaiji,Saidaiji,JP,33,AF,,
JPSEB,Seibu,Seibu,JP,13,RL,,
JPSEG,Seigaura,Seigaura,JP,46,AF,,
JPSEI,Seki,Seki,JP,21,RL,3529N 13655E,
JPSEK,Sekinehama,Sekinehama,JP,02,AF,,
JPSEN,Satsumasendai,Satsumasendai,JP,46,AF,3149N 13015E,
JPSEQ,Se/Izuhara,Se/Izuhara,JP,42,AF,,
JPSES,Sesoko,Sesoko,JP,47,AF,,
JPSET,Seto,Seto,JP,42,RL,3256N 12938E,
JPSEZ,Sezaki,Sezaki,JP,46,AF,,
JPSGA,"Saga, Kochi","Saga, Kochi",JP,39,AF,,
JPSGE,Suge,Suge,JP,38,AF,,
JPSGI,Shigetomi,Shigetomi,JP,46,AF,,
JPSGJ,Sagi,Sagi,JP,34,AF,,
JPSGM,Sendaishiogama,Sendaishiogama,JP,04,AF,,
JPSGR,Sagara,Sagara,JP,22,AF,,
JPSGT,Shiogatani,Shiogatani,JP,44,AF,,
JPSGU,"Saigo, Nagasaki","Saigo, Nagasaki",JP,42,AF,,
JPSGW,Segawa,Segawa,JP,42,AF,,
JPSGX,Sonogi,Sonogi,JP,42,AF,,
JPSHG,"Shinagawa, Tokyo","Shinagawa, Tokyo",JP,13,AF,3536N 13943E,
JPSHH,"Shirahama, Kagoshima","Shirahama, Kagoshima",JP,46,AF,,
JPSHJ,Shinko,Shinko,JP,20,RL,3634N 13804E,
JPSHK,Shinkiba,Shinkiba,JP,13,AF,,
JPSHN,Shingu,Shingu,JP,30,AF,,
JPSHR,Shari,Shari,JP,01,AF,,
JPSHS,Shimonoseki,Shimonoseki,JP,35,AF,,
JPSHU,Shushi,Shushi,JP,42,AF,,
JPSHZ,Shimazuya,Shimazuya,JP,32,AF,,
JPSIA,"Shimoda, Kumamoto","Shimoda, Kumamoto",JP,43,AF,,
JPSID,Shido,Shido,JP,37,AF,,
JPSIG,Shigei,Shigei,JP,34,AF,,
JPSIH,"Shirahama, Okinawa","Shirahama, Okinawa",JP,47,AF,,
JPSIK,Shikamachi,Shikamachi,JP,42,AF,,
JPSIM,Shimama,Shimama,JP,46,AF,,
JPSIN,Shiinoki,Shiinoki,JP,46,AF,,
JPSIO,"Shioya, Ishikawa","Shioya, Ishikawa",JP,17,AF,,
JPSIR,"Shirahama, Nagasaki","Shirahama, Nagasaki",JP,42,AF,,
JPSIS,Shishikui,Shishikui,JP,36,AF,,
JPSIT,Shitanoura,Shitanoura,JP,42,AF,,
JPSJA,"Sai, Aomori","Sai, Aomori",JP,02,AF,,
JPSJI,"Shishijima, Kagawa","Shishijima, Kagawa",JP,37,AF,,
JPSJM,"Shishijima, Kagoshima","Shishijima, Kagoshima",JP,46,AF,,
JPSJR,Shiroko,Shiroko,JP,24,AF,,
JPSKB,Shibukawa,Shibukawa,JP,33,AF,,
JPSKD,Sakaide,Sakaide,JP,37,AF,,
JPSKH,Sakihama,Sakihama,JP,39,AF,,
JPSKK,Sakaki,Sakaki,JP,39,AF,,
JPSKM,Shikama,Shikama,JP,28,AF,,
JPSKN,Shikinejima,Shikinejima,JP,13,AF,,
JPSKO,Sakoshi,Sakoshi,JP,28,AF,,
JPSKR,Sakuraikako,Sakuraikako,JP,38,AF,,
JPSKT,Sakata,Sakata,JP,06,AF,,
JPSKU,Shiraku,Shiraku,JP,33,AF,,
JPSKW,"Shinkawa, Aichi","Shinkawa, Aichi",JP,23,AF,,
JPSKY,Sekiya,Sekiya,JP,37,AF,,
JPSKZ,Shikokuchuo,Shikokuchuo,JP,38,AS,3359N 13333E,
JPSMA,Souma,Souma,JP,07,AF,,
JPSMB,Shimabara,Shimabara,JP,42,AF,,
JPSMD,"Shimoda, Shizuoka","Shimoda, Shizuoka",JP,22,AF,,
JPSME,Same,Same,JP,02,AF,,
JPSMH,Shimohisage,Shimohisage,JP,38,AF,,
JPSMI,Sumie,Sumie,JP,45,AF,,
JPSMJ,Shinmoji,Shinmoji,JP,40,RL,3352N 13059E,
JPSMM,Shimamaki,Shimamaki,JP,01,AF,,
JPSMN,Sakaiminato,Sakaiminato,JP,31,AF,,
JPSMO,"Shimoda, Kochi","Shimoda, Kochi",JP,39,AF,,
JPSMR,Shimodomari/Mikame,Shimodomari/Mikame,JP,38,AF,,
JPSMT,Shimotsu,Shimotsu,JP,30,AF,,
JPSMU,Sakimui,Sakimui,JP,01,AF,,
JPSMY,Sumiyoshi,Sumiyoshi,JP,46,AF,,
JPSMZ,Shimizu,Shimizu,JP,22,AF,,
JPSNA,Sonai/Yonaguni,Sonai/Yonaguni,JP,47,AF,,
JPSNE,Sone,Sone,JP,42,AF,,
JPSNI,Sonai/Taketomi,Sonai/Taketomi,JP,47,AF,,
JPSNJ,Shinojima,Shinojima,JP,23,AF,,
JPSNK,"Shinkawa, Kagoshima","Shinkawa, Kagoshima",JP,46,AF,,
JPSNM,Sanami,Sanami,JP,32,AF,,
JPSNN,Shonan,Shonan,JP,14,AF,,
JPSNO,Shitanoe,Shitanoe,JP,44,AF,,
JPSNR,Shukunoura,Shukunoura,JP,42,AF,,
JPSNU,Shimanoura,Shimanoura,JP,45,AF,,
JPSNW,Shinokawa,Shinokawa,JP,46,AF,,
JPSNX,Sanagi,Sanagi,JP,37,AF,,
JPSNZ,Shinzaike,Shinzaike,JP,37,AF,,
JPSOG,Sogo,Sogo,JP,33,AF,,
JPSOH,Shiohama,Shiohama,JP,32,AF,,
JPSOO,Shimonokae,Shimonokae,JP,39,AF,,
JPSOR,Sonoura,Sonoura,JP,42,AF,,
JPSOT,Sotodomari/Nishiumi,Sotodomari/Nishiumi,JP,38,AF,,
JPSOY,Soya,Soya,JP,01,AF,,
JPSOZ,Sozu,Sozu,JP,32,AF,,
JPSRA,Shiraki,Shiraki,JP,35,AF,,
JPSRH,"Shirahama, Kagawa","Shirahama, Kagawa",JP,37,AF,,
JPSRJ,Shiro,Shiro,JP,32,AF,,
JPSRK,Shirosaki,Shirosaki,JP,03,AF,,
JPSRO,Shiraoi,Shiraoi,JP,01,AF,,
JPSRS,Shirose,Shirose,JP,46,AF,,
JPSRT,Shirakata,Shirakata,JP,38,AF,,
JPSRX,"Shirahama, Chiba","Shirahama, Chiba",JP,12,AF,,
JPSRZ,Sakurajima,Sakurajima,JP,46,AF,,
JPSSA,Shimotsuura,Shimotsuura,JP,43,AF,,
JPSSB,Sasebo,Sasebo,JP,42,AF,,
JPSSE,Sasue,Sasue,JP,46,AF,,
JPSSH,Shishiboe,Shishiboe,JP,42,AF,,
JPSSI,Sashiki,Sashiki,JP,43,AF,,
JPSSJ,Shisakajima,Shisakajima,JP,38,AF,,
JPSSK,Saizaki,Saizaki,JP,34,AF,,
JPSSM,Shishimi,Shishimi,JP,42,AF,,
JPSSN,Sasuna,Sasuna,JP,42,AF,,
JPSSS,Saikai,Saikai,JP,42,AF,3256N 12939E,
JPSSU,Sensyu,Sensyu,JP,27,RL,3426N 13515E,
JPSSZ,Shimada,Shimada,JP,22,AA,3450N 13811E,
JPSTA,Sata,Sata,JP,46,AF,,
JPSTB,Shitaba,Shitaba,JP,38,AF,,
JPSTD,Setoda,Setoda,JP,34,AF,,
JPSTE,Satoura,Satoura,JP,37,AF,,
JPSTI,Shimotsui,Shimotsui,JP,33,AF,,
JPSTJ,Shikata,Shikata,JP,34,AF,,
JPSTN,Setana,Setana,JP,01,AF,,
JPSTO,Sakito,Sakito,JP,42,AF,,
JPSTR,Shirotori,Shirotori,JP,37,AF,,
JPSTT,"Seto, Kagoshima","Seto, Kagoshima",JP,46,AF,,
JPSTU,Suttsu,Suttsu,JP,01,AF,,
JPSTW,Satsukawawan,Satsukawawan,JP,46,AF,,
JPSTZ,Saitozaki,Saitozaki,JP,40,AF,,
JPSUE,Sunoe,Sunoe,JP,34,AF,,
JPSUG,Suga,Suga,JP,32,AF,,
JPSUH,"Sumoto, Hyogo","Sumoto, Hyogo",JP,28,AF,,
JPSUK,Sukumowan,Sukumowan,JP,39,AF,3255N 13243E,
JPSUM,Suminoe,Suminoe,JP,41,AF,,
JPSUR,Sugeura,Sugeura,JP,32,AF,,
JPSUS,Susa,Susa,JP,35,AF,,
JPSUT,"Sumoto, Kumamoto","Sumoto, Kumamoto",JP,43,AF,,
JPSUU,Sugawa,Sugawa,JP,42,AF,,
JPSUW,Suwa,Suwa,JP,32,AF,,
JPSUZ,Susaki,Susaki,JP,39,AF,,
JPSWA,Shimokawaguchi,Shimokawaguchi,JP,39,AF,,
JPSXM,Sunami,Sunami,JP,34,AF,,
JPSXT,"Seto, Kagawa","Seto, Kagawa",JP,37,AF,,
JPSXZ,Nakanoto,Nakanoto,JP,17,AF,3659N 13654E,
JPSYA,"Shioya, Okinawa","Shioya, Okinawa",JP,47,AF,,
JPSYD,Sanyo Onoda Yamaguchi,Sanyo Onoda Yamaguchi,JP,35,AF,3405N 13111E,
JPSYG,Shioyagamoto,Shioyagamoto,JP,46,AF,,
JPSYM,Sonoyama,Sonoyama,JP,46,AF,,
JPSYO,Shoura,Shoura,JP,46,AF,,
JPSYZ,Shiriyazaki,Shiriyazaki,JP,02,AF,,
JPSZG,Shizugawa,Shizugawa,JP,04,AF,,
JPSZI,Shinjima,Shinjima,JP,46,AF,,
JPSZK,Senzaki,Senzaki,JP,35,AF,,
JPSZU,Shizuura,Shizuura,JP,22,AF,,
JPTAA,Takamijima,Takamijima,JP,37,AF,,
JPTAB,Tabugawa,Tabugawa,JP,46,AF,,
JPTAC,Tachiyama,Tachiyama,JP,46,AF,,
JPTAD,Tadotsu,Tadotsu,JP,37,AF,,
JPTAE,Tanabe,Tanabe,JP,30,AF,,
JPTAG,Tagi,Tagi,JP,32,AF,,
JPTAH,"Takahama, Ehime","Takahama, Ehime",JP,38,AF,,
JPTAJ,Tajiri,Tajiri,JP,46,AF,,
JPTAK,Takamatsu,Takamatsu,JP,37,AF,,
JPTAL,Tainouchi,Tainouchi,JP,34,AF,,
JPTAM,Tamano,Tamano,JP,33,AF,,
JPTAN,Tanagawa,Tanagawa,JP,27,AF,,
JPTAO,Tago,Tago,JP,22,AF,,
JPTAQ,Taira,Taira,JP,42,AF,,
JPTAR,Tahara,Tahara,JP,34,AF,,
JPTAS,Takeshiki,Takeshiki,JP,42,AF,,
JPTAT,Tatsugo,Tatsugo,JP,46,AF,,
JPTAW,Tannowa,Tannowa,JP,27,AF,,
JPTAZ,Tai,Tai,JP,26,AF,,
JPTBN,Tachibana,Tachibana,JP,36,AF,,
JPTBO,Tobo,Tobo,JP,41,AF,3329N 12956E,
JPTBR,Tabira,Tabira,JP,42,AF,,
JPTBS,Awajikoryunotsubasa,Awajikoryunotsubasa,JP,28,AF,,
JPTBT,Tobata/Kitakyushu,Tobata/Kitakyushu,JP,40,RL,3353N 13050E,
JPTBU,Tabu,Tabu,JP,35,AF,,
JPTCC,Tokuchi,Tokuchi,JP,47,AF,,
JPTCH,Tsuchiura,Tsuchiura,JP,08,AF,,
JPTDA,Tohda,Tohda,JP,32,AF,,
JPTDJ,Takedatsu,Takedatsu,JP,44,AF,,
JPTDN,Tadanoumi,Tadanoumi,JP,34,AF,,
JPTDT,Tairadate,Tairadate,JP,02,AF,,
JPTEA,Takena,Takena,JP,32,AF,,
JPTEE,Take,Take,JP,46,AF,,
JPTEI,Tei,Tei,JP,39,AF,,
JPTEK,Tekutsuku,Tekutsuku,JP,46,AF,,
JPTER,Teuri,Teuri,JP,01,AF,,
JPTET,"Tateishi, Ehime","Tateishi, Ehime",JP,38,AF,,
JPTEU,Teuchi,Teuchi,JP,46,AF,,
JPTGC,Toguchi,Toguchi,JP,46,AF,,
JPTGO,Tagonoura,Tagonoura,JP,22,AF,,
JPTHM,Tanohama,Tanohama,JP,03,AF,,
JPTHR,Takehara,Takehara,JP,34,AF,,
JPTHS,Toyohashi,Toyohashi,JP,23,AF,,
JPTIA,Taisha,Taisha,JP,32,AF,,
JPTIN,Tainoura,Tainoura,JP,42,AF,,
JPTIS,Teishi,Teishi,JP,22,AF,,
JPTJI,Takarajima,Takarajima,JP,46,AF,,
JPTJJ,Tomamae,Tomamae,JP,01,AF,,
JPTJK,Takashima/Masuda,Takashima/Masuda,JP,32,AF,,
JPTJM,Tojima,Tojima,JP,38,AF,,
JPTJO,"Toshima, Hyogo","Toshima, Hyogo",JP,28,AF,,
JPTJR,"Tajiri, Tottori","Tajiri, Tottori",JP,31,AF,,
JPTJS,Tokashiki,Tokashiki,JP,47,AF,,
JPTKA,Tokai,Tokai,JP,23,AF,,
JPTKC,Takanokuchi,Takanokuchi,JP,46,AF,,
JPTKD,Takada,Takada,JP,44,AF,,
JPTKE,Takeno,Takeno,JP,28,AF,,
JPTKG,"Takasu, Kagoshima","Takasu, Kagoshima",JP,46,AF,,
JPTKH,Takahama/Amakusa,Takahama/Amakusa,JP,43,AF,3222N 13000E,
JPTKI,Taki,Taki,JP,17,AF,,
JPTKJ,Tokujin,Tokujin,JP,47,AF,,
JPTKK,Takaoka,Takaoka,JP,16,AF,,
JPTKM,Takuma,Takuma,JP,37,AF,,
JPTKO,Tokonami,Tokonami,JP,42,AF,,
JPTKR,Tokoro,Tokoro,JP,01,AF,,
JPTKS,Tokushima,Tokushima,JP,36,AF,,
JPTKT,Taketoyo,Taketoyo,JP,23,AF,,
JPTKU,Takuno,Takuno,JP,32,AF,,
JPTKW,Tainokawa,Tainokawa,JP,46,AF,,
JPTKY,Tokuyama,Tokuyama,JP,35,AF,,
JPTKZ,Takezaki,Takezaki,JP,42,AF,,
JPTMA,Tomari/Shiribeshi,Tomari/Shiribeshi,JP,01,AF,,
JPTME,Tomie,Tomie,JP,42,AF,,
JPTMI,Tsukumi,Tsukumi,JP,44,AF,,
JPTMJ,Takami,Takami,JP,37,AF,,
JPTMK,Tomakomai,Tomakomai,JP,01,AF,,
JPTMM,Tomiku,Tomiku,JP,44,AF,,
JPTMN,Tamanoura,Tamanoura,JP,42,AF,,
JPTMO,"Tomioka, Kumamoto","Tomioka, Kumamoto",JP,43,AF,,
JPTMR,"Tomari, Okinawa","Tomari, Okinawa",JP,47,AF,,
JPTMS,"Tamatsu, Ehime","Tamatsu, Ehime",JP,38,AF,,
JPTMT,"Tamatsu, Okayama","Tamatsu, Okayama",JP,33,AF,,
JPTMU,Tomitsu,Tomitsu,JP,43,AF,,
JPTMZ,Tarumizu,Tarumizu,JP,46,AF,,
JPTNA,Tsuna,Tsuna,JP,28,AF,,
JPTNB,Takanabe,Takanabe,JP,45,AF,,
JPTND,Tonda,Tonda,JP,35,AF,,
JPTNH,Tonoshohigash,Tonoshohigash,JP,37,AF,,
JPTNI,Tsuneishi,Tsuneishi,JP,34,AF,,
JPTNK,Tanasoko,Tanasoko,JP,43,AF,,
JPTNO,Tonosho,Tonosho,JP,37,AF,,
JPTNR,"Tanoura, Kumamoto","Tanoura, Kumamoto",JP,43,AF,,
JPTNS,Tsunoshima,Tsunoshima,JP,35,AF,,
JPTNU,Tanoura/Kitakyushu,Tanoura/Kitakyushu,JP,40,AF,,
JPTNW,Tanowaki,Tanowaki,JP,46,AF,,
JPTNY,Taniyama,Taniyama,JP,46,RL,3117N 13019E,
JPTOA,Toyo,Toyo,JP,38,AF,3355N 13305E,
JPTOB,Toba,Toba,JP,24,AF,,
JPTOC,Togane,Togane,JP,12,AF,3534N 14022E,
JPTOD,Todohokke,Todohokke,JP,01,AF,,
JPTOG,Togi,Togi,JP,17,AF,,
JPTOI,Toi,Toi,JP,22,AF,,
JPTOJ,Toga,Toga,JP,05,AF,,
JPTOK,Tokachi,Tokachi,JP,01,AF,,
JPTOM,"Tomioka, Tokushima","Tomioka, Tokushima",JP,36,AF,,
JPTON,Tonoura,Tonoura,JP,45,AF,,
JPTOS,Toyamashinko,Toyamashinko,JP,16,AF,,
JPTOT,Totoro,Totoro,JP,45,AF,,
JPTOU,Touyo,Touyo,JP,38,AF,,
JPTOX,Toshima/Tokyo,Toshima/Tokyo,JP,13,AF,3431N 13916E,
JPTOY,Toyama,Toyama,JP,16,AF,,
JPTRC,Tsuruuchi,Tsuruuchi,JP,37,AF,,
JPTRD,Teradomari,Teradomari,JP,15,AF,,
JPTRG,Tsuruga,Tsuruga,JP,18,AF,,
JPTRH,Tarugahama,Tarugahama,JP,42,AF,,
JPTRO,Tororo,Tororo,JP,43,AF,,
JPTRR,Tomariura,Tomariura,JP,39,AF,,
JPTRU,"Tsurumi, Okayama","Tsurumi, Okayama",JP,33,AF,,
JPTRZ,Terazu/Yatsuka,Terazu/Yatsuka,JP,32,AF,,
JPTSG,Takasago,Takasago,JP,28,AF,,
JPTSH,Tsushi,Tsushi,JP,28,AF,,
JPTSI,Teshima,Teshima,JP,37,AF,,
JPTSK,Tsurusaki,Tsurusaki,JP,44,AF,,
JPTSM,Takashima/Nishisonogi,Takashima/Nishisonogi,JP,42,AF,,
JPTSO,Teshio,Teshio,JP,01,AF,,
JPTSS,Tasumi,Tasumi,JP,32,AF,,
JPTST,Tsutsu,Tsutsu,JP,42,AF,,
JPTSU,Tsu,Tsu,JP,24,AF,,
JPTSX,Takeshima,Takeshima,JP,46,AF,,
JPTSZ,Tosashimizu,Tosashimizu,JP,39,AF,,
JPTTH,Taketomihigashi,Taketomihigashi,JP,47,AF,,
JPTTJ,Tottori,Tottori,JP,31,AF,,
JPTTK,Tsuzuki Ku,Tsuzuki Ku,JP,,RL,3532N 13934E,
JPTTM,Tsutsumi,Tsutsumi,JP,32,AF,,
JPTTS,"Tateishi, Kagawa","Tateishi, Kagawa",JP,37,AF,,
JPTTU,Tokitsu,Tokitsu,JP,42,AF,,
JPTTY,Tateyama,Tateyama,JP,12,AF,,
JPTUB,Tsubame,Tsubame,JP,15,RL,3739N 13856E,
JPTUD,Tsuda,Tsuda,JP,37,AF,,
JPTUI,Tsui,Tsui,JP,28,AF,,
JPTUR,"Tanoura, Ehime","Tanoura, Ehime",JP,38,AF,,
JPTUS,Toyoshige,Toyoshige,JP,31,AF,,
JPTUU,Tsukumo,Tsukumo,JP,34,AF,,
JPTUZ,Tsuzu Yamaguchi,Tsuzu Yamaguchi,JP,35,AF,3403N 13212E,
JPTWA,Tsukinokawa,Tsukinokawa,JP,42,AF,,
JPTXD,Tokuyamakudamatsu,Tokuyamakudamatsu,JP,35,RL,3400N 13146E,
JPTXK,"Takasu, Fukui","Takasu, Fukui",JP,18,AF,,
JPTXN,Tokoname,Tokoname,JP,23,AF,,
JPTYA,Toyota,Toyota,JP,23,RL,3505N 13710E,
JPTYH,"Toyohama, Kagawa","Toyohama, Kagawa",JP,37,AF,,
JPTYJ,"Toyohama, Aichi","Toyohama, Aichi",JP,23,AF,,
JPTYN,Tsuiyama,Tsuiyama,JP,28,AF,,
JPTYO,Tokyo,Tokyo,JP,13,AF,3541N 13945E,
JPTYP,Tsuyoshi,Tsuyoshi,JP,42,AF,,
JPTYR,Toyoura,Toyoura,JP,33,AF,,
JPTYU,Tayui,Tayui,JP,42,AF,,
JPTZA,Taiza,Taiza,JP,26,AF,,
JPTZU,Terazu/Matsue,Terazu/Matsue,JP,32,AF,,
JPUAO,Urago,Urago,JP,32,AF,,
JPUBJ,Ube,Ube,JP,35,AF,,
JPUBK,Ushibuka,Ushibuka,JP,43,AF,,
JPUBY,Ubuyu,Ubuyu,JP,32,AF,,
JPUCH,Uchiumi,Uchiumi,JP,45,AF,,
JPUCN,Uchinomi,Uchinomi,JP,37,AF,,
JPUCR,"Uchiura, Ishikawa","Uchiura, Ishikawa",JP,17,AF,,
JPUCU,"Uchiura, Fukui","Uchiura, Fukui",JP,18,AF,,
JPUDD,Udo,Udo,JP,46,AF,,
JPUDO,Udono,Udono,JP,24,AF,,
JPUEC,Uechi,Uechi,JP,47,AF,,
JPUGA,Uga,Uga,JP,32,AF,,
JPUGU,Ugusu,Ugusu,JP,22,AF,,
JPUHH,Uchihana,Uchihana,JP,47,AF,,
JPUJI,Ujina,Ujina,JP,34,AF,,
JPUJY,Ujiyamada,Ujiyamada,JP,24,AF,,
JPUKA,Usuka,Usuka,JP,42,AF,,
JPUKB,Kobe,Kobe,JP,28,AF,3441N 13510E,
JPUKI,Ukui,Ukui,JP,30,AF,,
JPUKJ,Ukejima,Ukejima,JP,46,AF,,
JPUKN,Uken,Uken,JP,46,AF,,
JPUKT,Ukitsu,Ukitsu,JP,46,AF,,
JPUMG,Umagoe,Umagoe,JP,37,AF,,
JPUNM,Uranomae,Uranomae,JP,46,AF,,
JPUNO,Uno,Uno,JP,33,AF,,
JPUNS,Unoshima,Unoshima,JP,40,AF,,
JPUNT,Unten,Unten,JP,47,AF,,
JPUNU,Uchinourahetsuka,Uchinourahetsuka,JP,46,AF,,
JPUOM,Uomi,Uomi,JP,46,AF,,
JPUOU,"Uozu, Shimane","Uozu, Shimane",JP,32,AF,,
JPUOZ,"Uozu, Toyama","Uozu, Toyama",JP,16,AF,,
JPURA,Ura,Ura,JP,28,AF,,
JPURG,Uraga,Uraga,JP,14,AF,,
JPURH,Urahara,Urahara,JP,46,AF,,
JPURK,Urakawa,Urakawa,JP,01,AF,,
JPURM,Uragami,Uragami,JP,30,AF,,
JPURR,Urashiro,Urashiro,JP,44,AF,,
JPURS,Urasoko,Urasoko,JP,46,AF,,
JPURU,Furumi,Furumi,JP,32,AF,,
JPUSA,Usa/Tosa,Usa/Tosa,JP,39,AF,,
JPUSG,Ushigakubijima,Ushigakubijima,JP,37,AF,,
JPUSH,Ushimado,Ushimado,JP,33,AF,,
JPUSI,Ushine,Ushine,JP,46,AF,,
JPUSJ,Usujiri,Usujiri,JP,01,AF,,
JPUSK,Usuki,Usuki,JP,44,AF,,
JPUSN,Usuno,Usuno,JP,44,AF,,
JPUST,Ushitsu,Ushitsu,JP,17,AF,,
JPUSU,Usunoura,Usunoura,JP,42,AF,,
JPUTM,"Utsumi, Aichi","Utsumi, Aichi",JP,23,AF,,
JPUTS,"Utsumi, Hiroshima","Utsumi, Hiroshima",JP,34,AF,,
JPUTZ,Utazu,Utazu,JP,37,AF,,
JPUUN,Unnan,Unnan,JP,32,RL,3517N 13254E,
JPUUR,Uchinoura,Uchinoura,JP,46,AF,,
JPUWA,Uwajima,Uwajima,JP,38,AF,,
JPUZK,Uzuki,Uzuki,JP,32,AF,,
JPWAD,Wadomari,Wadomari,JP,46,AF,,
JPWAI,Waita,Waita,JP,35,AF,,
JPWAK,Wakayama,Wakayama,JP,30,AF,,
JPWAM,Wakamatsu/Kitakyushu,Wakamatsu/Kitakyushu,JP,40,AF,3353N 13049E,
JPWAN,Wan,Wan,JP,46,AF,,
JPWAT,Watanoha,Watanoha,JP,04,AF,,
JPWDA,Wada,Wada,JP,18,AF,,
JPWJM,Wajima,Wajima,JP,17,AF,,
JPWKI,Wakimisaki,Wakimisaki,JP,42,AF,,
JPWKJ,Wakkanai,Wakkanai,JP,01,AF,,
JPWKR,Wakura,Wakura,JP,17,AF,,
JPWKT,Wakatsu,Wakatsu,JP,40,AF,,
JPWKW,Wakinosawa,Wakinosawa,JP,02,AF,,
JPWKZ,Wakizaki,Wakizaki,JP,46,AF,,
JPWMT,Wakimoto,Wakimoto,JP,38,AF,,
JPWNA,Wano,Wano,JP,46,AF,,
JPWNI,Waniura,Waniura,JP,42,AF,,
JPWSB,Washibeyanoura,Washibeyanoura,JP,34,AF,,
JPWTU,"Wakamatsu, Nagasaki","Wakamatsu, Nagasaki",JP,42,AF,,
JPXCA,Niikappu,Niikappu,JP,01,AF,4222N 14219E,
JPYAA,Yanagi,Yanagi,JP,43,AF,,
JPYAD,"Yamada, Iwate","Yamada, Iwate",JP,03,AF,,
JPYAG,"Yagi, Hyogo","Yagi, Hyogo",JP,28,AF,,
JPYAM,Yamagawa,Yamagawa,JP,46,AF,,
JPYAN,Yanai,Yanai,JP,35,AF,,
JPYAS,Yasumiya,Yasumiya,JP,02,AF,,
JPYAT,Yatsushiro,Yatsushiro,JP,43,AF,,
JPYBK,Yobuko,Yobuko,JP,41,AF,,
JPYBT,Yubetsu,Yubetsu,JP,01,AF,,
JPYCH,Yachiyo,Yachiyo,JP,12,RL,3544N 14006E,
JPYDA,"Yoshida, Aichi","Yoshida, Aichi",JP,23,AF,,
JPYDM,Yudomari,Yudomari,JP,46,AF,,
JPYGE,Yuge,Yuge,JP,38,AF,,
JPYGH,Yamaguchihigashi,Yamaguchihigashi,JP,35,AF,,
JPYGI,"Yagi, Iwate","Yagi, Iwate",JP,03,AF,,
JPYGR,Yagishiri,Yagishiri,JP,01,AF,,
JPYHA,Yoshiura/Yunotsu,Yoshiura/Yunotsu,JP,32,AF,,
JPYHI,Yoshiumi,Yoshiumi,JP,38,AF,3408N 13302E,
JPYIC,Yoichi,Yoichi,JP,01,AF,,
JPYKK,Yokkaichi,Yokkaichi,JP,24,AF,,
JPYKS,Yokoshima/Kurahashi,Yokoshima/Kurahashi,JP,34,AF,,
JPYKT,"Yokota, Hiroshima","Yokota, Hiroshima",JP,34,AF,,
JPYKU,Yakuzu,Yakuzu,JP,46,AF,,
JPYMA,Yasurahama,Yasurahama,JP,46,AF,,
JPYMC,Yumachi,Yumachi,JP,32,AF,,
JPYMD,"Yamada, Okayama","Yamada, Okayama",JP,33,AF,,
JPYMG,Yamaguchi,Yamaguchi,JP,35,AF,,
JPYMN,Yamanoura,Yamanoura,JP,43,AF,,
JPYMT,Yamatani,Yamatani,JP,32,AF,,
JPYMU,Yumugi,Yumugi,JP,46,AF,,
JPYNE,Yaene,Yaene,JP,13,AF,,
JPYNI,Yani,Yani,JP,46,AF,,
JPYNM,Yunomochiki,Yunomochiki,JP,46,AF,,
JPYNN,Yanma,Yanma,JP,46,AF,,
JPYNT,Yunotsu,Yunotsu,JP,32,AF,,
JPYNZ,Yonouzu,Yonouzu,JP,44,AF,,
JPYOC,Yoichigaura,Yoichigaura,JP,43,AF,,
JPYOG,Yonegura,Yonegura,JP,33,AF,,
JPYOK,Yokohama,Yokohama,JP,14,AF,3527N 13939E,
JPYOR,Yoro,Yoro,JP,46,AF,,
JPYOS,Yokosuka,Yokosuka,JP,14,AF,3517N 13940E,
JPYOT,Yotsukura,Yotsukura,JP,07,AF,,
JPYOU,Youra,Youra,JP,44,AF,,
JPYQD,Yamada,Yamada,JP,28,AF,,
JPYRA,"Yura, Hyogo","Yura, Hyogo",JP,28,AF,,
JPYRG,Yurigahama,Yurigahama,JP,46,AF,,
JPYRO,Yoro,Yoro,JP,21,RL,3518N 13633E,
JPYSD,"Yoshida, Ehime","Yoshida, Ehime",JP,38,AF,,
JPYSG,Yasugi,Yasugi,JP,32,AF,,
JPYSH,Yuasahiro,Yuasahiro,JP,30,AF,,
JPYSM,Yoshima,Yoshima,JP,37,AF,,
JPYSN,Yoshinozaki,Yoshinozaki,JP,37,AF,,
JPYSR,Yoshiura/Misumi,Yoshiura/Misumi,JP,32,AF,,
JPYSS,Yoshiase,Yoshiase,JP,34,AF,,
JPYSU,Yoshiura,Yoshiura,JP,34,AF,,
JPYSZ,Yoshizu,Yoshizu,JP,24,AF,,
JPYTI,Yutai,Yutai,JP,38,AF,,
JPYUA,"Yura, Yamaguchi","Yura, Yamaguchi",JP,35,AF,,
JPYUJ,"Yura, Yamagata","Yura, Yamagata",JP,06,AF,,
JPYUK,Yuki,Yuki,JP,36,AF,,
JPYUR,"Yura, Wakayama","Yura, Wakayama",JP,30,AF,,
JPYUS,Yusu,Yusu,JP,38,AF,,
JPYUU,Yuu,Yuu,JP,35,AF,,
JPYWH,Yawatahama,Yawatahama,JP,38,AF,,
JPYWN,Yuwan,Yuwan,JP,46,AF,,
JPYWT,Yawata/Kitakyushu,Yawata/Kitakyushu,JP,40,RL,3351N 13048E,
JPYYA,Awano,Awano,JP,35,AF,,
JPYZU,Yaizu,Yaizu,JP,22,AF,,
JPZKA,Iizuka,Iizuka,JP,40,RL,3339N 13041E,
JPZMM,Zamami,Zamami,JP,47,AF,,
KEKIL,Kilindini,Kilindini,KE,,RL,,
KEKIS,Kisumu,Kisumu,KE,,AI,,
KELAU,Lamu,Lamu,KE,,AI,,
KEMBA,Mombasa,Mombasa,KE,,AI,,
KEMYD,Malindi,Malindi,KE,,AI,,
KESIA,Siaya,Siaya,KE,38,RL,0004N 03417E,
KESMN,Shimoni,Shimoni,KE,19,RL,0439S 03923E,
KHCHE,Cheko,Cheko,KH,,QQ,,
KHKKO,Kas Kong,Kas Kong,KH,,QQ,,
KHKOS,Kâmpóng Saôm,Kampong Saom,KH,,AI,1036N 10331E,
KHPNH,Phnom Penh,Phnom Penh,KH,,AI,,
KHTKH,Ta Khmau,Ta Khmau,KH,12,RL,1129N 10457E,
KIBIR,Birnie Island,Birnie Island,KI,P,RL,0335S 17131W,
KIEBI,Enderbury Island,Enderbury Island,KI,P,RL,0309S 17105W,
KIFIS,Fanning Islands,Fanning Islands,KI,,QQ,,
KIHUL,Hull Island,Hull Island,KI,P,RL,0431S 17211W,
KIMCK,Mckean Island,Mckean Island,KI,P,RL,0335S 17407W,
KINIK,Nikumaroro,Nikumaroro,KI,P,RL,0441S 17431W,
KIPHO,Phoenix Islands,Phoenix Islands,KI,,QQ,,
KISYI,Sydney Island,Sydney Island,KI,P,RL,0428S 17115W,
KITRW,Tarawa,Tarawa,KI,,AI,,
KIWNI,Washington Islands,Washington Islands,KI,,QQ,,
KMAJN,Anjouan Apt,Anjouan Apt,KM,A,AI,1215S 04425E,
KMFOU,"Foumboni, Moheli","Foumboni, Moheli",KM,,RL,,
KMMUT,"Mutsamudu, Anjouan","Mutsamudu, Anjouan",KM,A,RL,1209S 04423E,
KMYVA,Moroni,Moroni,KM,,AI,,
KNBAS,"Basseterre, Saint Kitts","Basseterre, Saint Kitts",KN,,AI,,
KNCHA,Charlestown,Charlestown,KN,,RL,1708N 06237W,
KNNEV,Nevis,Nevis,KN,,AI,1709N 06235W,
KPCHO,Chongjin,Chongjin,KP,09,AA,,
KPGEN,Gensan,Gensan,KP,,QQ,,
KPHAE,Haeju,Haeju,KP,05,AA,,
KPHGM,Hungnam,Hungnam,KP,08,AA,,
KPNAM,Nampo,Nampo,KP,14,AA,,
KPODA,Odaejin,Odaejin,KP,,AS,4123N 12945E,
KPRIW,Riwon,Riwon,KP,,AS,4019N 12838E,
KPRJN,Rajin (Najin),Rajin (Najin),KP,13,AA,4213N 13017E,
KPSAM,Samcha do,Samcha do,KP,,AS,3924N 12443E,
KPSGN,Songnim,Songnim,KP,06,AA,3846N 12535E,
KPSIN,Sinpo,Sinpo,KP,,AS,4004N 12816E,
KPSON,Songjin,Songjin,KP,,RL,,
KPTCH,Tanchon,Tanchon,KP,08,AA,4025N 12856E,
KPWON,Wonsan,Wonsan,KP,07,AA,,
KRANJ,Anjeong,Anjeong,KR,48,RL,3457N 12826E,
KRAWL,Aewol,Aewol,KR,49,AF,3327N 12619E,
KRBIN,Biin,Biin,KR,44,AF,3607N 12629E,
KRBJG,Busanjin-Gu,Busanjin-Gu,KR,26,RL,3509N 12903E,
KRBNP,Busan New Port,Busan New Port,KR,26,RL,3505N 12849E,
KRBOR,Boryeong,Boryeong,KR,44,AF,3619N 12630E,
KRBUK,Bupyong/Incheon,Bupyong/Incheon,KR,28,RL,3730N 12908E,
KRCGY,Chungyang,Chungyang,KR,30,RL,,
KRCHA,Jeju,Jeju,KR,49,AF,3330N 12631E,
KRCHF,Jinhae,Jinhae,KR,48,AI,3508N 12839E,
KRCHG,Janghang/Seocheon-gun,Janghang/Seocheon-gun,KR,44,AF,3600N 12641E,
KRCJA,Chuja,Chuja,KR,49,AF,3357N 12618E,
KRDBL,Daebul/Yeongam-gun,Daebul/Yeongam-gun,KR,46,AF,3445N 12626E,
KRDCN,Daecheon,Daecheon,KR,44,AF,3619N 12630E,
KRDDO,Dokdo,Dokdo,KR,47,AF,3714N 13151E,
KRDHS,Daeheuksando,Daeheuksando,KR,46,AF,3441N 12526E,
KRGDO,Galdoo,Galdoo,KR,46,AF,3418N 12631E,
KRGGH,Gageohyangri,Gageohyangri,KR,46,AF,3404N 12505E,
KRGGU,Ganggu,Ganggu,KR,46,AF,3621N 12923E,
KRGIN,Gyeongin,Gyeongin,KR,28,AF,3732N 12636E,
KRGMD,Geomundo,Geomundo,KR,46,AF,3401N 12718E,
KRGRP,Guryongpo,Guryongpo,KR,47,AF,3559N 12933E,
KRHAR,Haryana,Haryana,KR,26,RL,,
KRHAS,Hosan,Hosan,KR,42,AF,3710N 12921E,
KRHDO,Hongdo,Hongdo,KR,46,AF,3439N 12511E,
KRHHP,Hwahungpo,Hwahungpo,KR,46,AF,3418N 12640E,
KRHLM,Hallim,Hallim,KR,49,AF,3325N 12615E,
KRHPO,Hupo,Hupo,KR,47,AF,3640N 12927E,
KRHSN,Hwasun,Hwasun,KR,49,AF,3314N 12620E,
KRINC,Incheon,Incheon,KR,28,AF,3727N 12637E,
KRJHA,Junghwa,Junghwa,KR,48,AF,3447N 12822E,
KRJMJ,Jumunjin,Jumunjin,KR,42,AF,3753N 12850E,
KRKAN,Gwangyang,Gwangyang,KR,46,AF,3456N 12742E,
KRKCN,Gamcheon/Busan,Gamcheon/Busan,KR,26,AF,3505N 12900E,
KRKDO,Kukdo,Kukdo,KR,47,AF,3432N 12826E,
KRKHN,Gohyeon/Geoje,Gohyeon/Geoje,KR,48,AF,3453N 12837E,
KRKJE,Geoje,Geoje,KR,48,AF,3451N 12835E,
KRKPO,Pohang,Pohang,KR,47,AF,3602N 12922E,
KRKUV,Gunsan,Gunsan,KR,45,AF,3559N 12643E,
KRKWA,Kwangyang,Kwangyang,KR,49,RL,3330N 12632E,
KRMAS,Masan,Masan,KR,48,AF,3512N 12834E,
KRMIP,Mipo/Ulsan,Mipo/Ulsan,KR,31,AF,3531N 12926E,
KRMOK,Mokpo,Mokpo,KR,46,AF,3448N 12623E,
KRMUK,Mukho/Donghae,Mukho/Donghae,KR,42,AF,3732N 12906E,
KRNDS,Nokdongsin,Nokdongsin,KR,46,AF,3431N 12708E,
KRNRD,Narodo,Narodo,KR,46,AF,3423N 12715E,
KROKK,Okgye/Gangneung,Okgye/Gangneung,KR,42,AF,3736N 12902E,
KROKP,Okpo/Geoje,Okpo/Geoje,KR,48,AF,3453N 12842E,
KRONS,Onsan/Ulsan,Onsan/Ulsan,KR,31,AF,3526N 12921E,
KRPTK,Pyeongtaek,Pyeongtaek,KR,41,AF,3658N 12706E,
KRPUS,Busan,Busan,KR,26,AF,3508N 12903E,
KRSBU,South Busan,South Busan,KR,26,AF,3505N 12909E,
KRSCP,Samcheonpo/Sacheon,Samcheonpo/Sacheon,KR,48,AF,3455N 12804E,
KRSEL,Seoul,Seoul,KR,11,AF,3731N 12656E,
KRSGG,Songgong,Songgong,KR,46,AF,3450N 12613E,
KRSHG,Sinhang/Pohang,Sinhang/Pohang,KR,48,AF,3605N 12933E,
KRSHO,Sokcho,Sokcho,KR,42,AF,3812N 12835E,
KRSMA,Shinma,Shinma,KR,46,AF,3426N 12651E,
KRSPO,Seogwipo,Seogwipo,KR,49,AF,3314N 12633E,
KRSSP,Seongsan-po,Seongsan-po,KR,49,AF,3327N 12655E,
KRSUK,Samcheok,Samcheok,KR,42,AF,3726N 12911E,
KRSUO,Suwon,Suwon,KR,41,RL,3715N 12714E,
KRSWD,Sangwangdeungdo,Sangwangdeungdo,KR,45,AF,3539N 12608E,
KRTAN,Taean-gun,Taean-gun,KR,44,AF,3643N 12616E,
KRTGA,Tonghae,Tonghae,KR,42,RL,3732N 12906E,
KRTGH,Donghae,Donghae,KR,42,AF,3729N 12907E,
KRTJI,Dangjin,Dangjin,KR,44,AF,3658N 12647E,
KRTSN,Daesan/Seosan,Daesan/Seosan,KR,44,AF,3700N 12622E,
KRTYG,Tongyeong,Tongyeong,KR,48,AF,3450N 12825E,
KRULL,Ulleung,Ulleung,KR,47,AF,3728N 13054E,
KRUSN,Ulsan,Ulsan,KR,31,AF,3532N 12919E,
KRWND,Wando-gun,Wando-gun,KR,46,AF,3418N 12645E,
KRYGP,Yonggipo,Yonggipo,KR,28,AF,3757N 12443E,
KRYOC,Yochon,Yochon,KR,47,AF,3639N 12827E,
KRYOS,Yeosu,Yeosu,KR,46,AF,3445N 12743E,
KRYPD,Yeonpyeongdo,Yeonpyeongdo,KR,28,AF,3739N 12542E,
KWDOH,Doha,Doha,KW,KU,RL,2923N 04748E,
KWJBD,Jebel Dhana,Jebel Dhana,KW,,QQ,,
KWKHT,As Sulaybikhat,As Sulaybikhat,KW,AH,RL,,
KWKWI,Kuwait,Kuwait,KW,,AI,,
KWKWM,Khor al Mufatta,Khor al Mufatta,KW,,QQ,,
KWMEA,Mina' al Ahmadi,Mina' al Ahmadi,KW,,RL,2904N 04809E,
KWMIB,Mina' 'Abd Allah,Mina' 'Abd Allah,KW,,RL,2901N 04810E,
KWMIS,Mina Saud,Mina Saud,KW,,RL,2846N 04828E,
KWMZR,Mina Al Zour,Mina Al Zour,KW,AH,RL,2843N 04824E,
KWSAA,Shuaiba,Shuaiba,KW,,RL,2902N 04808E,
KWSAL,As Salimiyah,As Salimiyah,KW,,RL,2920N 04805E,
KWSMY,Salmiya,Salmiya,KW,HA,RL,2920N 04805E,
KWSWK,Shuwaikh,Shuwaikh,KW,,RL,2921N 04756E,
KYGEC,"Georgetown, Grand Cayman","Georgetown, Grand Cayman",KY,,AI,1918N 08123W,
KZAAU,Aktau,Aktau,KZ,47,AI,4339N 05109E,
KZBTN,Bautino,Bautino,KZ,,RL,4432N 05015E,
KZTAU,Temirtau,Temirtau,KZ,35,RL,5003N 07257E,
LBACT,Amchit,Amchit,LB,JL,RL,3409N 03538E,
LBBEY,Beirut,Beirut,LB,BA,AI,3350N 03529E,
LBBRU,Brummana,Brummana,LB,JL,RL,3553N 03537E,
LBBYL,Byblos,Byblos,LB,JL,RL,3407N 03539E,
LBCHK,Chekka,Chekka,LB,,QQ,,
LBDRA,Dora,Dora,LB,JL,RL,3355N 03534E,
LBJIE,Jieh,Jieh,LB,,RL,,
LBKHA,Khalde,Khalde,LB,,RL,,
LBKYE,Tripoli,Tripoli,LB,,AI,,
LBLN8,Bekaa,Bekaa,LB,BI,RL,3400N 03608E,
LBOUZ,Ouzai,Ouzai,LB,,RL,,
LBSAY,Saydå,Sayda,LB,,RL,3333N 03522E,
LBSEL,Selaata,Selaata,LB,,RL,,
LBSUR,Sur (Tyre),Sur (Tyre),LB,,QQ,,
LBZHR,Zahrani Terminal,Zahrani Terminal,LB,,RL,,
LBZUK,Zouk,Zouk,LB,JL,RL,3358N 03538E,
LCCAS,Castries,Castries,LC,,RL,1401N 06058W,
LCCDS,Cul de Sac,Cul de Sac,LC,,RL,,
LCVIF,Vieux Fort,Vieux Fort,LC,,RL,,
LKBRW,Beruwala,Beruwala,LK,,QQ,,
LKBTC,Batticoloa,Batticoloa,LK,,AI,,
LKCMB,Colombo,Colombo,LK,11,AI,0655N 07951E,
LKGAL,Galle,Galle,LK,,QQ,,
LKHBA,Hambantota,Hambantota,LK,,RL,0607N 08107E,
LKJAF,Jaffna,Jaffna,LK,,AI,,
LKJCT,Jaya Container Terminal,Jaya Container Terminal,LK,,RL,,
LKKAL,Kalpitiya,Kalpitiya,LK,,QQ,,
LKKAY,Kayts,Kayts,LK,,QQ,,
LKKCT,Koggala,Koggala,LK,,RL,0559N 08020E,
LKKNK,Kankesanturai,Kankesanturai,LK,,QQ,,
LKKON,Kondavattavan,Kondavattavan,LK,,RL,0717N 08138E,
LKMAN,Mannar,Mannar,LK,,QQ,,
LKMAW,Mawella,Mawella,LK,,RL,0559N 08044E,
LKMUL,Mulativu,Mulativu,LK,,QQ,,
LKOLU,Oluvil,Oluvil,LK,,RL,0717N 08151E,
LKPPE,Point Pedro,Point Pedro,LK,,QQ,,
LKSGT,South Asia Gateway Terminal,South Asia Gateway Terminal,LK,,RL,,
LKTAL,Talaimannar,Talaimannar,LK,,QQ,,
LKTRR,Trincomalee,Trincomalee,LK,,AI,,
LKUCT,Unity Container Terminal,Unity Container Terminal,LK,,RL,,
LRCMT,Cape Mount,Cape Mount,LR,,QQ,,
LRCPA,Cape Palmas,Cape Palmas,LR,,AI,,
LRFIM,Fimibo,Fimibo,LR,,QQ,,
LRGBS,Grand Bassa,Grand Bassa,LR,,QQ,,
LRGRE,Greenville,Greenville,LR,,QQ,,
LRHAR,Harper,Harper,LR,MY,RL,0422N 00743W,
LRLOB,Lower Buchanan,Lower Buchanan,LR,,QQ,,
LRMAR,Marshall,Marshall,LR,,QQ,,
LRMLW,Monrovia,Monrovia,LR,MO,AI,0618N 01048W,
LRROX,Robertsport,Robertsport,LR,,QQ,,
LRRVC,River Cess,River Cess,LR,,AI,0528N 00935W,
LRSAB,Sarioe Bay,Sarioe Bay,LR,,QQ,,
LRSAZ,Sasstown,Sasstown,LR,,AI,,
LRSNI,Sinoe,Sinoe,LR,,AI,,
LRTRT,Trade Town,Trade Town,LR,,QQ,,
LRUCN,Buchanan,Buchanan,LR,,AI,,
LTBOT,Botingé,Botinge,LT,,RL,5604N 02107E,
LTKLJ,Klaipeda,Klaipeda,LT,,AI,,
LTMLM,Malku ilankos juru uosto PVP/Klaipeda,Malku ilankos juru uosto PVP/Klaipeda,LT,KL,AA,5543N 02107E,
LTMOM,Molo juru uosto PVP/Klaipeda,Molo juru uosto PVP/Klaipeda,LT,KL,AA,5543N 02106E,
LTPLM,Pilies juru uosto PVP/Klaipeda,Pilies juru uosto PVP/Klaipeda,LT,KL,AA,5543N 02105E,
LUBKM,Bech-Kleinmacher,Bech-Kleinmacher,LU,,RL,4932N 00621E,
LUEZT,Esch-sur-Alzette,Esch-sur-Alzette,LU,,RL,4930N 00559E,
LUHDK,Huldange,Huldange,LU,D,RL,5009N 00600E,
LULUX,Luxembourg,Luxembourg,LU,,AI,,
LUMRT,Mertert,Mertert,LU,,RL,4942N 00629E,
LUROD,Rodange,Rodange,LU,,RL,,
LUWLG,Wormeldange,Wormeldange,LU,L,RL,4936N 00624E,
LUXXX,RIS Inland waterways,RIS Inland waterways,LU,,AI,,
LUZXC,Grundhof,Grundhof,LU,G,RL,4950N 00619E,
LVEGE,Engure,Engure,LV,029,RL,5710N 02313E,
LVLPX,Liepaja,Liepaja,LV,LPX,AI,5631N 02101E,
LVMRX,Mersrags,Mersrags,LV,063,AA,5720N 02306E,
LVPVT,Pavilosta,Pavilosta,LV,071,RL,5653N 02111E,
LVRIX,Riga,Riga,LV,RIX,AI,,
LVROJ,Roja,Roja,LV,079,RL,5730N 02248E,
LVSAL,Salacgriva,Salacgriva,LV,054,RL,5745N 02421E,
LVSKU,Skulte,Skulte,LV,054,RL,5719N 02426E,
LVVNT,Ventspils,Ventspils,LV,VEN,QQ,,
LVZJA,Jurmala,Jurmala,LV,JUR,RL,5657N 02345E,
LYABA,Al Bayda,Al Bayda,LY,,QQ,,
LYABK,Abu Kammash,Abu Kammash,LY,,RL,,
LYAPO,Apollonia,Apollonia,LY,,QQ,,
LYBAR,Bardiyah,Bardiyah,LY,,RL,3146N 02506E,
LYBEN,Bingazi (Benghazi),Bingazi (Benghazi),LY,,AI,,
LYBOU,El Bouri,El Bouri,LY,,RL,,
LYBUA,Bu'ayrat al Hasun,Bu'ayrat al Hasun,LY,,RL,3124N 01544E,
LYDRX,Darnah,Darnah,LY,,QQ,3246N 02238E,
LYELK,El Choms,El Choms,LY,,RL,3239N 01416E,
LYESI,As Sidr,As Sidr,LY,,RL,3038N 01822E,
LYKHO,Al Khums,Al Khums,LY,,RL,3239N 01416E,
LYLMQ,Marsa Brega,Marsa Brega,LY,,AI,,
LYMEH,Marsa El Hania,Marsa El Hania,LY,,QQ,,
LYMEL,Mellitah (Qasr Ahmed),Mellitah (Qasr Ahmed),LY,MI,RL,3236N 01521E,
LYMHR,Marsa el Hariga,Marsa el Hariga,LY,,RL,3203N 02400E,
LYMRA,Misurata,Misurata,LY,,AI,,
LYMTH,Melittah,Melittah,LY,TB,RL,,
LYRLA,Ras Lanuf,Ras Lanuf,LY,,QQ,,
LYSOU,Soussah,Soussah,LY,,QQ,,
LYSRT,Sirte (Surt),Sirte (Surt),LY,,QQ,,
LYTAG,Tagiura,Tagiura,LY,,QQ,,
LYTIP,Tripoli,Tripoli,LY,,AI,,
LYTOA,Toulmeitha,Toulmeitha,LY,,QQ,,
LYTOB,Tobruk,Tobruk,LY,,AI,,
LYTUK,Tukrah,Tukrah,LY,,QQ,,
LYZAW,Az Zawiyah,Az Zawiyah,LY,,RL,3245N 01243E,
LYZLI,Zliten,Zliten,LY,,QQ,,
LYZUA,Zuara,Zuara,LY,,QQ,,
MA6KN,Souq Larb'A Al Gharb,Souq Larb'A Al Gharb,MA,KEN,AA,3440N 00558W,
MAAGA,Agadir,Agadir,MA,,AI,,
MAAHU,Al Hoceïma,Al Hoceima,MA,,AI,3515N 00356W,
MAANZ,Anza,Anza,MA,AGD,RL,3027N 00939W,
MAASI,Asilah,Asilah,MA,,QQ,,
MAAZE,Azemmour,Azemmour,MA,,QQ,,
MABUJ,Boujdour,Boujdour,MA,BOD,AM,2608N 01429W,
MACAS,Casablanca,Casablanca,MA,CAS,AI,3335N 00736W,
MAD2V,Ar Rommani,Ar Rommani,MA,KHE,AA,3331N 00636W,
MAELJ,El Jadida,El Jadida,MA,JDI,RL,3315N 00830W,
MAESS,Essaouira,Essaouira,MA,ESI,RL,3125N 00930W,
MAEUN,Laayoune (El Aaiun),Laayoune (El Aaiun),MA,,AI,,
MAJFL,Jorf Lasfar,Jorf Lasfar,MA,,RL,,
MALAR,Larache,Larache,MA,,QQ,,
MAMOH,Mohammedia,Mohammedia,MA,,QQ,,
MANDR,Nador,Nador,MA,,AI,,
MANNA,Kenitra (ex Port Lyautey),Kenitra (ex Port Lyautey),MA,,AI,,
MANPS,"Nouveau Port Safi, Sidi Boudenyan","Nouveau Port Safi, Sidi Boudenyan",MA,SAF,AA,3210N 00916W,
MAPTM,Tanger Med,Tanger Med,MA,TNG,AI,,
MARBA,Rabat,Rabat,MA,,AI,,
MAREM,Ras El Ma,Ras El Ma,MA,NAD,AA,3507N 00224W,
MARNA,Roches Noires,Roches Noires,MA,MOH,RL,3336N 00734W,
MASAL,Salé,Sale,MA,,RL,3402N 00648W,
MASFI,Safi,Safi,MA,,AI,,
MASII,Sidi Ifni,Sidi Ifni,MA,,AI,,
MASMD,Aït Melloul,Ait Melloul,MA,13,RL,3020N 00929W,
MATEM,Temara,Temara,MA,06,RL,,
MATNG,Tangier,Tangier,MA,,AI,3547N 00549W,
MATTU,Tétouan,Tetouan,MA,,AI,3534N 00523W,
MAVIL,Dakhla,Dakhla,MA,,AI,,
MCMCM,Monte-Carlo,Monte-Carlo,MC,,AI,4344N 00725E,
MCMON,Monaco,Monaco,MC,,QQ,,
MDGIU,Giurgiulesti,Giurgiulesti,MD,CA,RL,4528N 02811E,
MDXXX,RIS Inland waterways,RIS Inland waterways,MD,,AI,,
MEBAR,Bar,Bar,ME,,RL,4205N 01905E,
MEBIJ,Bijela,Bijela,ME,,RL,4227N 01840E,
MEBUD,Budva,Budva,ME,05,RL,4217N 01850E,
MEHNO,Hercegnovi,Hercegnovi,ME,,RL,4227N 01832E,
MEIGL,Igalo,Igalo,ME,,RL,4228N 01831E,
MEKOT,Kotor,Kotor,ME,10,RL,4225N 01846E,
MEPVC,Petrovac,Petrovac,ME,,RL,4212N 01856E,
MERSN,Risan (Risano),Risan (Risano),ME,,RL,4231N 01842E,
METIV,Tivat,Tivat,ME,19,RL,4226N 01842E,
MEULC,Ulcinj,Ulcinj,ME,20,RL,4155N 01912E,
MEZEL,Zelenika,Zelenika,ME,,RL,4227N 01835E,
MFGES,Galisbay,Galisbay,MF,,RL,1804N 06305W,
MFMAR,Marigot,Marigot,MF,,RL,1804N 06305W,
MGADK,Androka,Androka,MG,,QQ,,
MGANM,Antalaha,Antalaha,MG,,AI,,
MGBIK,Brickaville,Brickaville,MG,,QQ,,
MGBMD,Belo,Belo,MG,,AI,,
MGBPY,Besalampy,Besalampy,MG,,AI,,
MGBRR,Barren Islands,Barren Islands,MG,,QQ,,
MGDIE,Antsiranana,Antsiranana,MG,,AI,,
MGDWB,Soalala,Soalala,MG,,AI,,
MGEHL,Ehoala,Ehoala,MG,U,RL,2504S 04657E,
MGFTU,Fort Dauphin (Toalagnaro),Fort Dauphin (Toalagnaro),MG,,AI,,
MGHLV,Hell-Ville,Hell-Ville,MG,,QQ,,
MGMJN,Majunga (Mahajanga),Majunga (Mahajanga),MG,,AI,,
MGMNJ,Mananjary,Mananjary,MG,,AI,,
MGMOB,Manombo,Manombo,MG,,QQ,,
MGMOQ,Morondava,Morondava,MG,,AI,,
MGMXM,Morombe,Morombe,MG,,AI,,
MGMXT,Maintirano,Maintirano,MG,,AI,,
MGNOS,Nosy-Be,Nosy-Be,MG,,AI,1320S 04815E,
MGNOV,Nosy-Varika,Nosy-Varika,MG,,QQ,,
MGPSL,Port Saint Louis,Port Saint Louis,MG,,RL,,
MGRVA,Farafangana,Farafangana,MG,,AI,,
MGSVB,Sambava,Sambava,MG,,AI,,
MGTLE,Tulear (Toliara),Tulear (Toliara),MG,,AI,,
MGTMM,Tamatave (Toamasina),Tamatave (Toamasina),MG,,AI,,
MGTOA,Toamasina,Toamasina,MG,,RL,,
MGVAT,Vatomandry,Vatomandry,MG,,AI,,
MGVEH,Vehiperro,Vehiperro,MG,,QQ,,
MGVVB,Mahanoro,Mahanoro,MG,,AI,,
MGWMN,Maroantsetra,Maroantsetra,MG,,AI,,
MGWMR,Mananara,Mananara,MG,,AI,,
MGWVK,Manakara,Manakara,MG,,AI,,
MHMAJ,Majuro,Majuro,MH,MAJ,AI,0706N 17123E,
MHTAR,Taroa,Taroa,MH,,RL,,
MKDKJ,Demir Kapija,Demir Kapija,MK,103,RL,4124N 02214E,
MKNOD,Novi Dojran,Novi Dojran,MK,406,RL,4113N 02242E,
MKRAD,Radovis,Radovis,MK,409,RL,4139N 02230E,
MKSNI,Sveti Nikole,Sveti Nikole,MK,108,RL,4151N 02156E,
MMAKY,Akyab (Sittwe),Akyab (Sittwe),MM,,AI,,
MMBIL,Bilin,Bilin,MM,,QQ,,
MMBOG,Bogale,Bogale,MM,,QQ,,
MMBSX,Bassein,Bassein,MM,,AI,,
MMHEB,Henzada,Henzada,MM,,AI,,
MMINS,Insein,Insein,MM,,QQ,,
MMKYA,Kyaiklat,Kyaiklat,MM,07,RL,1634N 09547E,
MMKYP,Kyaukpyu,Kyaukpyu,MM,,AI,,
MMMAR,Martaban,Martaban,MM,,QQ,,
MMMER,Mergui,Mergui,MM,,QQ,,
MMMNU,Mawlamyine (Moulmein),Mawlamyine (Moulmein),MM,,QQ,,
MMMUR,Murdon,Murdon,MM,,QQ,,
MMMXE,Male,Male,MM,,RL,,
MMPEG,Pegu,Pegu,MM,,QQ,,
MMRGN,Yangon,Yangon,MM,,AI,,
MMSNW,Thandwe (ex Sandoway),Thandwe (ex Sandoway),MM,,AI,,
MMTAS,Tah Sala,Tah Sala,MM,,QQ,,
MMTAV,Tavoy,Tavoy,MM,,QQ,,
MMTEN,Tanintharyi,Tanintharyi,MM,,RL,1205N 09901E,
MMTER,Terutao Island,Terutao Island,MM,,QQ,,
MMTHA,Thaton,Thaton,MM,,QQ,,
MMTLA,Thilawa,Thilawa,MM,06,RL,1639N 09615E,
MMVIC,Victoria Point,Victoria Point,MM,,QQ,,
MMXYE,Ye,Ye,MM,,AI,,
MOMFM,Macau,Macau,MO,,AI,2212N 11332E,
MPSPN,Saipan,Saipan,MP,,AI,,
MQADA,Les Anses-d'Arlet,Les Anses-d'Arlet,MQ,,AA,1429N 06105W,
MQFDF,Fort-de-France,Fort-de-France,MQ,,AI,1436N 06103W,
MQKF4,Le Vauclin,Le Vauclin,MQ,,AA,1433N 06051W,
MQLER,Le Robert,Le Robert,MQ,,RL,1440N 06056W,
MQPFI,Le Marigot,Le Marigot,MQ,,AA,1449N 06102W,
MQQPC,Port de Fort-de-France Pt.,Port de Fort-de-France Pt.,MQ,,RL,1436N 06103W,
MQSF4,Le Precheur,Le Precheur,MQ,,AA,1448N 06114W,
MQWF3,Case-Pilote,Case-Pilote,MQ,,AA,1438N 06108W,
MRNDB,Nouadhibou,Nouadhibou,MR,,AI,,
MRNKC,Nouakchott,Nouakchott,MR,,AI,,
MRPCE,Point Central,Point Central,MR,,RL,,
MRROS,Rosso,Rosso,MR,,RL,1630N 01555W,
MSLTB,Little Bay,Little Bay,MS,,RL,1648N 06212W,
MSPLY,Plymouth,Plymouth,MS,,RL,,
MTBAL,Balzan,Balzan,MT,02,AA,3554N 01427E,
MTBLA,Blata l'Bajda,Blata l'Bajda,MT,18,AA,,
MTBZE,Birzebbugia,Birzebbugia,MT,05,AA,3550N 01432E,
MTCKW,Cirkewwa,Cirkewwa,MT,,AS,,
MTDIS,Malta Freeport Distripark,Malta Freeport Distripark,MT,05,RL,3550N 01432E,
MTDMP,Delimara,Delimara,MT,33,AA,3549N 01433E,
MTFLO,Floriana,Floriana,MT,09,AA,3553N 01430E,
MTGHA,Ghargur,Ghargur,MT,,RL,,
MTGZI,Gzira,Gzira,MT,12,AA,3554N 01429E,
MTKIR,Kirkop,Kirkop,MT,28,AA,3550N 01429E,
MTMAR,Marsaxlokk,Marsaxlokk,MT,05,AA,3550N 01432E,
MTMGZ,"Mgarr, Gozo","Mgarr, Gozo",MT,11,AA,3601N 01417E,
MTMLA,Valletta,Valletta,MT,60,AI,3553N 01430E,
MTMSA,Marsa,Marsa,MT,31,AA,3552N 01429E,
MTMSS,Marsaskala,Marsaskala,MT,32,AA,3552N 01433E,
MTMSX,Marsamxett,Marsamxett,MT,17,AA,3554N 01430E,
MTSLM,Sliema,Sliema,MT,56,AA,3554N 01430E,
MTSPB,Saint Paul's Bay (San Pawl il-Bahar),Saint Paul's Bay (San Pawl il-Bahar),MT,51,AA,3556N 01423E,
MTTAR,Tarxien,Tarxien,MT,58,AA,3551N 01430E,
MUABN,Albion,Albion,MU,BL,RL,2012S 05724E,
MUBAM,Bambous,Bambous,MU,AG,RL,,
MUCUR,Curepipe,Curepipe,MU,,RL,,
MUPLU,Port Louis,Port Louis,MU,,QQ,,
MUPMA,Port Mathurin,Port Mathurin,MU,,RL,1941S 06325E,
MUTAM,Tamarin,Tamarin,MU,BL,RL,2019S 05722E,
MVADU,Addu,Addu,MV,01,RL,,
MVBAL,Baa Atoll,Baa Atoll,MV,NO,RL,0508N 07257E,
MVCPP,Coastline Private Port,Coastline Private Port,MV,MLE,AA,0410N 07327E,
MVHHE,Hulhulé Island,Hulhule Island,MV,MLE,RL,0411N 07331E,
MVHID,Halaveli,Halaveli,MV,NC,RL,0402N 07255E,
MVHMT,Hulhumale,Hulhumale,MV,MLE,AS,0414N 07333E,
MVHTP,Hithadhoo Port,Hithadhoo Port,MV,01,AA,0038S 07306E,
MVKDP,Kulhudhuffushi Port,Kulhudhuffushi Port,MV,23,AA,0637N 07304E,
MVKEL,Kelai,Kelai,MV,UN,RL,,
MVKFP,Koodoo Fisheries,Koodoo Fisheries,MV,27,AA,0044N 07326E,
MVKUL,Kulhudhuffushi,Kulhudhuffushi,MV,23,RL,0637N 07303E,
MVMCP,Male' Commercial Harbor,Male' Commercial Harbor,MV,MLE,AA,0410N 07330E,
MVMGP,Maldive Gas,Maldive Gas,MV,MLE,AA,0411N 07327E,
MVMLE,Male,Male,MV,MLE,AI,0410N 07330E,
MVMMP,Maamigili Port,Maamigili Port,MV,00,AA,0328N 07250E,
MVRGI,Rangali,Rangali,MV,NC,RL,0336N 07242E,
MVVHP,Villa Hakatha,Villa Hakatha,MV,MLE,AA,0411N 07326E,
MWCPK,Chipoka,Chipoka,MW,SA,RL,1400S 03431E,
MWTHY,Thyolo,Thyolo,MW,,RL,1604S 03508E,
MX4TE,Tepetlixpac,Tepetlixpac,MX,MEX,RL,1902N 09849W,
MX9AS,Xochimancas,Xochimancas,MX,MOR,RL,1847N 09906W,
MXAAO,Camargo,Camargo,MX,CHH,RL,2766N 10516W,
MXABB,Atunes,Atunes,MX,MIC,RL,,
MXACA,Acapulco,Acapulco,MX,GRO,AI,1651N 09952W,
MXACM,Acolman,Acolman,MX,MEX,RL,1937N 09855W,
MXANH,Acanceh,Acanceh,MX,YUC,RL,,
MXAOB,Alvaro Obregon,Alvaro Obregon,MX,,QQ,,
MXAPR,Agua Prieta,Agua Prieta,MX,SON,RL,3118N 10934W,
MXARZ,Arizpe,Arizpe,MX,SON,RL,3020N 11010W,
MXATM,Altamira,Altamira,MX,TAM,RL,2224N 09755W,
MXATN,Amatitán,Amatitan,MX,JAL,RL,2050N 10343W,
MXAVD,Alvarado,Alvarado,MX,VER,AI,,
MXBDR,Boca del Río,Boca del Rio,MX,VER,RL,1907N 09607W,
MXCAT,Cayo Arcas Terminal,Cayo Arcas Terminal,MX,,AI,1941N 09205W,
MXCDD,Ciudad Madero,Ciudad Madero,MX,TAM,RL,2216N 09750W,
MXCED,Cedros,Cedros,MX,BCN,RL,2807N 11510W,
MXCME,Ciudad del Carmen,Ciudad del Carmen,MX,CAM,AI,1838N 09150W,
MXCOA,Coatzacoalcos,Coatzacoalcos,MX,VER,AI,1808N 09424W,
MXCPE,Campeche,Campeche,MX,CAM,AI,,
MXCRI,Cedros Island,Cedros Island,MX,BCN,RL,2810N 11513W,
MXCSG,Ciudad Sahagún,Ciudad Sahagun,MX,HID,RL,1946N 09834W,
MXCSL,Cabo San Lucas,Cabo San Lucas,MX,BCS,AI,2253N 10953W,
MXCTL,Cuautla,Cuautla,MX,JAL,RL,2012N 10424W,
MXCTM,Chetumal,Chetumal,MX,ROO,AI,,
MXCTX,Cotaxtla,Cotaxtla,MX,VER,RL,1850N 09623W,
MXCZM,Cozumel,Cozumel,MX,ROO,AI,2031N 08656W,
MXDBT,Dos Bocas Terminal,Dos Bocas Terminal,MX,TAB,AI,1830N 09311W,
MXDHD,Dolores Hidalgo,Dolores Hidalgo,MX,GUA,RL,2109N 10055W,
MXEA2,Barretal,Barretal,MX,TAM,RL,2405N 09907W,
MXELD,Eldorado,Eldorado,MX,,RL,,
MXEPM,Empalme,Empalme,MX,SON,RL,2758N 11049W,
MXESE,Ensenada,Ensenada,MX,BCN,AI,3151N 11636W,
MXFRN,Frontera,Frontera,MX,TAB,AI,1832N 09238W,
MXGET,General Terán,General Teran,MX,NLE,RL,2516N 09941W,
MXGRA,Granjas,Granjas,MX,GUA,RL,2111N 10145W,
MXGSV,Guasave,Guasave,MX,SIN,RL,2534N 10827W,
MXGYM,Guaymas,Guaymas,MX,SON,AI,2755N 11053W,
MXHTO,Huatulco (Santa María Huatulco),Huatulco (Santa Maria Huatulco),MX,OAX,AI,1550N 09619W,
MXHUN,Hunucmá,Hunucma,MX,YUC,RL,2055N 08948W,
MXISJ,Isla Mujeres,Isla Mujeres,MX,ROO,AI,,
MXJDZ,Juchitán de Zaragoza,Juchitan de Zaragoza,MX,OAX,RL,1626N 09501W,
MXJMN,Jiménez,Jimenez,MX,CHH,RL,2820N 10524W,
MXJZA,Jerez,Jerez,MX,ZAC,RL,,
MXLAP,La Paz,La Paz,MX,BCS,AI,2408N 11018W,
MXLTJ,La Troje,La Troje,MX,AGU,RL,2146N 10232W,
MXLTO,Loreto,Loreto,MX,,AI,2601N 11237W,
MXLZC,Lázaro Cárdenas,Lazaro Cardenas,MX,MIC,AI,1757N 10211W,
MXMAZ,Mazamitla,Mazamitla,MX,JAL,RL,1955N 10302W,
MXMHT,Magdalena/Hostotipaquillo,Magdalena/Hostotipaquillo,MX,JAL,RL,2055N 10357W,
MXMID,Mérida,Merida,MX,YUC,AI,2058N 08937W,
MXMRE,Morro Redondo,Morro Redondo,MX,,RL,,
MXMTT,Minatitlan,Minatitlan,MX,VER,AI,,
MXMZT,Mazatlan,Mazatlan,MX,SIN,AI,2324N 10624W,
MXNAN,Nanchital,Nanchital,MX,,RL,,
MXNAU,Nautla,Nautla,MX,VER,RL,2013N 09647W,
MXOBR,Obregón,Obregon,MX,SLP,RL,2215N 10116W,
MXPAJ,Pajaritos,Pajaritos,MX,VER,RL,1807N 09423W,
MXPBJ,Punta Baja,Punta Baja,MX,BCN,RL,2958N 11549W,
MXPCM,Playa del Carmen,Playa del Carmen,MX,,AI,2037N 08704W,
MXPGO,Progreso,Progreso,MX,YUC,AI,2116N 08939W,
MXPIB,Port Isabel,Port Isabel,MX,,RL,,
MXPIC,Pichilingue,Pichilingue,MX,BCS,RL,2418N 11019W,
MXPMD,Puerto Madero,Puerto Madero,MX,CHP,AI,1443N 09225W,
MXPMS,Puerto Morelos,Puerto Morelos,MX,ROO,RL,2050N 08652W,
MXPMX,Puérto Mexico,Puerto Mexico,MX,VER,QQ,,
MXPNG,Puerto Ángel,Puerto Angel,MX,OAX,RL,1540N 09629W,
MXPPE,Puerto Peñasco,Puerto Penasco,MX,SON,AI,,
MXPTA,Puerta,Puerta,MX,SIN,RL,2322N 10620W,
MXPUL,Puerto Libertad,Puerto Libertad,MX,SON,RL,2954N 11240W,
MXPVN,Punta Venado,Punta Venado,MX,ROO,RL,2032N 08709W,
MXPVR,Puerto Vallarta,Puerto Vallarta,MX,JAL,AI,2036N 10513W,
MXRBG,Rabon Grande/Coatzacoalcos,Rabon Grande/Coatzacoalcos,MX,VER,RL,1813N 09424W,
MXRBV,Ciudad Río Bravo,Ciudad Rio Bravo,MX,TAM,RL,2558N 09805W,
MXRST,Rosarito Terminal,Rosarito Terminal,MX,BCN,AI,3220N 11706W,
MXSBS,San Blas,San Blas,MX,NAY,QQ,,
MXSCR,San Carlos,San Carlos,MX,BCS,AI,,
MXSCX,Salina Cruz,Salina Cruz,MX,OAX,AI,1610N 09511W,
MXSEY,Seybaplaya,Seybaplaya,MX,CAM,RL,1939N 09042W,
MXSGX,San Miguel Xoxtla,San Miguel Xoxtla,MX,PUE,RL,1911N 09818W,
MXSJC,San Juan de la Costa,San Juan de la Costa,MX,,RL,,
MXSLO,San Lorenzo,San Lorenzo,MX,,RL,,
MXSMI,Isla San Marcos,Isla San Marcos,MX,BCS,RL,2713N 11206W,
MXSN2,Santa Ana,Santa Ana,MX,SON,RL,3011N 11031W,
MXSRL,Santa Rosalia,Santa Rosalia,MX,BCS,AI,,
MXSTT,Santa Teresa,Santa Teresa,MX,NAY,RL,2228N 10444W,
MXTAB,Chiltepec,Chiltepec,MX,TAB,RL,1825N 09305W,
MXTAK,Takuntah,Takuntah,MX,,RL,1945N 09142W,
MXTAM,Tampico,Tampico,MX,TAM,AI,2215N 09752W,
MXTCU,Tecuala,Tecuala,MX,,RL,,
MXTEN,Tenabó,Tenabo,MX,CAM,RL,2003N 09014W,
MXTIJ,Tijuana,Tijuana,MX,BCN,AI,3232N 11701W,
MXTJT,Tlalpan,Tlalpan,MX,,RL,1917N 09910W,
MXTMP,Tamaulipas,Tamaulipas,MX,SIN,RL,2454N 10735W,
MXTPB,Topolobampo,Topolobampo,MX,SIN,AI,2536N 10903W,
MXTPX,Santa Cruz Tepexpan,Santa Cruz Tepexpan,MX,MEX,RL,1934N 09942W,
MXTUX,Tuxpan,Tuxpan,MX,VER,AI,2057N 09724W,
MXTXC,Tiaxcala,Tiaxcala,MX,TLA,RL,1923N 09815W,
MXTXH,Telixtlahuaca,Telixtlahuaca,MX,OAX,RL,1718N 09654W,
MXVER,Veracruz,Veracruz,MX,VER,AI,1912N 09605W,
MXVNR,Villa Nicolás Romero,Villa Nicolas Romero,MX,MEX,RL,1938N 09918W,
MXXAL,Xalostoc,Xalostoc,MX,MEX,RL,1931N 09905W,
MXXIH,Zihuatanejo,Zihuatanejo,MX,GRO,AI,1738N 10133W,
MXYUK,Yukalpeten,Yukalpeten,MX,,RL,,
MXZCA,Cadereyta Jiménez,Cadereyta Jimenez,MX,NLE,RL,2536N 10000W,
MXZIH,Ixtapa/Zihuatanejo,Ixtapa/Zihuatanejo,MX,GRO,AI,1740N 10139W,
MXZIP,Ixtapaluca,Ixtapaluca,MX,MEX,RL,1917N 09833W,
MXZKP,Zakapu,Zakapu,MX,MIC,RL,1948N 10148W,
MXZLO,Manzanillo,Manzanillo,MX,COL,AI,1903N 10418W,
MXZRZ,Zaragoza,Zaragoza,MX,PUE,RL,1946N 09732W,
MYABU,Abu,Abu,MY,,RL,0607N 10517E,
MYANG,Angsi,Angsi,MY,,RL,0505N 10441E,
MYASQ,Teronoh,Teronoh,MY,08,RL,0425N 10059E,
MYBAG,Bagan Datok,Bagan Datok,MY,,QQ,,
MYBAK,Batang Kali,Batang Kali,MY,10,RL,0328N 10138E,
MYBAT,Batu Pahat,Batu Pahat,MY,,QQ,,
MYBAU,"Bau, Sarawak","Bau, Sarawak",MY,,QQ,,
MYBBA,"Batu Batu, Sabah","Batu Batu, Sabah",MY,12,QQ,0502N 11557E,
MYBDV,"Bandau, Sabah","Bandau, Sabah",MY,12,QQ,0630N 11646E,
MYBEA,Beaufort,Beaufort,MY,12,RL,0520N 11545E,
MYBEL,"Beluran, Sabah","Beluran, Sabah",MY,12,QQ,0553N 11733E,
MYBGG,"Bunan Gega, Sarawak","Bunan Gega, Sarawak",MY,,QQ,,
MYBGR,Bunga Raya,Bunga Raya,MY,,RL,0657N 10406E,
MYBGU,Bangau,Bangau,MY,12,RL,0657N 11642E,
MYBIA,"Biawak, Sarawak","Biawak, Sarawak",MY,,QQ,,
MYBKI,"Kota Kinabalu, Sabah","Kota Kinabalu, Sabah",MY,12,AI,0558N 11604E,
MYBKP,Bakapit,Bakapit,MY,,RL,,
MYBLG,"Belaga, Sarawak","Belaga, Sarawak",MY,,AI,,
MYBLI,"Batu Lintang, Sarawak","Batu Lintang, Sarawak",MY,13,QQ,,
MYBMA,Bandar Maharani,Bandar Maharani,MY,,QQ,,
MYBNG,"Binatang, Sarawak","Binatang, Sarawak",MY,,QQ,,
MYBNT,"Benut, Johor","Benut, Johor",MY,,QQ,,
MYBRU,Pulau Bruit,Pulau Bruit,MY,13,RL,0235N 11120E,
MYBSE,"Sematan, Sarawak","Sematan, Sarawak",MY,,AI,,
MYBST,Kuala Besut,Kuala Besut,MY,,RL,0550N 10234E,
MYBTG,"Betong, Sarawak","Betong, Sarawak",MY,,QQ,,
MYBTK,Bandar Tenggara,Bandar Tenggara,MY,,RL,0152N 10337E,
MYBTM,Batu Maung,Batu Maung,MY,07,RL,0517N 10017E,
MYBTN,Bintangor,Bintangor,MY,,RL,,
MYBTU,"Bintulu, Sarawak","Bintulu, Sarawak",MY,,AI,,
MYBTW,Batu Kawan,Batu Kawan,MY,07,RL,0515N 10025E,
MYBWH,Bagan Luar (Butterworth),Bagan Luar (Butterworth),MY,,QQ,,
MYCEN,Cendor,Cendor,MY,,RL,0534N 10433E,
MYDDW,Danjindawai,Danjindawai,MY,,QQ,,
MYDGN,Kuala Dungun,Kuala Dungun,MY,11,RL,0447N 10326E,
MYDRO,"Daro, Sarawak","Daro, Sarawak",MY,,QQ,,
MYEND,Endau,Endau,MY,,QQ,,
MYHUM,Hutan Melintang,Hutan Melintang,MY,08,RL,0353N 10056E,
MYJAM,"Jambongan, Sabah","Jambongan, Sabah",MY,12,QQ,0640N 11730E,
MYJEL,Jelutong,Jelutong,MY,07,RL,0524N 10019E,
MYJHB,Johor Bahru,Johor Bahru,MY,,AI,,
MYKAB,"Kabong, Sarawak","Kabong, Sarawak",MY,,QQ,,
MYKBA,Kuala Baram,Kuala Baram,MY,13,QQ,0434N 11359E,
MYKBD,"Kota Belud, Sabah","Kota Belud, Sabah",MY,12,QQ,0621N 11626E,
MYKBE,"Kuala Belud, Sabah","Kuala Belud, Sabah",MY,,QQ,,
MYKBR,Kota Bharu,Kota Bharu,MY,,AI,,
MYKBS,Kuala Besar,Kuala Besar,MY,,QQ,,
MYKCH,"Kuching, Sarawak","Kuching, Sarawak",MY,,AI,,
MYKEM,Kemaman,Kemaman,MY,,QQ,,
MYKES,Kejit,Kejit,MY,,QQ,,
MYKET,Kertih,Kertih,MY,11,RL,0431N 10327E,
MYKIJ,Kijal,Kijal,MY,,QQ,,
MYKIM,"Kimanis, Sabah","Kimanis, Sabah",MY,12,QQ,0537N 11554E,
MYKKH,Kuala Kedah,Kuala Kedah,MY,,QQ,,
MYKKP,Kukup,Kukup,MY,,QQ,,
MYKPN,Kepong,Kepong,MY,14,RL,0313N 10138E,
MYKPS,Kuala Perlis,Kuala Perlis,MY,,QQ,,
MYKPU,"Kuala Penyu, Sabah","Kuala Penyu, Sabah",MY,,QQ,,
MYKRE,Krety,Krety,MY,,QQ,,
MYKSD,Kuala Sedili,Kuala Sedili,MY,,QQ,,
MYKSG,"Kuala Segama, Sabah","Kuala Segama, Sabah",MY,,QQ,,
MYKSL,Kuala Selangor,Kuala Selangor,MY,10,RL,0320N 10103E,
MYKSS,Kota Sarang Semut,Kota Sarang Semut,MY,02,RL,5590N 10240E,
MYKTI,Kota Tinggi,Kota Tinggi,MY,,QQ,,
MYKUA,Kuantan (Tanjong Gelang),Kuantan (Tanjong Gelang),MY,,AI,,
MYKUD,"Kudat, Sabah","Kudat, Sabah",MY,,AI,,
MYKUG,Kuala Gula,Kuala Gula,MY,,QQ,,
MYKUN,"Kunak, Sabah","Kunak, Sabah",MY,,QQ,,
MYLAU,Pulau Indah,Pulau Indah,MY,10,RL,0256N 10119E,
MYLBH,Labuan Haji,Labuan Haji,MY,12,RL,0429N 11838E,
MYLBU,"Labuan, Sabah","Labuan, Sabah",MY,15,AI,0517N 11514E,
MYLDU,"Lahad Datu, Sabah","Lahad Datu, Sabah",MY,,QQ,,
MYLGG,"Lingga, Sarawak","Lingga, Sarawak",MY,,QQ,,
MYLGK,Langkawi,Langkawi,MY,02,AI,0622N 09948E,
MYLMN,"Limbang, Sarawak","Limbang, Sarawak",MY,,AI,,
MYLPK,Northport/Pt Klang,Northport/Pt Klang,MY,14,RL,,
MYLUM,Lumut,Lumut,MY,,QQ,,
MYLUN,"Lundu, Sarawak","Lundu, Sarawak",MY,,QQ,,
MYLUT,"Lutong, Sarawak","Lutong, Sarawak",MY,,QQ,,
MYLWY,"Lawas, Sarawak","Lawas, Sarawak",MY,,AI,,
MYMAN,Manjung,Manjung,MY,08,RL,0409N 10037E,
MYMBK,Merbok,Merbok,MY,02,RL,0543N 10025E,
MYMBS,Menumbok,Menumbok,MY,12,AM,0518N 11522E,
MYMEM,"Mempakul, Sabah","Mempakul, Sabah",MY,,QQ,,
MYMEN,Nenasi,Nenasi,MY,06,RL,0308N 10327E,
MYMEP,Mersing,Mersing,MY,,AI,,
MYMKM,"Mukah, Sarawak","Mukah, Sarawak",MY,,AI,,
MYMKZ,Malacca,Malacca,MY,,AI,,
MYMUA,Muar,Muar,MY,,QQ,,
MYMUD,Muda Marine Terminal,Muda Marine Terminal,MY,,RL,0735N 10259E,
MYMUR,"Marudi, Sarawak","Marudi, Sarawak",MY,,AI,,
MYMYY,"Miri, Sarawak","Miri, Sarawak",MY,,AI,,
MYNII,Nilai,Nilai,MY,05,RL,0249N 10148E,
MYPAL,"Paloh, Sarawak","Paloh, Sarawak",MY,,QQ,,
MYPAN,Panchang,Panchang,MY,,QQ,,
MYPAS,Pasir Gogok,Pasir Gogok,MY,,QQ,,
MYPBA,"Pulau Batik, Sabah","Pulau Batik, Sabah",MY,,QQ,,
MYPDI,Port Dickson,Port Dickson,MY,,QQ,,
MYPED,Pedena,Pedena,MY,,QQ,,
MYPEN,Penang (Georgetown),Penang (Georgetown),MY,07,AI,0525N 10019E,
MYPGG,Pengerang,Pengerang,MY,01,RL,0122N 10407E,
MYPGU,"Pasir Gudang, Johor","Pasir Gudang, Johor",MY,,QQ,,
MYPHI,Pasir Hitam,Pasir Hitam,MY,,QQ,,
MYPJK,Pulau Jarak,Pulau Jarak,MY,,,0358N 10005E,
MYPKG,Port Klang (Pelabuhan Klang),Port Klang (Pelabuhan Klang),MY,10,RL,0300N 10124E,
MYPKK,Pengkalan Kubor,Pengkalan Kubor,MY,,QQ,,
MYPMT,Penara Marine Terminal,Penara Marine Terminal,MY,,RL,0607N 10501E,
MYPND,Pending,Pending,MY,13,RL,0133N 11023E,
MYPOW,Pontian,Pontian,MY,,QQ,,
MYPPI,Pulau Pisang,Pulau Pisang,MY,,QQ,,
MYPRA,Perai,Perai,MY,07,AS,0523N 10023E,
MYPRN,Kuala Rompin,Kuala Rompin,MY,,QQ,,
MYPTB,"Pulau Tambisan, Sabah","Pulau Tambisan, Sabah",MY,,QQ,,
MYPUN,"Punang, Sarawak","Punang, Sarawak",MY,,QQ,,
MYREJ,"Rejang, Sarawak","Rejang, Sarawak",MY,,QQ,,
MYSAM,Samu,Samu,MY,13,RL,0133N 11132E,
MYSAR,Sarikei,Sarikei,MY,13,RL,0207N 11131E,
MYSBT,Sabahat,Sabahat,MY,12,RL,0504N 11902E,
MYSBW,"Sibu, Sarawak","Sibu, Sarawak",MY,,AI,,
MYSDK,"Sandakan, Sabah","Sandakan, Sabah",MY,,AI,,
MYSDM,Sindumin,Sindumin,MY,,QQ,,
MYSDR,"Sundar, Sarawak","Sundar, Sarawak",MY,,QQ,,
MYSEJ,"Sejingkat, Sarawak","Sejingkat, Sarawak",MY,,QQ,,
MYSEL,"Selalang, Sarawak","Selalang, Sarawak",MY,,QQ,,
MYSEP,"Sepang, Selangor","Sepang, Selangor",MY,10,RL,0242N 10145E,
MYSGG,Sungai Udang,Sungai Udang,MY,04,AA,0215N 10205E,
MYSGM,Segamat,Segamat,MY,01,RL,0230N 10249E,
MYSHA,Shah Alam,Shah Alam,MY,,RL,,
MYSIJ,Sijingkat,Sijingkat,MY,,RL,,
MYSIL,Silay,Silay,MY,,QQ,,
MYSIP,Samalaju,Samalaju,MY,13,AM,0357N 11332E,
MYSIR,Siran,Siran,MY,,QQ,,
MYSME,Sri Medan,Sri Medan,MY,,QQ,,
MYSMG,"Simanggang, Sarawak","Simanggang, Sarawak",MY,,QQ,,
MYSMJ,"Simunjan, Sarawak","Simunjan, Sarawak",MY,,QQ,,
MYSMM,"Semporna, Sabah","Semporna, Sabah",MY,,AI,,
MYSNP,North Pt,North Pt,MY,10,RL,,
MYSNR,Senari - Sarawak,Senari - Sarawak,MY,13,RL,0136N 11026E,
MYSPG,"Simpangan, Sabah","Simpangan, Sabah",MY,,QQ,,
MYSPT,"Sipitang, Sabah","Sipitang, Sabah",MY,,AI,,
MYSRE,Sungai Rengit,Sungai Rengit,MY,,QQ,,
MYSRK,"Sirikin, Sarawak","Sirikin, Sarawak",MY,,QQ,,
MYSUM,Sungai Merah,Sungai Merah,MY,13,RL,0220N 11150E,
MYSUP,Sungai Udang Port,Sungai Udang Port,MY,,RL,0215N 10208E,
MYSUW,Sungai Way,Sungai Way,MY,10,RL,0305N 10137E,
MYTAG,Tanjung Lembung,Tanjung Lembung,MY,02,RL,0617N 09947E,
MYTAI,Tampoi,Tampoi,MY,01,RL,0129N 10341E,
MYTAS,Telok Intan,Telok Intan,MY,,QQ,,
MYTAT,Tapis Terminal,Tapis Terminal,MY,,RL,,
MYTBA,Tanjong Baran,Tanjong Baran,MY,,QQ,,
MYTBE,Tanjong Berhala,Tanjong Berhala,MY,,RL,,
MYTBI,Tanjong Bin,Tanjong Bin,MY,01,RL,0120N 10333E,
MYTDA,Tanjong Dawai,Tanjong Dawai,MY,,QQ,,
MYTEN,"Tengku, Sabah","Tengku, Sabah",MY,,QQ,,
MYTGE,Tanjung Gelang,Tanjung Gelang,MY,06,RL,0359N 10325E,
MYTGG,Kuala Terengganu,Kuala Terengganu,MY,,AI,,
MYTJH,Batu Gajah,Batu Gajah,MY,08,RL,0428N 10103E,
MYTKI,Tanjong Kidurong,Tanjong Kidurong,MY,,RL,,
MYTKP,Kampong Tanjong Kupang,Kampong Tanjong Kupang,MY,01,RL,0121N 10335E,
MYTLA,Kampung Tanjung Langsat,Kampung Tanjung Langsat,MY,01,RL,0128N 10401E,
MYTMB,Tumbum,Tumbum,MY,,QQ,,
MYTMG,Tomanggong,Tomanggong,MY,,AI,,
MYTMP,Tanjung Manis,Tanjung Manis,MY,13,RL,0208N 11121E,
MYTOD,Tioman,Tioman,MY,,AI,,
MYTPP,Tanjung Pelepas,Tanjung Pelepas,MY,01,RL,0122N 10333E,
MYTRB,Teluk Rubiah,Teluk Rubiah,MY,08,RL,4949N 10037E,
MYTRM,Telok Ramunia,Telok Ramunia,MY,,QQ,,
MYTSR,Tanjong Surat,Tanjong Surat,MY,,QQ,,
MYTTE,Tandjung Tengelili,Tandjung Tengelili,MY,,QQ,,
MYTUB,Tubau,Tubau,MY,13,RL,0308N 11342E,
MYTUM,Tumpat,Tumpat,MY,,QQ,,
MYTUN,Tungku,Tungku,MY,,QQ,,
MYTWU,"Tawau, Sabah","Tawau, Sabah",MY,,AI,,
MYWAL,"Wallace Bay, Sabah","Wallace Bay, Sabah",MY,,QQ,,
MYWES,"Weston, Sabah","Weston, Sabah",MY,,QQ,,
MYXPQ,Port Klang (Ferry Port),Port Klang (Ferry Port),MY,10,RL,0301N 10122E,
MZANO,Angoche,Angoche,MZ,,AI,,
MZBEL,Bela Vista,Bela Vista,MZ,,QQ,,
MZBEW,Beira,Beira,MZ,,AI,,
MZCOR,Coropoa,Coropoa,MZ,N,AM,1632S 03941E,
MZIBO,Ibo,Ibo,MZ,,AI,,
MZINE,Chinde,Chinde,MZ,,AI,,
MZINH,Inhambane,Inhambane,MZ,,AI,,
MZMAT,Matola,Matola,MZ,,QQ,,
MZMCU,Macuse,Macuse,MZ,,QQ,,
MZMEM,Memba,Memba,MZ,,QQ,,
MZMMW,Moma,Moma,MZ,,AI,,
MZMNC,Nacala,Nacala,MZ,,AI,,
MZMOR,Morrumbene,Morrumbene,MZ,,QQ,,
MZMPM,Maputo,Maputo,MZ,,AI,,
MZMSG,Massinga,Massinga,MZ,,QQ,,
MZMZB,Mocímboa da Praia,Mocimboa da Praia,MZ,P,RL,1120S 04021E,
MZMZQ,Mocambique,Mocambique,MZ,,QQ,,
MZNSO,Nova Sofala,Nova Sofala,MZ,,QQ,,
MZPBE,Porto Belo,Porto Belo,MZ,,RL,,
MZPEB,Pebane,Pebane,MZ,,AI,,
MZPOL,Pemba,Pemba,MZ,,AI,,
MZUEL,Quelimane,Quelimane,MZ,,AI,,
NALUD,Lüderitz,Luderitz,NA,,AI,2639S 01510E,
NARUA,Ruacana,Ruacana,NA,KU,RL,1726S 01421E,
NAWVB,Walvis Bay,Walvis Bay,NA,,QQ,,
NCDUS,Ducos,Ducos,NC,,RL,2214S 16627E,
NCKOU,Kouaoua,Kouaoua,NC,,RL,2124S 16550E,
NCLIF,Lifou,Lifou,NC,,RL,2058S 16714E,
NCMEE,Maré,Mare,NC,,AI,2130S 16759E,
NCMTD,Le Mont-Dore,Le Mont-Dore,NC,,RL,2217S 16635E,
NCNAK,Nakéty,Nakety,NC,,RL,2133S 16602E,
NCNEP,Népoui,Nepoui,NC,,RL,2119S 16500E,
NCNOU,Nouméa,Noumea,NC,,AI,2216S 16627E,
NCPAA,Paagoumène,Paagoumene,NC,,AA,2029S 16412E,
NCPNY,Prony,Prony,NC,,RL,2219S 16649E,
NCPOR,Poro,Poro,NC,,RL,2118S 16543E,
NCTHI,Thio,Thio,NC,,RL,,
NCTON,Tontouta Apt,Tontouta Apt,NC,,AI,,
NCTUD,Teoudie,Teoudie,NC,,RL,2046S 16424E,
NCVAV,Vavouto,Vavouto,NC,,RL,2100S 16440E,
NCWAL,Wala,Wala,NC,,RL,1943S 16339E,
NGABM,Agbami,Agbami,NG,,RL,0331N 00531E,
NGABO,Abonnema,Abonnema,NG,,QQ,,
NGADO,Ado,Ado,NG,,QQ,,
NGAKP,Akpo,Akpo,NG,,RL,0308S 06049E,
NGANA,Antan,Antan,NG,,RL,0413N 00819E,
NGANB,Anambra,Anambra,NG,KO,RL,0716N 00724E,
NGANT,Anta,Anta,NG,,RL,0927N 00828E,
NGAPP,Apapa,Apapa,NG,,QQ,,
NGBAD,Badagri,Badagri,NG,,QQ,,
NGBON,Bonny,Bonny,NG,,QQ,,
NGBRA,Brass,Brass,NG,,QQ,,
NGBUR,Burutu,Burutu,NG,,QQ,,
NGCBQ,Calabar,Calabar,NG,,AI,,
NGDEN,Denema,Denema,NG,,QQ,,
NGEAT,Ea Terminal,Ea Terminal,NG,,RL,0447N 00517E,
NGEKE,Eket,Eket,NG,,QQ,,
NGERT,Erha Terminal,Erha Terminal,NG,ON,RL,0521N 00421E,
NGESC,Escravos,Escravos,NG,,QQ,,
NGFLM,Falomo,Falomo,NG,LA,RL,0627N 00326E,
NGFOR,Forcados,Forcados,NG,,QQ,,
NGGRP,Greek Port,Greek Port,NG,,QQ,,
NGIMA,Ima,Ima,NG,,RL,0413N 00723E,
NGKIR,Kirikakiri,Kirikakiri,NG,,RL,0420N 00615E,
NGKOK,Koko,Koko,NG,,QQ,,
NGKT7,Katsina,Katsina,NG,KT,RL,1259N 00735E,
NGKUL,Kula,Kula,NG,,QQ,,
NGLKK,Ibeju - Lekki,Ibeju - Lekki,NG,LA,RL,0626N 00400E,
NGLOS,Lagos,Lagos,NG,,AI,,
NGOBO,Que Oboe Terminal/Eket,Que Oboe Terminal/Eket,NG,,QQ,,
NGOKN,Okono,Okono,NG,,RL,0401N 00717E,
NGOKR,Okrika,Okrika,NG,,QQ,,
NGOKW,Okwori,Okwori,NG,,RL,0351N 00658E,
NGONN,Onne,Onne,NG,RI,RL,0443N 00709E,
NGORO,Oron,Oron,NG,,QQ,,
NGOSO,Oso,Oso,NG,,RL,0250N 00800E,
NGOYO,Oyo,Oyo,NG,,RL,0523N 00435E,
NGPHC,Port Harcourt,Port Harcourt,NG,,AI,,
NGSOT,Sango Otta,Sango Otta,NG,LA,RL,0642N 00314E,
NGSPL,Sapele,Sapele,NG,,QQ,,
NGTIN,Tincan/Lagos,Tincan/Lagos,NG,,QQ,,
NGWAR,Warri,Warri,NG,,QQ,,
NI8LG,Totogalpa,Totogalpa,NI,MD,RL,1334N 08630W,
NIBEF,Bluefields,Bluefields,NI,,AI,,
NICIO,Corinto,Corinto,NI,,AI,,
NIELB,El Bluff,El Bluff,NI,,AI,,
NILM8,Las Maderas,Las Maderas,NI,MN,RL,1226N 08602W,
NIMAC,Masachapa,Masachapa,NI,MN,RL,1147N 08631W,
NIPIB,Puerto Isabel,Puerto Isabel,NI,,RL,1322N 08334W,
NIPRI,Prinzapolca,Prinzapolca,NI,,RL,,
NIPSN,Puerto Sandino,Puerto Sandino,NI,,AI,1211N 08645W,
NIPTI,Potosí,Potosi,NI,CI,RL,1300N 08730W,
NIPUZ,Puerto Cabezas,Puerto Cabezas,NI,,AI,,
NIRAM,Rama,Rama,NI,AS,RL,1209N 08413W,
NISJS,San Juan del Sur,San Juan del Sur,NI,,AI,,
NITPA,Tipitapa,Tipitapa,NI,MN,RL,1212N 08606W,
NLA2Z,Oud-Alblas,Oud-Alblas,NL,ZH,RL,5151N 00442E,
NLAAL,Aalst,Aalst,NL,GE,AF,5157N 00532E,
NLAAM,Aalsmeer,Aalsmeer,NL,,AF,,
NLABL,Alblasserdam,Alblasserdam,NL,,AF,,
NLAER,Almere,Almere,NL,FL,AF,5222N 00513E,
NLAHO,Achthoven,Achthoven,NL,UT,RN,5203N 00459E,
NLAKL,Akersloot,Akersloot,NL,,AF,,
NLALK,Alkmaar,Alkmaar,NL,NH,AF,5238N 00445E,
NLALM,Almelo,Almelo,NL,OV,AF,5221N 00640E,
NLAMB,Aalsmeerderbrug,Aalsmeerderbrug,NL,NH,RN,5216N 00445E,
NLAME,Amersfoort,Amersfoort,NL,,AF,5209N 00523E,
NLAML,Ameland,Ameland,NL,,AI,,
NLAMR,Amerongen,Amerongen,NL,UT,AF,5200N 00528E,
NLAMS,Amsterdam,Amsterdam,NL,,AF,5224N 00449E,
NLANC,Sint Pancras,Sint Pancras,NL,NH,RL,5240N 00447E,
NLANK,Everingen,Everingen,NL,ZE,RL,5124N 00345E,
NLANP,Anna Paulowna,Anna Paulowna,NL,NH,AF,5252N 00452E,
NLAPN,Alphen aan den Rijn,Alphen aan den Rijn,NL,ZH,AF,5208N 00440E,
NLAPP,Appingedam,Appingedam,NL,GR,AF,5319N 00652E,
NLARC,Arcen,Arcen,NL,LI,AF,5129N 00611E,
NLARI,Aarle Rixtel,Aarle Rixtel,NL,NB,AF,5130N 00538E,
NLAWD,Albrandswaard,Albrandswaard,NL,ZH,RL,5151N 00425E,
NLBAN,Bant,Bant,NL,FL,RN,5246N 00545E,
NLBDA,Birdaard,Birdaard,NL,FR,RN,5318N 00553E,
NLBDR,Bilderdam,Bilderdam,NL,ZH,RN,5213N 00443E,
NLBEG,Bergen aan Zee,Bergen aan Zee,NL,,AI,,
NLBEM,Bemmel,Bemmel,NL,GE,RL,5154N 00554E,
NLBEV,Beverwijk,Beverwijk,NL,,AF,,
NLBFD,Belfeld,Belfeld,NL,LI,RL,5119N 00607E,
NLBGB,Bergambacht,Bergambacht,NL,ZH,AF,,
NLBGE,Baambrugge,Baambrugge,NL,UT,RN,5215N 00459E,
NLBGI,Bergerheide,Bergerheide,NL,,RL,,
NLBGO,Barsingerhorn,Barsingerhorn,NL,NH,RN,5247N 00451E,
NLBGW,Borgsweer,Borgsweer,NL,GR,RN,5318N 00701E,
NLBHM,Bartlehiem,Bartlehiem,NL,FR,RN,5317N 00550E,
NLBHS,Burghsluis,Burghsluis,NL,ZE,RL,5141N 00345E,
NLBIT,Biest,Biest,NL,NB,RN,5131N 00509E,
NLBLE,Blerick,Blerick,NL,LI,RL,5122N 00610E,
NLBLU,Berlicum,Berlicum,NL,NB,RN,5140N 00523E,
NLBNE,Bunde,Bunde,NL,LI,RN,5053N 00544E,
NLBNH,Boarnsterhim,Boarnsterhim,NL,FR,RN,5305N 00549E,
NLBNM,Binnenmaas,Binnenmaas,NL,,AI,,
NLBNN,Beuningen,Beuningen,NL,GE,AF,5152N 00547E,
NLBNU,Buggenum,Buggenum,NL,LI,RN,5114N 00559E,
NLBNZ,Biddinghuizen,Biddinghuizen,NL,FL,RN,5227N 00542E,
NLBOG,Bodegraven,Bodegraven,NL,,AF,5205N 00445E,
NLBON,Born,Born,NL,LI,AF,5102N 00549E,
NLBOR,Borssele,Borssele,NL,ZE,AF,5125N 00343E,
NLBOT,Botlek,Botlek,NL,ZH,AF,5153N 00417E,
NLBRA,Baarland,Baarland,NL,ZE,RL,5124N 00352E,
NLBRD,Breda,Breda,NL,NB,AF,5134N 00448E,
NLBRI,Brielle,Brielle,NL,,AF,,
NLBRM,Brummen,Brummen,NL,,AF,,
NLBRO,Brouwershaven,Brouwershaven,NL,,AF,,
NLBRR,Barendrecht,Barendrecht,NL,,AF,,
NLBRS,Breskens,Breskens,NL,,AF,5123N 00334E,
NLBSE,Bruinisse,Bruinisse,NL,,AF,,
NLBSH,Bosscherheide,Bosscherheide,NL,LI,RN,5134N 00605E,
NLBSK,Boskoop,Boskoop,NL,,AF,,
NLBSL,Beesel,Beesel,NL,LI,RL,5116N 00602E,
NLBST,Best,Best,NL,NB,AF,5130N 00524E,
NLBTA,Bourtange,Bourtange,NL,GR,RN,5301N 00712E,
NLBTS,Beets,Beets,NL,NH,RN,5235N 00458E,
NLBUD,Budel,Budel,NL,,AI,,
NLBUN,Bunschoten,Bunschoten,NL,,AF,,
NLBVG,Burgervlotbrug,Burgervlotbrug,NL,NH,RN,5245N 00441E,
NLBVI,Bovensmilde,Bovensmilde,NL,DR,RN,5259N 00629E,
NLBWE,Burgwerd,Burgwerd,NL,FR,RN,5305N 00533E,
NLBWW,Boornzwaag over de Wielen,Boornzwaag over de Wielen,NL,FR,RN,5257N 00545E,
NLBZM,Bergen op Zoom,Bergen op Zoom,NL,NB,AF,5130N 00418E,
NLBZW,Boornzwaag,Boornzwaag,NL,FR,RN,5253N 00534E,
NLCDP,De Cocksdorp,De Cocksdorp,NL,NH,RL,5309N 00453E,
NLCOE,Coevorden,Coevorden,NL,,AF,,
NLCPD,Camperduin,Camperduin,NL,NH,RL,5245N 00439E,
NLCPI,Capelle aan den IJssel,Capelle aan den IJssel,NL,,AF,,
NLCRI,Creil,Creil,NL,FL,RN,5246N 00540E,
NLCUB,Culemborg,Culemborg,NL,,AF,,
NLCZD,Cadzand,Cadzand,NL,ZE,RL,5122N 00324E,
NLDBM,Den Bommel,Den Bommel,NL,,RL,,
NLDBR,Domburg,Domburg,NL,ZE,RL,5134N 00330E,
NLDEL,Delden,Delden,NL,OV,RL,5216N 00643E,
NLDEV,Deventer,Deventer,NL,,AF,,
NLDFT,Delft,Delft,NL,,AF,,
NLDHE,De Heen,De Heen,NL,NB,RN,5137N 00416E,
NLDHK,De Haukes,De Haukes,NL,NH,RN,5253N 00456E,
NLDHO,Den Hool,Den Hool,NL,DR,RN,5243N 00647E,
NLDHR,Den Helder,Den Helder,NL,,AF,5257N 00446E,
NLDKO,De Kooy,De Kooy,NL,NH,RN,5255N 00448E,
NLDMK,Demmerik,Demmerik,NL,UT,RN,5212N 00456E,
NLDOE,Doesburg,Doesburg,NL,,AF,,
NLDOI,Doetinchem,Doetinchem,NL,,AF,,
NLDOK,Dokkum,Dokkum,NL,,AF,,
NLDON,Dongen,Dongen,NL,,AF,,
NLDOR,Dordrecht,Dordrecht,NL,,AF,5147N 00438E,
NLDRL,Driel,Driel,NL,GE,RN,5158N 00549E,
NLDRO,Dronten,Dronten,NL,,AF,,
NLDRP,De Rijp,De Rijp,NL,NH,RN,5234N 00451E,
NLDSI,Doodstil,Doodstil,NL,GR,RN,5324N 00640E,
NLDSM,Driesum,Driesum,NL,FR,RN,5318N 00603E,
NLDSO,De Strook,De Strook,NL,NH,RN,5247N 00454E,
NLDST,Deest,Deest,NL,GE,RL,5153N 00540E,
NLDUG,Dukenburg,Dukenburg,NL,GE,RN,5149N 00548E,
NLDUM,Dreumel,Dreumel,NL,,RL,5151N 00526E,
NLDVB,Dieverbrug,Dieverbrug,NL,DR,RN,5251N 00620E,
NLDVT,Duivendrecht,Duivendrecht,NL,NH,RN,5220N 00455E,
NLDWA,Dodewaard,Dodewaard,NL,,RL,5155N 00539E,
NLDZL,Delfzijl,Delfzijl,NL,,AF,5231N 00656E,
NLECD,Echteld,Echteld,NL,,AF,,
NLEDM,Edam,Edam,NL,,AF,,
NLEEM,Eemshaven,Eemshaven,NL,,AF,,
NLEFE,Eefde,Eefde,NL,GE,RN,5210N 00614E,
NLEHU,Echtenerbrug,Echtenerbrug,NL,FR,RN,5252N 00549E,
NLEIN,Eindhoven,Eindhoven,NL,NB,AF,5127N 00528E,
NLEKK,Ekkersrijt,Ekkersrijt,NL,NB,RL,5130N 00528E,
NLELB,Elburg,Elburg,NL,,AF,,
NLELX,Ell,Ell,NL,LI,RN,5113N 00548E,
NLENK,Enkhuizen,Enkhuizen,NL,,AF,,
NLENS,Enschede,Enschede,NL,,AF,,
NLEPL,Empel,Empel,NL,NB,RN,5144N 00520E,
NLERA,Erica,Erica,NL,DR,RN,5243N 00656E,
NLEUR,Europoort,Europoort,NL,,AI,,
NLEWK,Ewijk,Ewijk,NL,GE,RN,5152N 00544E,
NLEWO,Eernewoude,Eernewoude,NL,FR,RN,5308N 00556E,
NLEXZ,Exmorrazijl,Exmorrazijl,NL,FR,RN,5304N 00528E,
NLFAR,Farmsum,Farmsum,NL,,AF,,
NLFJA,Fonejacht,Fonejacht,NL,FR,RL,,
NLFKP,Fraamklap,Fraamklap,NL,GR,RN,5320N 00638E,
NLFOX,Foxhol,Foxhol,NL,,AF,,
NLGBG,Gramsbergen,Gramsbergen,NL,OV,RN,5237N 00641E,
NLGDM,Geldermalsen,Geldermalsen,NL,,AF,,
NLGDO,Groot Dochteren,Groot Dochteren,NL,GE,RN,5210N 00622E,
NLGDR,Goedereede,Goedereede,NL,,AF,,
NLGE7,Meteren,Meteren,NL,GE,RL,5152N 00517E,
NLGET,Gendt,Gendt,NL,GE,RL,5153N 00558E,
NLGHO,Giethoorn,Giethoorn,NL,OV,RN,5244N 00604E,
NLGKN,Gaarkeuken,Gaarkeuken,NL,GR,RN,5315N 00619E,
NLGLL,Geulle,Geulle,NL,LI,RN,5055N 00544E,
NLGOE,Goes,Goes,NL,,AF,,
NLGOO,Goor,Goor,NL,,AF,,
NLGOR,Gorinchem,Gorinchem,NL,,AF,,
NLGOU,Gouda,Gouda,NL,,AF,,
NLGRA,'s-Gravendeel,'s-Gravendeel,NL,ZH,AF,5147N 00437E,
NLGRK,Groenendijk,Groenendijk,NL,,AF,5208N 00434E,
NLGRQ,Groningen,Groningen,NL,,AF,,
NLGRW,Groeneweg,Groeneweg,NL,ZH,RN,5159N 00436E,
NLGRZ,'s-Gravenzande,'s-Gravenzande,NL,ZH,AF,5200N 00410E,
NLGSS,Gasselternijveen,Gasselternijveen,NL,DR,RL,5259N 06051E,
NLGUN,Goudriaan,Goudriaan,NL,ZH,RL,5154N 00454E,
NLGWD,Groenewoud,Groenewoud,NL,NB,RN,5131N 00537E,
NLGWO,Garmerwolde,Garmerwolde,NL,GR,RN,5315N 00639E,
NLGWU,Geeuwenbrug,Geeuwenbrug,NL,DR,RN,5252N 00622E,
NLHAA,Haarlem,Haarlem,NL,,AF,,
NLHAE,Haelen,Haelen,NL,,AF,,
NLHAN,Hansweert/Schore,Hansweert/Schore,NL,,AF,5126N 00400E,
NLHAR,Harlingen,Harlingen,NL,,AF,5311N 00526E,
NLHBG,Hardenberg,Hardenberg,NL,,AF,,
NLHBK,Haaldersbroek,Haaldersbroek,NL,NH,RN,5229N 00450E,
NLHDL,Hedel,Hedel,NL,,AF,,
NLHEE,Heel,Heel,NL,,AF,,
NLHEJ,Heijen,Heijen,NL,,RL,,
NLHFN,Haaften,Haaften,NL,,RL,5149N 00513E,
NLHGL,Hengelo,Hengelo,NL,,AF,,
NLHGM,Hoogmade,Hoogmade,NL,ZH,RN,5210N 00435E,
NLHGS,Hardinxveld,Hardinxveld,NL,ZH,RL,5149N 00452E,
NLHIL,Hillegom,Hillegom,NL,,AF,,
NLHKK,Hoogkerk,Hoogkerk,NL,GR,RL,5313N 00630E,
NLHKM,Hijkersmilde,Hijkersmilde,NL,DR,RN,5256N 00626E,
NLHKO,Hekendorp,Hekendorp,NL,ZH,RN,5201N 00449E,
NLHLM,Helmond,Helmond,NL,,AF,5129N 00540E,
NLHLO,Heiloo,Heiloo,NL,,AF,,
NLHLR,Haarlemmerliede,Haarlemmerliede,NL,NH,RN,5223N 00441E,
NLHLW,Holwerd,Holwerd,NL,FR,RL,5323N 00553E,
NLHME,Holtheme,Holtheme,NL,OV,RN,5237N 00642E,
NLHMI,Hoogersmilde,Hoogersmilde,NL,DR,RN,5254N 00624E,
NLHMS,Heemstede,Heemstede,NL,,AF,,
NLHNZ,Hengstdijk,Hengstdijk,NL,ZE,RL,5121N 00400E,
NLHOT,Holt,Holt,NL,OV,RN,5232N 00620E,
NLHOU,Houten,Houten,NL,,AF,,
NLHOV,Hoogeveen,Hoogeveen,NL,,AF,,
NLHPE,Hempens,Hempens,NL,FR,RN,5311N 00550E,
NLHPL,Hoofdplaat,Hoofdplaat,NL,ZE,RL,5122N 00339E,
NLHPT,Hoptille,Hoptille,NL,FR,RL,,
NLHRD,Harderwijk,Harderwijk,NL,,AF,,
NLHRE,Haren,Haren,NL,GR,RN,5310N 00636E,
NLHRN,Hoorn,Hoorn,NL,,AF,,
NLHRV,Heerenveen,Heerenveen,NL,,AF,,
NLHRW,Heerewaarden,Heerewaarden,NL,,RL,,
NLHSK,Harskamp,Harskamp,NL,GE,RL,5208N 00545E,
NLHSL,Hellevoetsluis,Hellevoetsluis,NL,,AF,,
NLHSO,Holsloot,Holsloot,NL,DR,RN,5243N 00648E,
NLHST,Haghorst,Haghorst,NL,NB,RN,5130N 00513E,
NLHSW,Heeswijk,Heeswijk,NL,NB,RN,5139N 00528E,
NLHTB,'s-Hertogenbosch,'s-Hertogenbosch,NL,NB,AF,5142N 00519E,
NLHTM,Hattem,Hattem,NL,GE,RN,5228N 00604E,
NLHTN,Hontenisse,Hontenisse,NL,,AI,,
NLHTR,Heteren,Heteren,NL,,AF,,
NLHUK,Heukelum,Heukelum,NL,GE,RL,5152N 00504E,
NLHUM,Heumen,Heumen,NL,GE,RN,5146N 00551E,
NLHUN,Hunsel,Hunsel,NL,LI,RN,5111N 00549E,
NLHVE,Havelte,Havelte,NL,DR,RN,5246N 00615E,
NLHVH,Hoek van Holland,Hoek van Holland,NL,,AF,5158N 00407E,
NLHVK,Hilvarenbeek,Hilvarenbeek,NL,NB,RL,5129N 00508E,
NLHVS,Hilversum,Hilversum,NL,,AF,,
NLHXG,Hardinxveld-Giessendam,Hardinxveld-Giessendam,NL,ZH,RL,5149N 00450E,
NLHZK,Hazeldonk,Hazeldonk,NL,NB,RL,5130N 00444E,
NLIJK,Krabbendijke,Krabbendijke,NL,ZE,RL,5126N 00407E,
NLIJM,IJmuiden/Velsen,IJmuiden/Velsen,NL,,AF,5228N 00436E,
NLILO,Illikhoven,Illikhoven,NL,LI,RN,5104N 00549E,
NLISM,IJsselmuiden,IJsselmuiden,NL,OV,RL,5234N 00555E,
NLITR,Itteren,Itteren,NL,LI,RN,5054N 00542E,
NLKAI,Krimpen aan den IJssel,Krimpen aan den IJssel,NL,,RL,5155N 00436E,
NLKAM,Kampen,Kampen,NL,,AF,,
NLKAT,Kats,Kats,NL,ZE,RL,5134N 00352E,
NLKHO,Kuikhorne,Kuikhorne,NL,FR,RN,5315N 00601E,
NLKHR,Kolhorn,Kolhorn,NL,NH,RN,5248N 00453E,
NLKHV,Ketelhaven,Ketelhaven,NL,FL,RN,5235N 00545E,
NLKKO,Kakeshoek,Kakeshoek,NL,,RL,,
NLKLM,Kollum,Kollum,NL,FR,RN,5317N 00609E,
NLKLU,Klundert,Klundert,NL,,AI,,
NLKLV,Kloosterveen,Kloosterveen,NL,DR,RN,5300N 00631E,
NLKLZ,Klazienaveen,Klazienaveen,NL,DR,AF,5244N 00700E,
NLKMS,Krammersluizen,Krammersluizen,NL,ZE,RL,,
NLKNT,Keent,Keent,NL,NB,RL,5142N 00542E,
NLKPE,Kelpen,Kelpen,NL,LI,RN,5113N 00550E,
NLKRD,Kerkdriel,Kerkdriel,NL,,RL,5146N 00520E,
NLKRE,Kreil,Kreil,NL,NH,RN,5248N 00452E,
NLKRI,'t Kruis,'t Kruis,NL,NH,RN,5239N 00451E,
NLKSL,Kessel,Kessel,NL,,AF,,
NLKST,Kesteren,Kesteren,NL,,AF,,
NLKTN,Kantens,Kantens,NL,GR,RN,5322N 00638E,
NLKTV,Katerveer,Katerveer,NL,OV,RN,5230N 00604E,
NLKWR,Katwijk aan den Rijn,Katwijk aan den Rijn,NL,ZH,RN,5212N 00425E,
NLKZV,Keizersveer,Keizersveer,NL,NB,RN,5143N 00454E,
NLLAN,Lauwersoog,Lauwersoog,NL,,AF,,
NLLAV,Loenen aan de Vecht,Loenen aan de Vecht,NL,,AF,,
NLLAW,Lage Weide,Lage Weide,NL,,AF,,
NLLDD,Leiderdorp,Leiderdorp,NL,,AF,,
NLLEM,Lemsterland,Lemsterland,NL,,AI,,
NLLEN,Lieren,Lieren,NL,GE,RL,5210N 06000E,
NLLEO,Leons,Leons,NL,FR,RN,5307N 00528E,
NLLES,Leens,Leens,NL,GR,RN,5322N 00623E,
NLLEY,Lelystad,Lelystad,NL,,AF,,
NLLGB,Landgoed Baest,Landgoed Baest,NL,,RL,,
NLLGD,Lageland,Lageland,NL,GR,RN,5314N 00643E,
NLLGI,Langelille,Langelille,NL,FR,RN,5251N 00551E,
NLLID,Leiden,Leiden,NL,,AF,,
NLLIE,Lienden,Lienden,NL,,AF,,
NLLIJ,Lijnden,Lijnden,NL,NH,RL,5221N 00446E,
NLLIT,Lith,Lith,NL,,AF,,
NLLKN,'t Leuken,'t Leuken,NL,LI,RL,,
NLLME,Limmel,Limmel,NL,LI,RN,5052N 00542E,
NLLNO,Loenersloot,Loenersloot,NL,UT,RN,5214N 00500E,
NLLRD,Leerdam,Leerdam,NL,,AF,,
NLLRU,Leimuiderbrug,Leimuiderbrug,NL,NH,RN,5214N 00440E,
NLLTO,Lithoijen,Lithoijen,NL,NB,RL,5148N 00528E,
NLLTS,Laatste Stuiver,Laatste Stuiver,NL,,RL,,
NLLWE,Lalleweer,Lalleweer,NL,GR,RN,5317N 00700E,
NLLWG,Langeweg,Langeweg,NL,NB,RL,5139N 00440E,
NLLWO,Lippenwoude,Lippenwoude,NL,FR,RN,5258N 00539E,
NLLWR,Leeuwarden,Leeuwarden,NL,,AF,,
NLLZA,Lage Zwaluwe,Lage Zwaluwe,NL,NB,RN,5143N 00444E,
NLMAK,Makkum,Makkum,NL,FR,RL,5303N 00524E,
NLMAR,Markelo,Markelo,NL,,AF,,
NLMAU,Maurik,Maurik,NL,,AF,,
NLMDG,Muiderberg,Muiderberg,NL,NH,RN,5220N 00507E,
NLMDI,Middenbeemster,Middenbeemster,NL,NH,RL,5233N 04055E,
NLMDT,Mildert,Mildert,NL,LI,RL,,
NLMDU,Middelstum,Middelstum,NL,GR,RN,5321N 00639E,
NLMEH,Mesch,Mesch,NL,LI,RL,,
NLMEP,Meppel,Meppel,NL,,AF,,
NLMEW,Meerlo-Wansum,Meerlo-Wansum,NL,,AI,,
NLMGT,Molengat,Molengat,NL,NH,RL,5303N 00439E,
NLMHU,Maarhuizen,Maarhuizen,NL,GR,RN,5321N 00630E,
NLMID,Middelburg,Middelburg,NL,,AF,,
NLMIE,Mierlo,Mierlo,NL,NB,AF,5126N 00537E,
NLMIH,Middelharnis,Middelharnis,NL,,AF,,
NLMJA,Mandjeswaard,Mandjeswaard,NL,OV,RN,5234N 00555E,
NLMKE,Munnekeburen,Munnekeburen,NL,FR,RN,5251N 00553E,
NLMKM,Wonseradeel/Makkum,Wonseradeel/Makkum,NL,FR,RL,5303N 00523E,
NLMKN,Marken,Marken,NL,NH,RN,5228N 00506E,
NLMLA,Middelaar,Middelaar,NL,LI,RN,5144N 00555E,
NLMLR,Millingen aan de Rijn,Millingen aan de Rijn,NL,GE,RN,5152N 00603E,
NLMNH,Mijnsheerenland,Mijnsheerenland,NL,,RL,5148N 00429E,
NLMNU,Menaldum,Menaldum,NL,FR,RN,5313N 00540E,
NLMOE,Moerdijk,Moerdijk,NL,,AF,5141N 00434E,
NLMOK,Mook,Mook,NL,LI,RN,5145N 00553E,
NLMOL,Molenhoek,Molenhoek,NL,LI,RL,5146N 00552E,
NLMSB,Maasbracht,Maasbracht,NL,,AF,,
NLMSL,Maassluis,Maassluis,NL,,AF,,
NLMST,Maastricht,Maastricht,NL,,AF,,
NLMSV,Maasvlakte,Maasvlakte,NL,,AF,,
NLMSW,Mensingeweer,Mensingeweer,NL,GR,RN,5321N 00628E,
NLMUD,Muiden,Muiden,NL,NH,RN,5220N 00504E,
NLMWD,Midwolda,Midwolda,NL,GR,RL,5312N 00700E,
NLN8W,Nieuwerkerke,Nieuwerkerke,NL,ZE,RL,5142N 00354E,
NLNAM,Nieuw-Amsterdam,Nieuw-Amsterdam,NL,DR,RN,5243N 00652E,
NLNAW,Naaldwijk,Naaldwijk,NL,,AF,,
NLNBG,Nieuwerbrug,Nieuwerbrug,NL,ZH,RN,5205N 00449E,
NLNBU,Nieuwe Brug,Nieuwe Brug,NL,NH,RN,5222N 00440E,
NLND5,Dreischor,Dreischor,NL,ZE,RL,5141N 00359E,
NLNDB,Nederhorst den Berg,Nederhorst den Berg,NL,,AF,5216N 00503E,
NLNDL,Noordwijk aan Zee,Noordwijk aan Zee,NL,,AF,5215N 00426E,
NLNEC,Neck,Neck,NL,NH,RN,5231N 00455E,
NLNES,Nes,Nes,NL,FR,RN,5303N 00551E,
NLNEV,Veen,Veen,NL,GE,RL,5147N 00507E,
NLNGV,Nigtevecht,Nigtevecht,NL,UT,RL,5217N 00502E,
NLNIE,Nieuwerkerk aan den IJssel,Nieuwerkerk aan den IJssel,NL,ZH,RL,5158N 00437E,
NLNIJ,Nijmegen,Nijmegen,NL,,AF,,
NLNIU,Nieuwdorp,Nieuwdorp,NL,ZE,RL,5128N 00344E,
NLNKK,Nijkerk,Nijkerk,NL,,AF,,
NLNPZ,Usquert,Usquert,NL,GR,RL,5326N 00633E,
NLNRG,Norg,Norg,NL,,RL,5303N 00627E,
NLNSA,Nes aan de Amstel,Nes aan de Amstel,NL,NH,RN,5216N 00453E,
NLNSD,Nieuw-Scheemda,Nieuw-Scheemda,NL,GR,RN,5312N 00656E,
NLNST,Nederasselt,Nederasselt,NL,,RL,5146N 00545E,
NLNSU,Nessersluis,Nessersluis,NL,UT,RN,5215N 00452E,
NLNSZ,Nieuwe Statenzijl,Nieuwe Statenzijl,NL,GR,RN,5314N 00712E,
NLNTJ,Neeltje Jans,Neeltje Jans,NL,ZE,RL,5338N 00342E,
NLNWG,Nieuwegein,Nieuwegein,NL,,AF,,
NLNWJ,Noordwelle,Noordwelle,NL,ZE,RL,5143N 00348E,
NLNWO,Nieuwolda,Nieuwolda,NL,GR,RN,5315N 00659E,
NLNZ8,Noordeloos,Noordeloos,NL,ZH,RL,5154N 00457E,
NLNZJ,Nijezijl,Nijezijl,NL,FR,RN,5300N 00537E,
NLOBL,Oud-Beijerland,Oud-Beijerland,NL,,AF,,
NLODL,Odiliapeel,Odiliapeel,NL,NB,RL,5139N 00542E,
NLODR,Ouderkerk aan de Amstel,Ouderkerk aan de Amstel,NL,NH,RN,5218N 00454E,
NLOGA,Oudega,Oudega,NL,,RL,5300N 00533E,
NLOGE,Oegstgeest,Oegstgeest,NL,,AF,,
NLOGN,Oud Gein,Oud Gein,NL,,RL,,
NLOGP,Ooltgensplaat,Ooltgensplaat,NL,ZH,RN,5141N 00421E,
NLOHI,Oudeschild,Oudeschild,NL,NH,RN,5302N 00452E,
NLOHM,Oosthem,Oosthem,NL,FR,RN,5301N 00536E,
NLOHW,Oude Schouw,Oude Schouw,NL,FR,RN,5304N 00549E,
NLOHZ,Oosthuizen,Oosthuizen,NL,NH,RN,5234N 00500E,
NLOIH,Oirschot,Oirschot,NL,,AF,,
NLOLS,Oosterlittens,Oosterlittens,NL,FR,RN,5308N 00539E,
NLOMD,Roermond,Roermond,NL,,AF,,
NLOME,Oostermeer,Oostermeer,NL,FR,RN,5310N 00603E,
NLOMH,Oostmahorn,Oostmahorn,NL,FR,RL,5323N 00610E,
NLOOS,Oosterhout,Oosterhout,NL,NB,AF,5139N 00453E,
NLORJ,Oudenrijn,Oudenrijn,NL,UT,RN,5205N 00504E,
NLORL,Oterleek,Oterleek,NL,NH,RN,5238N 00450E,
NLOSG,Oud-Sabbinge,Oud-Sabbinge,NL,ZE,RN,5132N 00348E,
NLOSK,Overschild,Overschild,NL,GR,RN,5317N 00647E,
NLOSS,Oss,Oss,NL,NB,AF,5146N 00532E,
NLOVG,Overberg,Overberg,NL,UT,RL,5202N 00530E,
NLOZL,Ossenzijl,Ossenzijl,NL,OV,RN,5248N 00555E,
NLOZU,Oud-Zuilen,Oud-Zuilen,NL,UT,RN,5208N 00504E,
NLPAP,Papendrecht,Papendrecht,NL,,AF,,
NLPER,Pernis,Pernis,NL,ZH,AF,5153N 00423E,
NLPHL,Panheel,Panheel,NL,,RL,5111N 00552E,
NLPTG,Poortugaal,Poortugaal,NL,ZH,RL,5152N 00424E,
NLPUM,Purmerend,Purmerend,NL,,AF,,
NLPZI,Pieterzijl,Pieterzijl,NL,GR,RN,5317N 00616E,
NLQCU,Elst,Elst,NL,,AF,5155N 00551E,
NLQDG,Lisse,Lisse,NL,,AF,,
NLQDS,Raalte,Raalte,NL,,AF,,
NLRAS,Ravenstein,Ravenstein,NL,,AF,,
NLRBG,Rijnsburg,Rijnsburg,NL,,AF,,
NLRBO,Robbenoord,Robbenoord,NL,NH,RL,,
NLRED,Ried,Ried,NL,NB,RN,5131N 00501E,
NLREW,Reimerswaal,Reimerswaal,NL,,AI,,
NLRHD,Rheden,Rheden,NL,,AF,,
NLRID,Ridderkerk,Ridderkerk,NL,,AF,,
NLRIJ,Rijs,Rijs,NL,FR,RL,5252N 00530E,
NLRLA,Rilland,Rilland,NL,ZE,RN,5125N 00411E,
NLRNK,Renkum,Renkum,NL,,AF,,
NLROC,Rockanje,Rockanje,NL,ZH,RL,5152N 00404E,
NLROZ,Rozenburg,Rozenburg,NL,,AF,,
NLRPL,Ramspol,Ramspol,NL,OV,RL,,
NLRSH,Rijsenhout,Rijsenhout,NL,,RL,5215N 00443E,
NLRSL,Roompotsluis,Roompotsluis,NL,,AF,,
NLRST,Roosteren,Roosteren,NL,LI,RN,5105N 00549E,
NLRSW,Rijnsaterwoude,Rijnsaterwoude,NL,,RL,5212N 00440E,
NLRTG,Rustenburg,Rustenburg,NL,NH,RN,5238N 00453E,
NLRTM,Rotterdam,Rotterdam,NL,ZH,AF,5155N 00430E,
NLRUK,Breukelen,Breukelen,NL,,AF,,
NLRUT,Rutten,Rutten,NL,FL,RN,5248N 00542E,
NLRYS,Rijswijk,Rijswijk,NL,,AF,,
NLSAB,Saba,Saba,NL,,RL,1738N 06314W,
NLSAR,Sint Andries,Sint Andries,NL,GE,RN,5148N 00521E,
NLSAT,Stad aan 't Haringvliet,Stad aan 't Haringvliet,NL,ZH,RL,5144N 00415E,
NLSBS,Sijbrandahuis,Sijbrandahuis,NL,FR,RN,5319N 00558E,
NLSBU,Schagerbrug,Schagerbrug,NL,NH,RN,5248N 00446E,
NLSCA,Sprang,Sprang,NL,NB,AF,5140N 00503E,
NLSCE,Scheveningen,Scheveningen,NL,,AF,5206N 00415E,
NLSCH,Schagen,Schagen,NL,,RL,5247N 00447E,
NLSCI,Schiedam,Schiedam,NL,,AF,,
NLSDB,Standdaarbuiten,Standdaarbuiten,NL,NB,RN,5137N 00431E,
NLSDM,Stadsdam,Stadsdam,NL,UT,RN,5205N 00503E,
NLSDN,Steenderen,Steenderen,NL,GE,RL,5204N 00611E,
NLSDW,Schildwolde,Schildwolde,NL,GR,RN,5314N 00649E,
NLSHH,Schoonhoven,Schoonhoven,NL,,AF,,
NLSHO,Schermerhorn,Schermerhorn,NL,NH,RN,5236N 00453E,
NLSKG,Slijkenburg,Slijkenburg,NL,FR,RN,5249N 00551E,
NLSKL,Stieltjeskanaal,Stieltjeskanaal,NL,DR,RN,5241N 00650E,
NLSKM,Slikkendam,Slikkendam,NL,ZH,RN,5209N 00451E,
NLSKW,Schalkwijk,Schalkwijk,NL,UT,RN,5159N 00511E,
NLSL7,Ijsselsteyn,Ijsselsteyn,NL,LI,RL,5129N 00554E,
NLSLD,Sliedrecht,Sliedrecht,NL,ZH,AF,5149N 00446E,
NLSLO,Slochteren,Slochteren,NL,GR,RN,5313N 00648E,
NLSLT,Sloten,Sloten,NL,FR,RN,5254N 00539E,
NLSLU,Sluiskil,Sluiskil,NL,ZE,AF,5117N 00350E,
NLSMD,Scheemda,Scheemda,NL,,AF,,
NLSMG,Sint Michielsgestel,Sint Michielsgestel,NL,NB,RL,5138N 00521E,
NLSMI,Smilde,Smilde,NL,DR,RN,5257N 00627E,
NLSML,Smallingerland,Smallingerland,NL,,AI,,
NLSMO,Schiermonnikoog,Schiermonnikoog,NL,FR,RL,5329N 00610E,
NLSMV,Sint Maartensvlotbrug,Sint Maartensvlotbrug,NL,NH,RN,5247N 00443E,
NLSMZ,Scheemderzwaag,Scheemderzwaag,NL,GR,RN,5311N 00657E,
NLSND,Schijndel,Schijndel,NL,,AF,,
NLSNN,Sint-Annaland,Sint-Annaland,NL,ZE,RL,5136N 00406E,
NLSON,Son,Son,NL,NB,AF,5130N 00530E,
NLSOP,Stolpen,Stolpen,NL,NH,RN,5249N 00443E,
NLSPI,Spijkenisse,Spijkenisse,NL,,AF,,
NLSPT,Stompetoren,Stompetoren,NL,NH,RL,5237N 00449E,
NLSPV,Stolpervlotbrug,Stolpervlotbrug,NL,NH,RN,5248N 00443E,
NLSRD,Scharendijke,Scharendijke,NL,ZE,RL,5144N 00351E,
NLSRE,Streefkerk,Streefkerk,NL,ZH,RL,5154N 00445E,
NLSRL,Schoorl,Schoorl,NL,NH,RL,5244N 00438E,
NLSRT,Stroe,Stroe,NL,NH,RL,5256N 00459E,
NLSSO,Bussloo,Bussloo,NL,GE,RL,5212N 00608E,
NLSTD,Stellendam,Stellendam,NL,,AF,,
NLSTO,'t Stort,'t Stort,NL,NH,RL,,
NLSVG,Sas van Gent,Sas van Gent,NL,,AF,5114N 00348E,
NLSVN,Stavenisse,Stavenisse,NL,ZE,RL,5135N 00400E,
NLSWK,Sleeuwijk,Sleeuwijk,NL,,RL,5149N 00457E,
NLSWL,Schouwerzijl,Schouwerzijl,NL,GR,RN,5320N 00627E,
NLSZL,Schoterzijl,Schoterzijl,NL,OV,RN,5249N 00548E,
NLTEX,Texel,Texel,NL,,AF,,
NLTHD,Ter Heijde,Ter Heijde,NL,ZH,RL,5202N 00410E,
NLTHE,'t Horntje,'t Horntje,NL,NH,RL,5300N 00447E,
NLTHO,Tholen,Tholen,NL,,RL,,
NLTKM,Tolkamer,Tolkamer,NL,GE,RN,5151N 00606E,
NLTKW,Tjerkwerd,Tjerkwerd,NL,FR,RN,5303N 00530E,
NLTLB,Tilburg,Tilburg,NL,,AF,,
NLTMZ,Termunterzijl,Termunterzijl,NL,GR,RL,5318N 00702E,
NLTNZ,Terneuzen,Terneuzen,NL,,AF,5128N 00349E,
NLTOK,Tollebeek,Tollebeek,NL,FL,RN,5241N 00541E,
NLTOR,Torontostraat,Torontostraat,NL,,RL,,
NLTRO,Terhorne,Terhorne,NL,FR,RN,5302N 00547E,
NLTSL,Terschelling,Terschelling,NL,FR,RL,5324N 00521E,
NLTTE,Lettele,Lettele,NL,OV,RL,5217N 00616E,
NLTUL,Tuil,Tuil,NL,,RL,5149N 00514E,
NLTWA,'t Waar,'t Waar,NL,GR,RN,5313N 00656E,
NLUFE,Uffelte,Uffelte,NL,DR,RN,5247N 00617E,
NLULR,Ulrum,Ulrum,NL,,AF,,
NLUMO,Urmond,Urmond,NL,LI,RN,5100N 00546E,
NLURK,Urk,Urk,NL,,AF,,
NLUTG,Uitgeest,Uitgeest,NL,NH,RN,5232N 00443E,
NLUTR,Uitermeer,Uitermeer,NL,NH,RN,5218N 00505E,
NLVAN,Vianen,Vianen,NL,,AF,,
NLVAR,Varsen,Varsen,NL,OV,RN,5231N 00623E,
NLVDM,Veendam,Veendam,NL,,AF,,
NLVDN,Vredenduin,Vredenduin,NL,,AF,,
NLVEL,Velsen,Velsen,NL,,AF,,
NLVEN,Venlo,Venlo,NL,LI,AF,5122N 00610E,
NLVER,Veere,Veere,NL,ZE,RL,5133N 00340E,
NLVGB,Voetangelbrug,Voetangelbrug,NL,NH,RL,,
NLVIE,Vierlingsbeek,Vierlingsbeek,NL,,AF,,
NLVKR,Volkerak,Volkerak,NL,NB,RL,5140N 00417E,
NLVKS,Valkenisse,Valkenisse,NL,ZE,RL,5130N 00330E,
NLVLA,Vlaardingen,Vlaardingen,NL,,AF,,
NLVLI,Vlissingen,Vlissingen,NL,,AF,5127N 00342E,
NLVLL,Vlieland,Vlieland,NL,,AI,,
NLVNO,Veenoord,Veenoord,NL,DR,RN,5243N 00651E,
NLVOB,Voorburg,Voorburg,NL,,AF,,
NLVOS,Voorschoten,Voorschoten,NL,,AF,,
NLVRA,Vrouwenakker,Vrouwenakker,NL,NH,RN,5214N 00447E,
NLVSN,Velsen-Noord,Velsen-Noord,NL,NH,RN,5228N 00439E,
NLVVL,Vierverlaten,Vierverlaten,NL,GR,RL,5313N 00629E,
NLVWD,Vlagtwedde,Vlagtwedde,NL,GR,RL,5302N 00707E,
NLWAA,Waalre,Waalre,NL,,AF,,
NLWAD,Waddinxveen,Waddinxveen,NL,,AF,,
NLWAS,Wanssum,Wanssum,NL,LI,RL,5132N 00605E,
NLWBD,Wijk bij Duurstede,Wijk bij Duurstede,NL,,AF,,
NLWBK,Westerbork,Westerbork,NL,DR,RL,5251N 00636E,
NLWBO,Westbroek,Westbroek,NL,GR,RL,5209N 00508E,
NLWCM,Woudrichem,Woudrichem,NL,,AF,5149N 00500E,
NLWDE,Waarde,Waarde,NL,ZE,RL,5125N 00403E,
NLWEL,Well,Well,NL,LI,RN,5133N 00606E,
NLWEU,Weurt,Weurt,NL,GE,RN,5151N 00549E,
NLWGD,West-Graftdijk,West-Graftdijk,NL,NH,RN,5233N 00447E,
NLWGR,Wieringermeer,Wieringermeer,NL,NH,RN,5251N 00501E,
NLWGW,Wageningen,Wageningen,NL,,AF,,
NLWHD,Wilhelminadorp,Wilhelminadorp,NL,ZE,RN,5132N 00354E,
NLWHO,Wehe-den Hoorn,Wehe-den Hoorn,NL,GR,RN,5322N 00625E,
NLWHU,Warfhuizen,Warfhuizen,NL,GR,RN,5321N 00626E,
NLWHZ,Waterhuizen,Waterhuizen,NL,GR,RL,5311N 00639E,
NLWIG,Wijnbergen,Wijnbergen,NL,GE,RL,5219N 00601E,
NLWIU,Wiuwert,Wiuwert,NL,,RL,,
NLWIW,Wieringerwerf,Wieringerwerf,NL,,AF,,
NLWKD,Werkendam,Werkendam,NL,,AF,,
NLWKG,Wolsumerketting,Wolsumerketting,NL,FR,RL,,
NLWKP,Westkapelle,Westkapelle,NL,ZE,RL,5131N 00326E,
NLWKS,Weakens,Weakens,NL,FR,RL,,
NLWKU,Workum,Workum,NL,FR,RL,5259N 00527E,
NLWLK,Waalwijk,Waalwijk,NL,,AF,,
NLWMO,Wormer,Wormer,NL,,AF,5230N 00449E,
NLWNS,Winsum,Winsum,NL,GR,RN,5320N 00631E,
NLWOR,Woerden,Woerden,NL,,AF,,
NLWRG,Wieringen/Den Oever,Wieringen/Den Oever,NL,NH,RN,5256N 00502E,
NLWRM,Warmond,Warmond,NL,,AF,,
NLWRP,Welsrijp,Welsrijp,NL,FR,RN,5310N 00536E,
NLWRT,Weert,Weert,NL,,AF,,
NLWSC,Winschoten,Winschoten,NL,,AF,,
NLWSO,Walsoorden,Walsoorden,NL,ZE,RL,5123N 00402E,
NLWSP,Weesp,Weesp,NL,,AF,,
NLWTE,West-Terschelling,West-Terschelling,NL,,AF,,
NLWTN,Warten,Warten,NL,NH,RL,,
NLWTZ,Westzaan,Westzaan,NL,,AF,,
NLXXX,RIS Inland waterways,RIS Inland waterways,NL,,AI,,
NLYSK,Yerseke,Yerseke,NL,,AF,,
NLZAA,Zaandam,Zaandam,NL,,AF,,
NLZBO,Zuidbroek,Zuidbroek,NL,GR,RN,5310N 00652E,
NLZDL,Zuidlaren,Zuidlaren,NL,DR,RN,5306N 00641E,
NLZE5,Scherpenisse,Scherpenisse,NL,ZE,RL,5133N 00406E,
NLZEI,Zuideinde,Zuideinde,NL,,RL,,
NLZEW,Zeewolde,Zeewolde,NL,FL,RL,5221N 00533E,
NLZHO,Zwaanshoek,Zwaanshoek,NL,NH,RN,5219N 00437E,
NLZIE,Zierikzee,Zierikzee,NL,,AF,,
NLZLD,Zoutelande,Zoutelande,NL,ZE,RL,5130N 00328E,
NLZOU,Zoeterwoude,Zoeterwoude,NL,ZH,RL,5207N 00430E,
NLZPO,Zandpol,Zandpol,NL,DR,RN,5242N 00652E,
NLZPS,Zijpersluis,Zijpersluis,NL,NH,RN,5244N 00441E,
NLZUL,Zuidland,Zuidland,NL,,AF,,
NLZUT,Zutphen,Zutphen,NL,,AF,,
NLZVG,Zevenbergen,Zevenbergen,NL,NB,RL,5144N 00534E,
NLZWI,Zwijndrecht,Zwijndrecht,NL,,AF,,
NLZWN,Zwinderen,Zwinderen,NL,DR,RN,5244N 00641E,
NLZWS,Zwartsluis,Zwartsluis,NL,,RL,,
NOAAA,Å i Lofoten,A i Lofoten,NO,18,AA,6753N 01259E,
NOAAF,Åfjord,Afjord,NO,16,AI,,
NOAAN,Årdal,Ardal,NO,14,AF,,
NOAAV,Ålvik,Alvik,NO,12,AA,6025N 00625E,
NOABE,Abelnes,Abelnes,NO,10,AA,5814N 00640E,
NOABV,Abelvær,Abelvar,NO,17,AA,6444N 01111E,
NOADN,Andenes,Andenes,NO,18,AA,6919N 01608E,
NOADY,Andøy,Andoy,NO,18,AI,,
NOAES,Ålesund,Alesund,NO,15,AF,6228N 00609E,
NOAFS,Anfinnsletta,Anfinnsletta,NO,18,AA,6820N 01526E,
NOAFT,Agnefest,Agnefest,NO,10,AA,5807N 00702E,
NOAGD,Agdenes,Agdenes,NO,16,AI,,
NOAGK,Ågskardet,Agskardet,NO,18,AA,6643N 01329E,
NOAGO,Ågotnes,Agotnes,NO,12,AF,6024N 00501E,
NOAHM,Åheim,Aheim,NO,15,RL,6202N 00531E,
NOAKK,Akkarfjord,Akkarfjord,NO,20,AA,7047N 02327E,
NOAKM,Åkrehamn,Akrehamn,NO,11,AA,5915N 00510E,
NOALE,Ålefjær,Alefjar,NO,10,AA,5814N 00801E,
NOALF,Alta,Alta,NO,20,AA,6958N 02314E,
NOALS,Alstahaug,Alstahaug,NO,18,AI,,
NOALV,Alvika,Alvika,NO,15,AA,6229N 00623E,
NOAND,Åndalsnes,Andalsnes,NO,15,AF,6234N 00742E,
NOANN,Sannidal,Sannidal,NO,08,RL,5853N 00917E,
NOANS,Ansnes,Ansnes,NO,16,AA,6338N 00900E,
NOARD,Årdalstangen,Ardalstangen,NO,14,AA,6114N 00742E,
NOARE,Arendal,Arendal,NO,09,AA,5827N 00846E,
NOARF,Arnafjord,Arnafjord,NO,14,AA,6101N 00623E,
NOARH,Årdal - Hjelmeland,Ardal - Hjelmeland,NO,11,AA,5909N 00610E,
NOARM,Arnøyhamn,Arnoyhamn,NO,19,AA,7003N 02038E,
NOASH,Austrheim,Austrheim,NO,12,AI,,
NOASL,Askvoll,Askvoll,NO,14,AI,,
NOASV,Austevoll,Austevoll,NO,12,AA,6006N 00509E,
NOASY,Askøy,Askoy,NO,12,AI,,
NOATA,Åtangen,Atangen,NO,08,AA,5852N 00921E,
NOATL,Atløy,Atloy,NO,14,AA,6121N 00453E,
NOAUE,Aure,Aure,NO,15,AA,6316N 00831E,
NOAUK,Aukra,Aukra,NO,15,AA,6249N 00654E,
NOAUL,Aurland,Aurland,NO,14,AA,6054N 00711E,
NOAUS,Austvika,Austvika,NO,18,RL,6611N 01314E,
NOAVA,Avaldsnes,Avaldsnes,NO,11,AA,5921N 00516E,
NOAVE,Averøy,Averoy,NO,15,AA,6303N 00740E,
NOBAF,Balsfjord,Balsfjord,NO,19,AA,6914N 01914E,
NOBAL,Båly,Baly,NO,10,AA,5802N 00709E,
NOBAM,Bamble,Bamble,NO,08,AI,,
NOBAR,Bærum,Barum,NO,02,AF,,
NOBEJ,Beiarn,Beiarn,NO,18,AI,,
NOBEL,Bellvika,Bellvika,NO,19,AA,6947N 01846E,
NOBER,Berg,Berg,NO,19,AI,,
NOBFJ,Bergsfjord,Bergsfjord,NO,20,AA,7015N 02147E,
NOBGN,Bergneset,Bergneset,NO,19,RL,6915N 01921E,
NOBGO,Bergen,Bergen,NO,12,AA,6023N 00519E,
NOBIN,Bindal,Bindal,NO,18,AI,,
NOBIS,Bismo,Bismo,NO,05,AF,,
NOBJD,Bjordal,Bjordal,NO,14,AA,6105N 00550E,
NOBJF,Båtsfjord,Batsfjord,NO,20,AA,7038N 02943E,
NOBJU,Bjugn,Bjugn,NO,16,AA,6345N 00945E,
NOBJX,Bjørkås,Bjorkas,NO,02,AA,5947N 01030E,
NOBJY,Bjarkøy,Bjarkoy,NO,19,AA,6859N 01632E,
NOBKD,Brakstad,Brakstad,NO,12,AF,,
NOBKS,Brekstad,Brekstad,NO,16,RL,6341N 00941E,
NOBKV,Bjerkvik,Bjerkvik,NO,18,RL,6833N 01733E,
NOBLK,Bleik,Bleik,NO,18,RL,6916N 01557E,
NOBLL,Ballangen,Ballangen,NO,18,AA,6820N 01650E,
NOBLO,Blokken,Blokken,NO,18,AA,6836N 01523E,
NOBLS,Balestrand,Balestrand,NO,14,AA,6112N 00632E,
NOBLV,Blomvåg,Blomvag,NO,12,AA,6032N 00453E,
NOBNN,Brønnøysund,Bronnoysund,NO,18,AA,6528N 01212E,
NOBOE,Bøneset - Karmøy,Boneset - Karmoy,NO,11,AA,5922N 00517E,
NOBOG,Bogen,Bogen,NO,18,RL,6831N 01659E,
NOBOK,Bokn,Bokn,NO,11,AA,5913N 00526E,
NOBOM,Bømlo,Bomlo,NO,12,AA,5936N 00513E,
NOBON,Bognes,Bognes,NO,18,AA,6813N 01604E,
NOBOO,Bodø,Bodo,NO,18,AA,6717N 01422E,
NOBOS,Borkenes,Borkenes,NO,19,RL,6846N 01610E,
NOBOV,Bøvågen - Radøy,Bovagen - Radoy,NO,12,AA,6042N 00455E,
NOBRE,Bremanger,Bremanger,NO,14,AI,,
NOBRH,Brensholmen,Brensholmen,NO,19,AA,6936N 01802E,
NOBRN,Brandasund,Brandasund,NO,12,AA,5954N 00506E,
NOBRO,Brønnøy,Bronnoy,NO,18,AI,,
NOBRR,Borre,Borre,NO,07,AI,,
NOBRV,Brattvåg,Brattvag,NO,15,AA,6236N 00626E,
NOBSD,Ballstad,Ballstad,NO,18,RL,6804N 01333E,
NOBSF,Brandsfjord,Brandsfjord,NO,16,AA,6411N 01021E,
NOBTH,Botnhamn,Botnhamn,NO,19,RL,6931N 01754E,
NOBTN,Botnaneset - Flora,Botnaneset - Flora,NO,14,AA,6137N 00504E,
NOBTS,Brettesnes,Brettesnes,NO,18,RL,6814N 01452E,
NOBUF,Burfjord,Burfjord,NO,19,AA,6956N 02203E,
NOBUG,Bugøynes,Bugoynes,NO,20,RL,6958N 02938E,
NOBUV,Buvika,Buvika,NO,16,AF,6208N 01142E,
NOBVB,Breivikbotn,Breivikbotn,NO,20,RL,7035N 02217E,
NOBVG,Berlevåg,Berlevag,NO,20,AI,7051N 02906E,
NOBVK,Brevik,Brevik,NO,08,AA,5903N 00942E,
NOBVR,Breiviga,Breiviga,NO,11,AA,5905N 00554E,
NOBYN,Byggnes - Karmøy,Byggnes - Karmoy,NO,11,AA,5918N 00518E,
NOBYR,Byrknesøy,Byrknesoy,NO,14,AA,6054N 00450E,
NOBYS,Bygstad,Bygstad,NO,14,RL,6123N 00540E,
NODBY,Nordby,Nordby,NO,02,RL,5956N 01134E,
NODDY,Espenesbogen,Espenesbogen,NO,19,AA,6907N 01745E,
NODER,Sperrebotn,Sperrebotn,NO,01,AA,5927N 01048E,
NODFJ,Dåfjord,Dafjord,NO,19,AA,6959N 01924E,
NODIM,Dimmelsvik,Dimmelsvik,NO,12,RL,5957N 00559E,
NODIR,Dirdal,Dirdal,NO,11,AA,5850N 00610E,
NODJU,Djupvik,Djupvik,NO,19,RL,6945N 02030E,
NODOL,Dolmøy,Dolmoy,NO,16,AA,6339N 00847E,
NODON,Dønna,Donna,NO,18,AI,,
NODRG,Drag,Drag,NO,18,AA,6802N 01604E,
NODRK,Drøbak,Drobak,NO,02,AA,5939N 01037E,
NODRM,Drammen,Drammen,NO,06,AA,5944N 01014E,
NODSF,Dale,Dale,NO,14,AA,6122N 00525E,
NODSN,Nannestad,Nannestad,NO,02,RL,,
NODUS,Dusavik,Dusavik,NO,11,RL,5900N 00539E,
NODYD,Dyrstad,Dyrstad,NO,14,RL,6146N 00511E,
NODYL,Dyrøyhamn,Dyroyhamn,NO,19,AA,6901N 01726E,
NODYR,Dyrvik,Dyrvik,NO,16,AF,6346N 00850E,
NODYY,Dyrøy,Dyroy,NO,19,AI,,
NOEDD,Eidsdal,Eidsdal,NO,15,AA,6216N 00710E,
NOEDE,Eide,Eide,NO,15,AA,6254N 00727E,
NOEDF,Eidfjord,Eidfjord,NO,12,AA,6028N 00704E,
NOEDS,Eide Sotra,Eide Sotra,NO,12,AA,6015N 00504E,
NOEDT,Eidet,Eidet,NO,18,AA,6844N 01435E,
NOEGD,Eigersund,Eigersund,NO,11,AI,,
NOEGE,Egersund,Egersund,NO,11,AA,5827N 00600E,
NOEGG,Eggesbønes,Eggesbones,NO,15,AA,6219N 00538E,
NOEID,Eid,Eid,NO,14,AI,,
NOEIF,Eidangerfjorden,Eidangerfjorden,NO,08,AA,5904N 00942E,
NOEIK,Eikefjord,Eikefjord,NO,14,RL,6135N 00528E,
NOEIL,Eidslandet,Eidslandet,NO,12,RL,6043N 00547E,
NOEKF,Eikefet,Eikefet,NO,12,AA,6042N 00533E,
NOELL,Ellingsøy,Ellingsoy,NO,15,AA,6230N 00620E,
NOELN,Elnesvågen,Elnesvagen,NO,15,RL,6251N 00708E,
NOELO,Eikelandsosen,Eikelandsosen,NO,12,RL,6014N 00545E,
NOENG,Engene,Engene,NO,06,RL,5941N 01032E,
NOERF,Erfjord - Suldal,Erfjord - Suldal,NO,11,AA,5920N 00613E,
NOESP,Espevik,Espevik,NO,11,RL,5919N 00540E,
NOETN,Etne,Etne,NO,12,AA,5939N 00555E,
NOEVT,Evenestangen,Evenestangen,NO,18,AA,6801N 01600E,
NOEVV,Eivindvik,Eivindvik,NO,14,RL,6059N 00505E,
NOEYD,Eydehavn,Eydehavn,NO,09,AA,5829N 00852E,
NOFAN,Farsund,Farsund,NO,10,AA,5805N 00648E,
NOFAU,Fauske,Fauske,NO,18,AA,6715N 01523E,
NOFAX,Fagerstrand,Fagerstrand,NO,08,AF,5956N 00848E,
NOFBL,Fiskebøl,Fiskebol,NO,18,AA,6826N 01449E,
NOFDE,Førde,Forde,NO,14,AA,6127N 00550E,
NOFED,Fedje,Fedje,NO,12,AA,6046N 00442E,
NOFFB,Finnfjordbotn,Finnfjordbotn,NO,19,RL,6913N 01805E,
NOFFD,Flekkefjord,Flekkefjord,NO,10,AA,5817N 00639E,
NOFIN,Finneidfjord,Finneidfjord,NO,18,AA,6611N 01347E,
NOFIT,Fitjar,Fitjar,NO,12,AA,5955N 00519E,
NOFJA,Fjaler,Fjaler,NO,14,AI,,
NOFJE,Fjell,Fjell,NO,12,AI,,
NOFJL,Fjelldal,Fjelldal,NO,18,AA,6833N 01630E,
NOFKG,Frekhaug,Frekhaug,NO,12,RL,6031N 00514E,
NOFKS,Flakstad,Flakstad,NO,18,AI,,
NOFLA,Flåm,Flam,NO,14,RL,6052N 00707E,
NOFLM,Flem,Flem,NO,15,AA,6241N 00614E,
NOFLO,Florvåg,Florvag,NO,12,RL,6025N 00514E,
NOFLR,Flora,Flora,NO,14,RL,6136N 00502E,
NOFLT,Flatanger,Flatanger,NO,17,AI,,
NOFLY,Flatøy,Flatoy,NO,12,AA,6032N 00515E,
NOFND,Finneid,Finneid,NO,18,AA,6715N 01525E,
NOFNE,Finnsnes,Finnsnes,NO,19,AA,6913N 01758E,
NOFNN,Fonnes,Fonnes,NO,12,RL,6049N 00458E,
NOFNS,Fornes,Fornes,NO,19,AA,6852N 01728E,
NOFNY,Finnøy,Finnoy,NO,11,AA,5910N 00548E,
NOFOA,Froan,Froan,NO,16,AA,6359N 00905E,
NOFOI,Fossing,Fossing,NO,08,AA,5856N 00928E,
NOFOL,Follafoss,Follafoss,NO,17,AF,6359N 01106E,
NOFON,Forøy,Foroy,NO,18,AA,6644N 01331E,
NOFOR,Forsand,Forsand,NO,11,AA,5854N 00605E,
NOFOS,Fosnavåg,Fosnavag,NO,15,AA,6220N 00538E,
NOFRA,Frøya,Froya,NO,16,AI,,
NOFRE,Fræena,Fraena,NO,15,AI,,
NOFRJ,Frei,Frei,NO,15,AI,,
NOFRK,Fredrikstad,Fredrikstad,NO,01,AA,5912N 01055E,
NOFRN,Frogn,Frogn,NO,02,AI,,
NOFRO,Florø,Floro,NO,14,AA,6136N 00501E,
NOFRS,Forus,Forus,NO,11,AA,5853N 00545E,
NOFRT,Frosta,Frosta,NO,17,AI,,
NOFSD,Fjellstrand,Fjellstrand,NO,12,AA,6013N 00558E,
NOFSK,Fiskåbygd - Vanylven,Fiskabygd - Vanylven,NO,15,AA,6206N 00533E,
NOFSL,Forsøl,Forsol,NO,20,AA,7043N 02349E,
NOFSN,Fosnes,Fosnes,NO,17,AI,,
NOFST,Fiskarstrand,Fiskarstrand,NO,15,AA,6227N 00617E,
NOFSV,Festvåg,Festvag,NO,18,AA,6726N 01446E,
NOFUS,Fusa,Fusa,NO,12,AA,6012N 00537E,
NOFYS,Fjærland,Fjarland,NO,14,AA,6124N 00644E,
NOGAM,Gamvik,Gamvik,NO,20,AA,7103N 02815E,
NOGAU,Gaular,Gaular,NO,14,AI,,
NOGHV,Gunhildvågen,Gunhildvagen,NO,14,AA,6135N 00500E,
NOGIK,Gismarvik,Gismarvik,NO,11,AA,5919N 00523E,
NOGIL,Gildeskål,Gildeskal,NO,18,AI,,
NOGIS,Giske,Giske,NO,15,AI,,
NOGJD,Gjøsundet,Gjosundet,NO,15,RL,6232N 00608E,
NOGJM,Gjemnes,Gjemnes,NO,15,AI,,
NOGJS,Gjesdal,Gjesdal,NO,11,AI,,
NOGJV,Gjesvær,Gjesvar,NO,20,AA,7106N 02523E,
NOGLO,Glomfjord,Glomfjord,NO,18,AA,6648N 01356E,
NOGLP,Gloppen,Gloppen,NO,14,AI,,
NOGOO,Godøya,Godoya,NO,15,AA,6228N 00601E,
NOGOT,Grøtavær,Grotavar,NO,19,AA,6858N 01615E,
NOGPN,Gaupne,Gaupne,NO,14,RL,6124N 00718E,
NOGRD,Gravdal,Gravdal,NO,18,RL,6807N 01330E,
NOGRF,Grovfjord,Grovfjord,NO,19,AA,6841N 01707E,
NOGRP,Grip,Grip,NO,15,AA,6313N 00736E,
NOGRS,Grytestranda,Grytestranda,NO,15,AA,6232N 00622E,
NOGRT,Gratangen,Gratangen,NO,19,AI,,
NOGRV,Granvin,Granvin,NO,12,AA,6031N 00642E,
NOGRY,Gryllefjord,Gryllefjord,NO,19,AI,6922N 01705E,
NOGTD,Grimstad,Grimstad,NO,09,AA,5820N 00835E,
NOGUD,Gudvangen,Gudvangen,NO,14,RL,6051N 00649E,
NOGUL,Gulen,Gulen,NO,14,AI,,
NOGUR,Gursken,Gursken,NO,15,RL,6214N 00534E,
NOGUT,Gutvik,Gutvik,NO,17,AA,6505N 01149E,
NOHAA,Hå,Ha,NO,11,AI,,
NOHAD,Hadsel,Hadsel,NO,18,AI,,
NOHAE,Hansnes,Hansnes,NO,19,AA,6958N 01937E,
NOHAL,Halden,Halden,NO,01,AA,5906N 01122E,
NOHAN,Halvorshavn,Halvorshavn,NO,06,AA,5935N 01037E,
NOHAR,Haram,Haram,NO,15,AI,,
NOHAU,Haugesund,Haugesund,NO,11,AA,5924N 00515E,
NOHAV,Havøysund,Havoysund,NO,20,RL,7100N 02440E,
NOHAZ,Halsnøy,Halsnoy,NO,12,AA,5948N 00543E,
NOHBT,Hamnbukt - Porsanger,Hamnbukt - Porsanger,NO,20,RL,7005N 02502E,
NOHEF,Herfjord,Herfjord,NO,16,AA,6400N 01002E,
NOHEK,Hekkelstrand,Hekkelstrand,NO,18,AA,6824N 01650E,
NOHEL,Hellvik,Hellvik,NO,11,RL,5828N 00552E,
NOHEM,Håeimsvika,Haeimsvika,NO,15,RL,6229N 00642E,
NOHEN,Henningsvær,Henningsvar,NO,18,RL,6809N 01413E,
NOHER,Hermansverk,Hermansverk,NO,14,RL,6111N 00650E,
NOHES,Hestvika,Hestvika,NO,16,AA,6334N 00912E,
NOHET,Herøysundet,Heroysundet,NO,12,AA,5955N 00547E,
NOHEV,Helligvær,Helligvar,NO,18,,6724N 01332E,
NOHEY,Herøy,Heroy,NO,15,RL,6020N 00538E,
NOHFL,Hammerfall,Hammerfall,NO,18,AA,6724N 01532E,
NOHFT,Hammerfest,Hammerfest,NO,20,AA,7039N 02340E,
NOHGR,Hegreneset,Hegreneset,NO,12,RL,6025N 00518E,
NOHHA,Hufthammar,Hufthammar,NO,12,AA,6007N 00512E,
NOHIT,Hitra,Hitra,NO,16,AI,,
NOHJJ,Hjelset,Hjelset,NO,15,AA,6247N 00729E,
NOHJL,Hjelmeland,Hjelmeland,NO,11,AI,5914N 00611E,
NOHJO,Hjørungavåg,Hjorungavag,NO,15,RL,6221N 00604E,
NOHKR,Helle - Kragerø,Helle - Kragero,NO,08,AA,5854N 00924E,
NOHLB,Høylandsbygda,Hoylandsbygda,NO,12,RL,5947N 00548E,
NOHLE,Helle - Forsand,Helle - Forsand,NO,11,AA,5852N 00609E,
NOHLL,Høllen,Hollen,NO,10,RL,5805N 00749E,
NOHLS,Halsa,Halsa,NO,15,AA,6303N 00813E,
NOHME,Hemne,Hemne,NO,16,AI,,
NOHMS,Hemnes,Hemnes,NO,18,AI,,
NOHMV,Hummelvik,Hummelvik,NO,20,AA,7015N 02147E,
NOHMY,Hamarøy,Hamaroy,NO,18,AI,,
NOHNE,Hemnesberget,Hemnesberget,NO,18,RL,6614N 01338E,
NOHOA,Holla,Holla,NO,16,RL,6319N 00909E,
NOHOF,Hof,Hof,NO,07,AA,5933N 01002E,
NOHOG,Høgset,Hogset,NO,18,AA,6708N 01501E,
NOHOK,Hommelvik,Hommelvik,NO,16,AA,6324N 01046E,
NOHOL,Holmestrand,Holmestrand,NO,07,AA,5929N 01018E,
NOHOO,Horsøy,Horsoy,NO,12,AA,6026N 00510E,
NOHOR,Horten,Horten,NO,07,AA,5924N 01029E,
NOHOT,Hanøytangen,Hanoytangen,NO,12,AA,6026N 00506E,
NOHOY,Husøy - Tønsberg,Husoy - Tonsberg,NO,07,AA,5914N 01027E,
NOHRD,Harstad,Harstad,NO,19,AA,6847N 01632E,
NOHRI,Hareid,Hareid,NO,15,AA,6222N 00602E,
NOHRO,Herøy,Heroy,NO,18,RL,6559N 01218E,
NOHRR,Herre,Herre,NO,08,AA,5906N 00934E,
NOHRS,Harøysundet,Haroysundet,NO,15,RL,6253N 00657E,
NOHRV,Hordvik,Hordvik,NO,12,AA,6031N 00518E,
NOHRY,Herøya,Heroya,NO,08,AF,5907N 00937E,
NOHSA,Halsa Meløy,Halsa Meloy,NO,18,AA,6644N 01331E,
NOHSL,Hovland,Hovland,NO,12,AA,6014N 00637E,
NOHSO,Husøy - Karmøy,Husoy - Karmoy,NO,11,AA,5920N 00518E,
NOHSS,Husøy - Lenvik,Husoy - Lenvik,NO,19,AA,6932N 01740E,
NOHSV,Hausvikstrand,Hausvikstrand,NO,10,AA,5802N 00659E,
NOHSY,Hellesylt,Hellesylt,NO,15,RL,6205N 00652E,
NOHUD,Hundeidvika,Hundeidvika,NO,15,AA,6222N 00625E,
NOHUR,Hurum,Hurum,NO,06,AI,,
NOHUS,Husnes,Husnes,NO,12,AA,5952N 00546E,
NOHVA,Hvaler,Hvaler,NO,01,AI,,
NOHVG,Honningsvåg,Honningsvag,NO,20,AA,7058N 02558E,
NOHVI,Håvik,Havik,NO,18,AA,5918N 00519E,
NOHVK,Hasvik,Hasvik,NO,20,AA,7028N 02209E,
NOHVS,Hvasser,Hvasser,NO,07,AA,5905N 01027E,
NOHYL,Hyllestad,Hyllestad,NO,14,AA,6110N 00517E,
NOHYR,Høyanger,Hoyanger,NO,14,AA,6113N 00603E,
NOIBE,Ibestad,Ibestad,NO,19,AI,,
NOIDR,Inndyr,Inndyr,NO,18,AA,6702N 01401E,
NOIGE,Igerøy,Igeroy,NO,18,AA,6541N 01208E,
NOIGL,Iglandsvik,Iglandsvik,NO,14,AA,6150N 00456E,
NOIKA,Vikan,Vikan,NO,18,AA,6712N 01433E,
NOIKR,Ikornnes,Ikornnes,NO,15,AA,6223N 00633E,
NOIND,Inderøy,Inderoy,NO,17,AI,,
NOINN,Innhavet,Innhavet,NO,18,AA,6758N 01555E,
NOINV,Innvik,Innvik,NO,14,RL,6151N 00637E,
NOISY,Ingøy,Ingoy,NO,20,AA,7105N 02404E,
NOJAN,Jakobsnes,Jakobsnes,NO,20,AA,6944N 03006E,
NOJEL,Jelsa,Jelsa,NO,11,RL,5920N 00601E,
NOJON,Jondal,Jondal,NO,12,AA,6016N 00614E,
NOJOS,Jøssingfjord,Jossingfjord,NO,11,AA,5819N 00621E,
NOJOV,Jøvik,Jovik,NO,19,AA,6936N 01949E,
NOJOY,Jarlsøy,Jarlsoy,NO,07,AA,5915N 01028E,
NOKAB,Kabelvåg,Kabelvag,NO,18,AA,6813N 01429E,
NOKAF,Kåfjord,Kafjord,NO,19,AI,,
NOKAH,Kårvikhamn,Karvikhamn,NO,19,AA,6924N 01809E,
NOKAN,Kalvneset,Kalvneset,NO,14,AA,6156N 00527E,
NOKAR,Kårstø,Karsto,NO,11,AF,5916N 00531E,
NOKAY,Karlsøy,Karlsoy,NO,19,AI,,
NOKBV,Kobbvågen,Kobbvagen,NO,18,AA,6844N 01432E,
NOKDF,Kaldfjord,Kaldfjord,NO,19,AA,6941N 01844E,
NOKDL,Kvanndal,Kvanndal,NO,12,RL,6029N 00636E,
NOKGF,Kongsfjord,Kongsfjord,NO,20,AA,7043N 02919E,
NOKIA,Kvithylla,Kvithylla,NO,16,AA,6334N 00954E,
NOKIL,Kilvik,Kilvik,NO,18,AA,6644N 01354E,
NOKIR,Kirkehamn,Kirkehamn,NO,10,AA,5814N 00632E,
NOKIV,Kinsarvik,Kinsarvik,NO,12,AA,6022N 00643E,
NOKJB,Kjørebonn,Kjorebonn,NO,08,AA,5854N 00929E,
NOKJE,Kjerringøy,Kjerringoy,NO,18,AA,6731N 01446E,
NOKJF,Kjøllefjord,Kjollefjord,NO,20,RL,7056N 02720E,
NOKJK,Kjøpsvik,Kjopsvik,NO,18,AA,6805N 01621E,
NOKKK,Kvelde,Kvelde,NO,,RL,5912N 00958E,
NOKKN,Kirkenes,Kirkenes,NO,20,AA,6943N 03002E,
NOKLD,Kolvereid,Kolvereid,NO,17,AA,6327N 01025E,
NOKLE,Kleppestø,Kleppesto,NO,12,RL,6025N 00514E,
NOKMN,Kårhamn,Karhamn,NO,20,AA,7033N 02309E,
NOKMO,Kambo,Kambo,NO,01,AA,5928N 01041E,
NOKMS,Kjøpmannskjær,Kjopmannskjar,NO,07,RL,5910N 01022E,
NOKMY,Karmøy,Karmoy,NO,11,AF,,
NOKOL,Kollsnes Øst,Kollsnes Ost,NO,12,RL,6055N 00453E,
NOKON,Kollsnes,Kollsnes,NO,12,RL,6034N 00449E,
NOKOP,Kopervik,Kopervik,NO,11,AA,5917N 00518E,
NOKPG,Kaupanger,Kaupanger,NO,14,AA,6110N 00714E,
NOKRA,Kragerø,Kragero,NO,08,AA,5852N 00924E,
NOKRS,Kristiansand,Kristiansand,NO,10,AA,5808N 00759E,
NOKRV,Knarrevik,Knarrevik,NO,12,RL,6022N 00509E,
NOKSU,Kristiansund,Kristiansund,NO,15,AA,6306N 00744E,
NOKSY,Kvitsøy,Kvitsoy,NO,11,AA,5903N 00525E,
NOKUV,Kuvika,Kuvika,NO,20,RL,7103N 02554E,
NOKVF,Kvåfjord,Kvafjord,NO,19,AI,5802N 00718E,
NOKVG,Kalvåg,Kalvag,NO,14,AA,6146N 00453E,
NOKVH,Kvinnherad,Kvinnherad,NO,12,AI,,
NOKVL,Kristoffervalen,Kristoffervalen,NO,19,AA,7007N 01959E,
NOKVM,Kvam,Kvam,NO,12,AI,,
NOKVN,Kvænangen,Kvanangen,NO,19,AI,,
NOKVR,Kvæfjord,Kvafjord,NO,19,RL,6846N 01610E,
NOKVS,Kvalsund,Kvalsund,NO,20,AA,7030N 02358E,
NOKVV,Kvalvika,Kvalvika,NO,18,AA,6718N 01423E,
NOKYR,Kyrksæterøra,Kyrksaterora,NO,16,AA,6317N 00905E,
NOLAD,Langesund,Langesund,NO,08,AA,5900N 00944E,
NOLAG,Langevåg,Langevag,NO,12,AA,5937N 00515E,
NOLAN,Langevåg - Sula,Langevag - Sula,NO,15,AA,6226N 00613E,
NOLAO,Langøya,Langoya,NO,07,AA,5930N 01023E,
NOLAR,Larvik,Larvik,NO,07,AA,5902N 01001E,
NOLAS,Lenangen Søndre,Lenangen Sondre,NO,19,AA,6949N 01959E,
NOLAV,Lavangen,Lavangen,NO,19,AA,6845N 01747E,
NOLAY,Lenangsøyra,Lenangsoyra,NO,19,AA,6949N 01959E,
NOLDS,Lindesnes,Lindesnes,NO,10,AF,,
NOLEA,Leirvik i Hyllestad,Leirvik i Hyllestad,NO,14,AA,6107N 00520E,
NOLEB,Lebesby,Lebesby,NO,20,AI,,
NOLEF,Leirfjord,Leirfjord,NO,18,AA,6603N 01257E,
NOLEK,Leikanger,Leikanger,NO,14,AI,,
NOLEP,Leirpollen,Leirpollen,NO,20,RL,7027N 02829E,
NOLES,Lenvik,Lenvik,NO,19,RL,6926N 01809E,
NOLEV,Levanger,Levanger,NO,17,AA,6345N 01117E,
NOLFF,Listraumen,Listraumen,NO,14,AA,6108N 00512E,
NOLGS,Langstein,Langstein,NO,17,AA,6333N 01053E,
NOLIA,Liavåg,Liavag,NO,15,AA,6221N 00604E,
NOLID,Liland,Liland,NO,18,,6820N 01445E,
NOLIE,Lier,Lier,NO,06,AI,,
NOLIL,Lillesand,Lillesand,NO,09,AA,5814N 00822E,
NOLIN,Lindås,Lindas,NO,12,AI,,
NOLIT,Litangen,Litangen,NO,08,AA,5851N 00918E,
NOLKA,Leka,Leka,NO,17,AI,,
NOLKN,Leknes,Leknes,NO,18,AI,6809N 01336E,
NOLKV,Leksvik,Leksvik,NO,17,AA,6340N 01037E,
NOLNE,Leines,Leines,NO,18,AA,6744N 01446E,
NOLOD,Lødingen,Lodingen,NO,18,AA,6825N 01559E,
NOLOE,Loen,Loen,NO,14,RL,6152N 00650E,
NOLON,Lonevåg,Lonevag,NO,12,AA,6032N 00529E,
NOLOP,Loppa,Loppa,NO,20,AI,,
NOLOV,Lovund,Lovund,NO,18,RL,6622N 01223E,
NOLRA,Lura,Lura,NO,11,RL,5852N 00544E,
NOLRD,Lærdal,Lardal,NO,14,AA,6106N 00727E,
NOLRE,Lessremman,Lessremman,NO,18,AA,6522N 01229E,
NOLRI,Leirvik,Leirvik,NO,12,AA,5946N 00530E,
NOLRK,Larkollen,Larkollen,NO,01,AA,5920N 01039E,
NOLSU,Lysøysund,Lysoysund,NO,16,RL,6353N 00952E,
NOLUL,Lutelandet,Lutelandet,NO,14,AA,6115N 00458E,
NOLUR,Lurøy,Luroy,NO,18,AA,6625N 01250E,
NOLUS,Luster,Luster,NO,14,AA,6126N 00727E,
NOLVG,Laksevåg,Laksevag,NO,12,RL,6023N 00518E,
NOLVK,Laukvik,Laukvik,NO,18,RL,6823N 01425E,
NOLYD,Lyngseidet,Lyngseidet,NO,19,AA,6935N 02013E,
NOLYF,Lysebotn,Lysebotn,NO,11,RL,5903N 00640E,
NOLYN,Lyngen,Lyngen,NO,19,AI,,
NOLYS,Lysaker,Lysaker,NO,02,AF,5954N 01036E,
NOMAH,Maurholen,Maurholen,NO,11,AA,5828N 00555E,
NOMAK,Malvik,Malvik,NO,16,AI,,
NOMAN,Mandal,Mandal,NO,10,AA,5801N 00727E,
NOMAT,Matre - Masfjorden,Matre - Masfjorden,NO,12,AA,6053N 00534E,
NOMAU,Mausund,Mausund,NO,16,AA,6352N 00840E,
NOMAV,Målselv,Malselv,NO,19,AI,,
NOMAY,Måløy,Maloy,NO,14,AF,6156N 00506E,
NOMEH,Mehamn,Mehamn,NO,20,AA,7102N 02750E,
NOMEL,Melbu,Melbu,NO,18,AA,6829N 01448E,
NOMEN,Menstad,Menstad,NO,08,AF,5910N 00938E,
NOMEV,Melsomvik,Melsomvik,NO,07,RL,5913N 01020E,
NOMEY,Meløy,Meloy,NO,18,AI,,
NOMGR,Manger,Manger,NO,12,RL,6038N 00500E,
NOMID,Midsund,Midsund,NO,15,AA,6240N 00640E,
NOMIS,Misvær,Misvar,NO,18,RL,6707N 01459E,
NOMIT,Misten,Misten,NO,18,AA,6727N 01444E,
NOMJF,Mosjøen,Mosjoen,NO,18,AF,6550N 01312E,
NOMLD,Meland,Meland,NO,12,AI,,
NOMLK,Melkøya,Melkoya,NO,20,RL,7041N 02336E,
NOMLM,Malm,Malm,NO,17,AA,6404N 01114E,
NOMLS,Melhus,Melhus,NO,16,AI,6317N 01016E,
NOMLT,Moldtustranda,Moldtustranda,NO,15,RL,6217N 00537E,
NOMOB,Mongstadbase,Mongstadbase,NO,12,AA,6048N 00504E,
NOMOD,Modalen,Modalen,NO,12,AI,,
NOMOL,Molde,Molde,NO,15,AA,6244N 00709E,
NOMON,Mongstad,Mongstad,NO,12,AA,6049N 00501E,
NOMOR,Mørsvikbotn,Morsvikbotn,NO,18,AA,6742N 01550E,
NOMOS,Mosterhamn,Mosterhamn,NO,12,AA,5942N 00523E,
NOMOV,Mølstrevåg,Molstrevag,NO,12,AA,5931N 00516E,
NOMQN,Mo i Rana,Mo i Rana,NO,18,AA,6619N 01408E,
NOMRV,Muruvika,Muruvika,NO,16,AA,6326N 01050E,
NOMSD,Mjølstadneset,Mjolstadneset,NO,15,RL,6219N 00540E,
NOMSF,Masfjorden,Masfjorden,NO,12,AI,,
NOMSK,Moskenes,Moskenes,NO,18,AA,6753N 01302E,
NOMSS,Moss,Moss,NO,01,AA,5925N 01039E,
NOMSV,Mosvik,Mosvik,NO,17,AI,,
NOMSY,Måsøy,Masoy,NO,20,AI,,
NOMVV,Mjølkevikvarden,Mjolkevikvarden,NO,12,AA,6033N 00459E,
NOMYO,Myre-Øksnes,Myre-Oksnes,NO,18,AA,,
NONAU,Naustdal,Naustdal,NO,14,AI,,
NONEO,Nesodden,Nesodden,NO,02,AI,,
NONEV,Nevlunghamn,Nevlunghamn,NO,07,AA,5858N 00952E,
NONFD,Nordfjordeid,Nordfjordeid,NO,14,AA,6154N 00559E,
NONFO,Nordfosen,Nordfosen,NO,16,AA,6357N 01011E,
NONHS,Norheimsund,Norheimsund,NO,12,AA,6022N 00608E,
NONIA,Hammarvika - Frøya,Hammarvika - Froya,NO,16,AA,6341N 00848E,
NONKB,Nordkjosbotn,Nordkjosbotn,NO,19,AA,6914N 01921E,
NONOD,Norddal,Norddal,NO,15,AI,,
NONOK,Nordkapp,Nordkapp,NO,20,AI,,
NONOL,Nordlenangen,Nordlenangen,NO,19,AA,6955N 02010E,
NONOM,Nordmela,Nordmela,NO,18,AA,6908N 01541E,
NONOR,Nordreisa,Nordreisa,NO,19,AI,,
NONRY,Nærøy,Naroy,NO,17,AI,,
NONSB,Nesseby,Nesseby,NO,20,AI,,
NONSF,Nordskaget - Frøya,Nordskaget - Froya,NO,16,AA,6343N 00834E,
NONSN,Nesna,Nesna,NO,18,AI,6612N 01301E,
NONST,Nesset,Nesset,NO,15,AI,,
NONTY,Nøtterøy,Notteroy,NO,07,AI,,
NONVK,Narvik,Narvik,NO,18,AA,6825N 01725E,
NONYE,Nyelv,Nyelv,NO,20,AA,7005N 02852E,
NONYH,Nyhamna,Nyhamna,NO,15,RL,6251N 00657E,
NONZC,Larsnes,Larsnes,NO,15,AA,6213N 00536E,
NONZL,Glesvær,Glesvar,NO,12,RL,6012N 00502E,
NONZY,Tromsdalen,Tromsdalen,NO,19,RL,6939N 01901E,
NOODD,Odda,Odda,NO,12,AA,6004N 00632E,
NOOKF,Øksfjord,Oksfjord,NO,20,RL,7014N 02220E,
NOOKS,Oksnes,Oksnes,NO,18,AI,,
NOOLA,Ørland,Orland,NO,16,AI,,
NOOLD,Olden,Olden,NO,14,AA,6150N 00648E,
NOOLL,Olderdalen,Olderdalen,NO,19,AA,6936N 02031E,
NOOLN,Ølen,Olen,NO,11,AA,5936N 00548E,
NOOLR,Oldervik,Oldervik,NO,19,AA,6945N 01941E,
NOOLT,Frafjord,Frafjord,NO,11,RL,5850N 00618E,
NOOLV,Ølve,Olve,NO,12,RL,6001N 00548E,
NOOMA,Omastranda,Omastranda,NO,12,AA,6013N 00558E,
NOOMB,Ombo,Ombo,NO,11,AA,5914N 00601E,
NOOOS,Os,Os,NO,12,AA,6010N 00528E,
NOOPG,Oppegård,Oppegard,NO,02,AI,,
NOORD,Orkdal,Orkdal,NO,16,AI,,
NOORK,Orkanger,Orkanger,NO,16,AA,6319N 00950E,
NOORS,Ørsta,Orsta,NO,15,AF,6211N 00605E,
NOORV,Ortnevik,Ortnevik,NO,14,RL,6106N 00608E,
NOOSE,Osnes - Vindafjord,Osnes - Vindafjord,NO,11,AA,5935N 00534E,
NOOSG,Ørskog,Orskog,NO,15,AI,,
NOOSL,Oslo,Oslo,NO,03,AA,5954N 01044E,
NOOSN,Osen,Osen,NO,16,AI,,
NOOST,Osterøy,Osteroy,NO,12,AI,,
NOOSY,Namsos,Namsos,NO,17,AA,6427N 01130E,
NOOTA,Ottersøya,Ottersoya,NO,18,RL,6451N 01117E,
NOOTO,Ottersøy,Ottersoy,NO,17,AA,6452N 01117E,
NOOYB,Bogøy,Bogoy,NO,18,AA,6754N 01511E,
NOOYG,Øygarden,Oygarden,NO,12,AI,,
NOPAR,Porsanger,Porsanger,NO,20,AI,,
NOPOR,Porsgrunn,Porsgrunn,NO,08,AA,5908N 00938E,
NORAD,Råde,Rade,NO,01,AI,,
NORAF,Rafnes,Rafnes,NO,08,AA,5906N 00934E,
NORAM,Ramsund,Ramsund,NO,18,AA,6829N 01630E,
NORAU,Rauma,Rauma,NO,15,AI,,
NORAY,Radøy,Radoy,NO,12,AI,,
NORBV,Raudbergvika,Raudbergvika,NO,15,AA,6216N 00703E,
NORDB,Randaberg,Randaberg,NO,11,AA,5900N 00538E,
NORDY,Rødøy,Rodoy,NO,18,AI,,
NOREE,Re,Re,NO,07,RL,5929N 01022E,
NOREK,Rekefjord,Rekefjord,NO,11,AA,5820N 00615E,
NOREN,Rennesøy,Rennesoy,NO,11,AA,5905N 00541E,
NOREP,Repparfjord,Repparfjord,NO,20,AA,7027N 02417E,
NORES,Raunes - Vindafjord,Raunes - Vindafjord,NO,11,AA,5926N 00545E,
NORET,Røst,Rost,NO,18,AA,6731N 01208E,
NORFJ,Reinfjord,Reinfjord,NO,19,AA,7006N 02136E,
NORIS,Risør,Risor,NO,09,AA,5843N 00914E,
NORIV,Risavika,Risavika,NO,11,AA,5856N 00536E,
NORMB,Ramberg,Ramberg,NO,18,AA,6805N 01313E,
NORMV,Ramsvika,Ramsvika,NO,15,RL,6257N 00724E,
NORNA,Rana,Rana,NO,18,AI,,
NOROA,Roan,Roan,NO,16,AI,,
NOROG,Rognan,Rognan,NO,18,RL,6706N 01523E,
NOROM,Gjerdsvika,Gjerdsvika,NO,15,AA,6215N 00533E,
NOROV,Rovde,Rovde,NO,15,AA,6211N 00545E,
NOROY,Snarøya,Snaroya,NO,02,RL,5953N 01037E,
NORPV,Repvåg,Repvag,NO,20,RL,7045N 02541E,
NORSD,Raudsand,Raudsand,NO,15,AA,6250N 00807E,
NORSH,Risøyhamn,Risoyhamn,NO,18,RL,6858N 01538E,
NORSS,Rissa,Rissa,NO,16,RL,6335N 00958E,
NORTL,Rutledal,Rutledal,NO,14,AA,6104N 00513E,
NORUB,Rubbestadneset,Rubbestadneset,NO,12,RL,5948N 00516E,
NORUN,Runde,Runde,NO,15,AA,6224N 00540E,
NORVK,Rørvik,Rorvik,NO,17,AF,6451N 01114E,
NORYF,Rypefjord,Rypefjord,NO,20,RL,7038N 02340E,
NOSAA,Skaland,Skaland,NO,19,RL,6927N 01718E,
NOSAC,Salangsverket,Salangsverket,NO,19,AA,6854N 01743E,
NOSAF,Sandeid,Sandeid,NO,11,AA,5933N 00550E,
NOSAG,Vormedal,Vormedal,NO,11,RL,5921N 00519E,
NOSAI,Sandviksberget,Sandviksberget,NO,16,AA,6419N 01027E,
NOSAK,Stakkvik,Stakkvik,NO,19,AA,6957N 01940E,
NOSAL,Salangen,Salangen,NO,19,AA,6852N 01749E,
NOSAM,Samnanger,Samnanger,NO,12,AI,,
NOSAN,Skaun,Skaun,NO,16,AI,,
NOSAS,Sandnes,Sandnes,NO,11,AA,5851N 00544E,
NOSAT,Salten,Salten,NO,18,AA,6722N 01535E,
NOSAU,Sauda,Sauda,NO,11,AA,5938N 00621E,
NOSAX,Sand,Sand,NO,11,AA,5929N 00615E,
NOSAY,Sandøya,Sandoya,NO,15,AI,6857N 01640E,
NOSBA,Stord base,Stord base,NO,12,AA,5945N 00529E,
NOSBT,Botn - Sandnessjøen,Botn - Sandnessjoen,NO,18,AA,6600N 01239E,
NOSBU,Salsbruket,Salsbruket,NO,17,AF,6448N 01152E,
NOSDI,Sandvika,Sandvika,NO,02,AA,5953N 01031E,
NOSDL,Saltdal,Saltdal,NO,18,AI,,
NOSDT,Stadlandet,Stadlandet,NO,14,AA,6208N 00519E,
NOSDZ,Stordal,Stordal,NO,15,AA,6222N 00659E,
NOSEI,Skånevik,Skanevik,NO,12,AF,,
NOSEJ,Seljeli,Seljeli,NO,18,AA,6608N 01335E,
NOSEV,Selva,Selva,NO,16,AA,6337N 00944E,
NOSGJ,Straumsgjerde,Straumsgjerde,NO,15,AA,6220N 00635E,
NOSGT,Skorgeneset,Skorgeneset,NO,15,RL,6234N 00707E,
NOSHT,Stanghelle,Stanghelle,NO,12,AA,6033N 00544E,
NOSID,Sævareid,Savareid,NO,12,RL,6011N 00546E,
NOSIH,Siholmen,Siholmen,NO,16,AA,6344N 00850E,
NOSIP,Skipavik - Gulen,Skipavik - Gulen,NO,12,AA,6051N 00502E,
NOSIS,Sunde,Sunde,NO,12,RL,5950N 00543E,
NOSJE,Selje,Selje,NO,14,AA,6202N 00520E,
NOSJH,Senjahopen,Senjahopen,NO,19,AA,6930N 01729E,
NOSJO,Sjøholt,Sjoholt,NO,15,AA,6228N 00648E,
NOSJU,Sjursøja/Oslo,Sjursoja/Oslo,NO,03,RL,5953N 01046E,
NOSJV,Sjøvegan,Sjovegan,NO,19,AA,6853N 01750E,
NOSKB,Skibotn,Skibotn,NO,19,AA,6923N 02015E,
NOSKE,Skien,Skien,NO,08,AA,5912N 00936E,
NOSKF,Skiftun,Skiftun,NO,11,AA,5917N 00608E,
NOSKH,Skjærhalden,Skjarhalden,NO,01,AA,5901N 01102E,
NOSKI,Skjerkøya,Skjerkoya,NO,08,AA,5900N 00945E,
NOSKK,Stokksund,Stokksund,NO,16,AA,6402N 01003E,
NOSKL,Skånland,Skanland,NO,19,AI,,
NOSKN,Stokmarknes,Stokmarknes,NO,18,AA,6834N 01454E,
NOSKO,Skodje,Skodje,NO,15,AI,,
NOSKU,Skudeneshavn,Skudeneshavn,NO,11,AA,5908N 00516E,
NOSKV,Skålevik,Skalevik,NO,12,RL,6023N 00514E,
NOSKX,Skogn,Skogn,NO,17,AA,6342N 01109E,
NOSKY,Skjervøy,Skjervoy,NO,19,AA,7002N 02058E,
NOSKZ,Skarsvåg,Skarsvag,NO,20,RL,7106N 02549E,
NOSLD,Solund,Solund,NO,14,AA,6104N 00450E,
NOSLG,Slagentangen,Slagentangen,NO,07,AA,5919N 01030E,
NOSLH,Salthella,Salthella,NO,12,RL,6000N 00507E,
NOSLM,Slemmestad,Slemmestad,NO,06,AA,5946N 01029E,
NOSLN,Skjolden,Skjolden,NO,14,RL,6129N 00735E,
NOSLV,Sløvåg,Slovag,NO,14,AA,6051N 00504E,
NOSLX,Sortland,Sortland,NO,18,AA,6842N 01525E,
NOSMN,Sømna,Somna,NO,18,AI,,
NOSMO,Smøla,Smola,NO,15,AA,6327N 00800E,
NOSND,Sund,Sund,NO,12,AI,,
NOSNE,Søgne,Sogne,NO,10,AI,5805N 00749E,
NOSNF,Snefjord,Snefjord,NO,20,AA,7048N 02434E,
NOSNI,Snillfjord,Snillfjord,NO,16,AI,,
NOSNL,Standal,Standal,NO,15,AA,6216N 00626E,
NOSNS,Steinesjøen,Steinesjoen,NO,18,RL,6836N 01427E,
NOSNV,Snekkevik,Snekkevik,NO,08,AA,5852N 00918E,
NOSOF,Sørfold,Sorfold,NO,18,AI,,
NOSOG,Sogndal,Sogndal,NO,14,AA,6113N 00706E,
NOSOJ,Sørkjosen,Sorkjosen,NO,19,RL,6948N 02056E,
NOSOK,Sokndal,Sokndal,NO,11,AI,,
NOSOR,Sørarnoy,Sorarnoy,NO,18,AA,6708N 01359E,
NOSOS,Svolvær Osan,Svolvar Osan,NO,18,AA,6814N 01432E,
NOSOV,Sövik,Sovik,NO,15,RL,6226N 00645E,
NOSOY,Storøya,Storoya,NO,11,RL,5925N 00514E,
NOSPG,Sarpsborg,Sarpsborg,NO,01,AA,5916N 01106E,
NOSPK,Skipavik,Skipavik,NO,12,AA,6004N 00536E,
NOSPV,Spjelkavik,Spjelkavik,NO,15,AA,6227N 00620E,
NOSRA,Sørreisa,Sorreisa,NO,19,AA,6908N 01807E,
NOSRD,Sigerfjord,Sigerfjord,NO,18,RL,6838N 01532E,
NOSRH,Skarholmen,Skarholmen,NO,12,AA,6024N 00512E,
NOSRK,Skrolsvik,Skrolsvik,NO,19,AA,6904N 01649E,
NOSRM,Straumsnes,Straumsnes,NO,18,RL,6839N 01438E,
NOSRN,Stranda,Stranda,NO,15,AA,6218N 00656E,
NOSRO,Skrova,Skrova,NO,18,RL,6810N 01440E,
NOSRP,Stord,Stord,NO,12,AA,5945N 00529E,
NOSRS,Storesund,Storesund,NO,11,AA,5925N 00516E,
NOSRV,Sirevåg,Sirevag,NO,11,AA,5830N 00547E,
NOSRX,Sotra,Sotra,NO,12,AF,,
NOSSJ,Sandnessjøen,Sandnessjoen,NO,18,AA,6601N 01238E,
NOSSO,Straumsjøen,Straumsjoen,NO,18,AA,6842N 01428E,
NOSSS,Sistranda,Sistranda,NO,16,AA,6343N 00850E,
NOSTA,Stathelle,Stathelle,NO,08,AA,5902N 00942E,
NOSTB,Storebø,Storebo,NO,12,AA,6006N 00513E,
NOSTD,Strand,Strand,NO,11,AI,,
NOSTE,Steinkjer,Steinkjer,NO,17,AF,6401N 01129E,
NOSTF,Storfjord,Storfjord,NO,19,AI,,
NOSTG,Steigen,Steigen,NO,18,AI,,
NOSTH,Steinshamn,Steinshamn,NO,15,RL,6247N 00629E,
NOSTI,Steinvig,Steinvig,NO,11,AA,5858N 00600E,
NOSTJ,Stjørdal,Stjordal,NO,17,AA,6328N 01053E,
NOSTK,Stokke,Stokke,NO,07,AI,,
NOSTO,Stokkvågen,Stokkvagen,NO,18,AA,6620N 01300E,
NOSTR,Stryn,Stryn,NO,14,AA,6153N 00642E,
NOSTU,Stura,Stura,NO,12,AA,6037N 00452E,
NOSTV,Stavern,Stavern,NO,07,AA,5859N 01002E,
NOSTX,Stø,Sto,NO,18,AA,6901N 01508E,
NOSTY,Stjernøya,Stjernoya,NO,20,RL,7018N 02243E,
NOSTZ,Stranda - Frøya,Stranda - Froya,NO,16,AA,6348N 00841E,
NOSUA,Sula,Sula,NO,15,AI,,
NOSUL,Suldal,Suldal,NO,11,AI,,
NOSUN,Sunndalsøra,Sunndalsora,NO,15,AF,6240N 00833E,
NOSUR,Surnadal,Surnadal,NO,15,AA,6259N 00838E,
NOSUS,Susort,Susort,NO,11,RL,5917N 00528E,
NOSUZ,Stamsund,Stamsund,NO,18,AA,6807N 01350E,
NOSVB,Svartebukt,Svartebukt,NO,07,AA,5901N 00950E,
NOSVE,Svelgen,Svelgen,NO,14,AA,6146N 00517E,
NOSVG,Stavanger,Stavanger,NO,11,AI,5858N 00545E,
NOSVI,Ørnes,Ornes,NO,18,RL,6652N 01342E,
NOSVJ,Svolvær,Svolvar,NO,18,AA,6813N 01433E,
NOSVL,Sævlandsvik,Savlandsvik,NO,11,AA,5916N 00511E,
NOSVO,Sveio,Sveio,NO,12,AI,5933N 00521E,
NOSVR,Sørvær,Sorvar,NO,20,RL,7038N 02159E,
NOSVT,Stavneset - Rissa,Stavneset - Rissa,NO,16,AA,6342N 00957E,
NOSVV,Svelvik,Svelvik,NO,07,AA,5936N 01024E,
NOSYK,Sykkylven,Sykkylven,NO,15,AA,6224N 00634E,
NOT8N,Oteren,Oteren,NO,19,RL,6916N 01954E,
NOTAA,Tana,Tana,NO,20,AI,,
NOTAE,Tananger,Tananger,NO,11,AA,5855N 00535E,
NOTAL,Tælavåg,Talavag,NO,12,AA,6015N 00459E,
NOTAU,Tau,Tau,NO,11,AA,5903N 00554E,
NOTAV,Torangsvåg,Torangsvag,NO,12,RL,6007N 00510E,
NOTBO,Tjeldbergodden,Tjeldbergodden,NO,15,AA,6328N 00900E,
NOTIN,Tingvoll,Tingvoll,NO,15,AI,,
NOTJL,Tjøtta,Tjotta,NO,18,AA,6549N 01226E,
NOTJO,Tjøme,Tjome,NO,07,AI,,
NOTJR,Tjørvåg,Tjorvag,NO,15,AA,6217N 00544E,
NOTJS,Tjeldsund,Tjeldsund,NO,18,AI,,
NOTJU,Torjulvågen,Torjulvagen,NO,15,AA,6259N 00815E,
NOTMV,Tromvik,Tromvik,NO,19,RL,6947N 01824E,
NOTNN,Tonnes,Tonnes,NO,18,AA,6631N 01300E,
NOTOF,Tofte - Hurum,Tofte - Hurum,NO,06,AA,5932N 01034E,
NOTOM,Tomrefjord,Tomrefjord,NO,15,AA,6235N 00655E,
NOTON,Tønsberg,Tonsberg,NO,07,AA,5915N 01025E,
NOTOR,Torsken,Torsken,NO,19,AA,6920N 01706E,
NOTOS,Tromsø,Tromso,NO,19,AI,6940N 01858E,
NOTOV,Tovik,Tovik,NO,19,RL,6841N 01654E,
NOTOY,Thorøya,Thoroya,NO,07,RL,5906N 01014E,
NOTRD,Trondheim,Trondheim,NO,16,AA,6326N 01024E,
NOTRF,Sandefjord,Sandefjord,NO,07,AA,5907N 01013E,
NOTRN,Træna,Trana,NO,18,RL,6630N 01206E,
NOTRO,Trollåsen,Trollasen,NO,02,RL,6002N 01002E,
NOTRY,Tranøy,Tranoy,NO,19,AI,,
NOTSB,Tyssebotn,Tyssebotn,NO,12,AA,6037N 00535E,
NOTSX,Tyssedal,Tyssedal,NO,12,AA,6007N 00633E,
NOTUF,Tufjorden,Tufjorden,NO,20,AA,7100N 02354E,
NOTUS,Tustna,Tustna,NO,15,AI,,
NOTVA,Torsvåg,Torsvag,NO,19,AA,7015N 01930E,
NOTVE,Tvedestrand,Tvedestrand,NO,09,AA,5837N 00855E,
NOTVI,Torvika,Torvika,NO,15,AA,6220N 00544E,
NOTYF,Tysfjord,Tysfjord,NO,18,AI,,
NOTYN,Tysnes,Tysnes,NO,12,AI,,
NOTYT,Tytebærvika,Tytebarvika,NO,19,AA,6936N 01958E,
NOTYV,Tysvær,Tysvar,NO,11,AI,,
NOUBO,Uløybukt,Uloybukt,NO,19,AA,6951N 02042E,
NOULE,Ulstein,Ulstein,NO,15,RL,6222N 00549E,
NOULL,Ullensvang,Ullensvang,NO,12,AA,6019N 00639E,
NOULS,Ulsteinvik,Ulsteinvik,NO,15,AA,6220N 00550E,
NOUME,Straume,Straume,NO,12,AA,6019N 00517E,
NOUND,Sund - Karmøy,Sund - Karmoy,NO,11,AA,5918N 00514E,
NOUSD,Uskedalen,Uskedalen,NO,12,AA,5956N 00551E,
NOUTG,Utgårdskilen,Utgardskilen,NO,01,AA,5905N 01052E,
NOUTH,Uthaug,Uthaug,NO,16,RL,6343N 00936E,
NOUTN,Utne,Utne,NO,12,RL,6025N 00636E,
NOUTS,Utsira,Utsira,NO,11,AA,5918N 00453E,
NOUTV,Utvorda,Utvorda,NO,17,AA,6436N 01057E,
NOUVK,Ulvik,Ulvik,NO,12,AA,6034N 00655E,
NOVAD,Valldal,Valldal,NO,15,AA,6218N 00716E,
NOVAE,Valsneset,Valsneset,NO,16,AA,6349N 00938E,
NOVAG,Valevåg,Valevag,NO,12,RL,5942N 00528E,
NOVAK,Vaksdal,Vaksdal,NO,12,AA,6028N 00544E,
NOVAL,Valløy,Valloy,NO,07,AF,5916N 01030E,
NOVAN,Vanvikan-Leksvik,Vanvikan-Leksvik,NO,17,AA,6333N 01014E,
NOVAO,Vardø,Vardo,NO,20,AA,7022N 03106E,
NOVAY,Vanylven,Vanylven,NO,15,AI,,
NOVBE,Valberg,Valberg,NO,08,AA,5853N 00925E,
NOVDA,Volda,Volda,NO,15,AA,6208N 00603E,
NOVDL,Vistdal,Vistdal,NO,15,RL,6243N 00756E,
NOVDS,Vadsø,Vadso,NO,20,AF,7004N 02946E,
NOVEF,Vefsn,Vefsn,NO,18,AI,,
NOVEG,Vega,Vega,NO,18,AA,6539N 01200E,
NOVEO,Vengsøy,Vengsoy,NO,19,AA,6950N 01835E,
NOVER,Verdal,Verdal,NO,17,AA,6347N 01126E,
NOVEV,Vevelstad,Vevelstad,NO,18,AI,,
NOVEY,Værøy,Varoy,NO,18,AA,6739N 01242E,
NOVGN,Vågan,Vagan,NO,18,AI,,
NOVGY,Vågsøy,Vagsoy,NO,14,AI,,
NOVHM,Vadheim,Vadheim,NO,14,RL,6112N 00549E,
NOVHN,Vikholmen,Vikholmen,NO,18,AA,6612N 01258E,
NOVIF,Vindafjord,Vindafjord,NO,11,AI,,
NOVIL,Vikedal,Vikedal,NO,11,AA,5930N 00555E,
NOVIS,Vik - Sogn,Vik - Sogn,NO,14,AA,6105N 00635E,
NOVKK,Vikkilen,Vikkilen,NO,09,AA,5822N 00837E,
NOVKN,Vikna,Vikna,NO,17,AI,,
NOVLL,Voll,Voll,NO,11,RL,6812N 01341E,
NOVLS,Vallersund,Vallersund,NO,16,AA,6351N 00945E,
NOVMD,Vedavågen,Vedavagen,NO,11,RL,5917N 00514E,
NOVNJ,Vinjeøra,Vinjeora,NO,16,RL,6312N 00859E,
NOVNN,Vannavalen,Vannavalen,NO,19,RL,7007N 01958E,
NOVNS,Vingsand,Vingsand,NO,16,AA,6421N 01028E,
NOVOH,Vågaholmen,Vagaholmen,NO,18,AA,6643N 01317E,
NOVRR,Verran,Verran,NO,17,AI,,
NOVSM,Vikan - Smøla,Vikan - Smola,NO,15,AA,6323N 00812E,
NOVSN,Visnes - Eide,Visnes - Eide,NO,15,AA,6257N 00724E,
NOVST,Vestnes,Vestnes,NO,15,AA,6238N 00704E,
NOVTL,Vartdal,Vartdal,NO,15,AA,6218N 00604E,
NOVTS,Vats,Vats,NO,11,AA,5929N 00544E,
NOVVG,Vågsvåg,Vagsvag,NO,14,RL,6156N 00503E,
NOVVY,Vestvågøy,Vestvagoy,NO,18,AI,,
NOYTO,Ytrøy,Ytroy,NO,14,AA,6105N 00441E,
NOZNJ,Nusfjord,Nusfjord,NO,18,AA,6802N 01321E,
NPLLU,Nawalparasi,Nawalparasi,NP,LU,RL,2732N 08340E,
NRINU,Nauru Island,Nauru Island,NR,,AI,0033S 16655E,
NUALO,Alofi,Alofi,NU,,RL,1903S 16955W,
NUIUE,Niue Island,Niue Island,NU,,AI,,
NZAKA,Akaroa,Akaroa,NZ,CAN,AC,4348S 17257E,
NZAKL,Auckland,Auckland,NZ,AUK,AC,3650S 17448E,
NZBLU,Bluff,Bluff,NZ,STL,AC,4636S 16819E,
NZBUW,Burnham Wharf,Burnham Wharf,NZ,WGN,AA,4118S 17448E,
NZCSA,Chelsea,Chelsea,NZ,AUK,AA,3649S 17443E,
NZDEV,Devonport,Devonport,NZ,AUK,AC,3650S 17447E,
NZDPC,Deep Cove,Deep Cove,NZ,STL,AC,4527S 16709E,
NZGIS,Gisborne,Gisborne,NZ,GIS,AC,3840S 17802E,
NZGLE,Glenavy,Glenavy,NZ,CAN,RL,4455S 17106E,
NZGMN,Greymouth,Greymouth,NZ,WTC,AC,4226S 17112E,
NZHMB,Tamaki,Tamaki,NZ,AUK,AA,3653S 17454E,
NZKAU,Kauri Point,Kauri Point,NZ,AUK,AA,3649S 17441E,
NZKBZ,Kaikoura,Kaikoura,NZ,CAN,AC,4225S 17342E,
NZLYT,Lyttelton,Lyttelton,NZ,CAN,AC,4336S 17243E,
NZMAB,Matiatia Bay,Matiatia Bay,NZ,AUK,AA,3646S 17458E,
NZMAP,Marsden Point,Marsden Point,NZ,NTL,AC,3550S 17430E,
NZMFN,Milford Sound,Milford Sound,NZ,STL,RL,4440S 16755E,
NZNPE,Napier,Napier,NZ,HKB,AC,3928S 17654E,
NZNPL,New Plymouth,New Plymouth,NZ,TKI,AC,3903S 17401E,
NZNSN,Nelson,Nelson,NZ,NSN,AC,4115S 17316E,
NZOLT,Rolleston,Rolleston,NZ,CAN,RL,4335S 17223E,
NZONE,Onehunga (Manukau Harbour),Onehunga (Manukau Harbour),NZ,AUK,AC,3700S 17440E,
NZOPX,Opua,Opua,NZ,NTL,AC,3519S 17407E,
NZORR,Otago Harbour,Otago Harbour,NZ,OTA,AC,4548S 17037E,
NZOTT,Otematata,Otematata,NZ,CAN,RL,4437S 17016E,
NZPCN,Picton,Picton,NZ,MBH,AC,4117S 17400E,
NZPOE,Port Chalmers,Port Chalmers,NZ,OTA,AC,4549S 17036E,
NZPON,Port Nelson,Port Nelson,NZ,,RL,4116S 17316E,
NZPOR,Portland,Portland,NZ,NTL,AM,3548S 17419E,
NZRAV,Ravensbourne,Ravensbourne,NZ,OTA,RL,4552S 17033E,
NZRUS,Russel,Russel,NZ,NTL,RL,3516S 17407E,
NZSEA,Seaview,Seaview,NZ,WGN,RL,3928S 17655E,
NZSHB,Shelly Bay,Shelly Bay,NZ,WGN,AA,4117S 17449E,
NZTAK,Takapuna,Takapuna,NZ,AUK,RL,3647S 17446E,
NZTHH,Taharoa,Taharoa,NZ,WKO,AC,3809S 17444E,
NZTIU,Timaru,Timaru,NZ,CAN,AC,4423S 17115E,
NZTKH,Tarakohe,Tarakohe,NZ,TAS,AC,4050S 17253E,
NZTRG,Tauranga,Tauranga,NZ,BOP,AI,3741S 17610E,
NZTRY,Tryphena,Tryphena,NZ,AUK,AA,3618S 17529E,
NZTWI,Tiwai Point-Bluff Port,Tiwai Point-Bluff Port,NZ,STL,RL,4635S 16821E,
NZWAG,Wanganui,Wanganui,NZ,MWT,AC,3956S 17459E,
NZWHN,Whangaparapara,Whangaparapara,NZ,AUK,AC,3614S 17523E,
NZWHR,Whangaroa,Whangaroa,NZ,NTL,AA,3502S 17345E,
NZWKE,Waiheke Island,Waiheke Island,NZ,AUK,RL,3648S 17506E,
NZWLG,Wellington,Wellington,NZ,WGN,AC,4116S 17447E,
NZWRE,Whangarei,Whangarei,NZ,NTL,AC,3550S 17429E,
NZWSZ,Westport,Westport,NZ,WTC,AC,4144S 17135E,
NZWTG,Waitangi,Waitangi,NZ,NTL,RL,3515S 17405E,
OMDQM,Duqm,Duqm,OM,WU,RL,1939N 05742E,
OMFAH,Fahal,Fahal,OM,MA,RL,2341N 05830E,
OMMCT,Muscat,Muscat,OM,MA,AI,2336N 05835E,
OMMFH,Mina' al Fahl,Mina' al Fahl,OM,MA,RL,2338N 05831E,
OMMNH,Al Mudayq,Al Mudayq,OM,BS,RL,2349N 05731E,
OMMUT,Muthra,Muthra,OM,,QQ,,
OMOFC,Sur,Sur,OM,SJ,RL,2239N 05926E,
OMOPQ,Port Qaboos,Port Qaboos,OM,,QQ,,
OMQAL,Qalhat,Qalhat,OM,SH,RL,2242N 05922E,
OMQUO,Quoin Island,Quoin Island,OM,,RL,2635N 05631E,
OMRAY,Raysut,Raysut,OM,,QQ,,
OMSHI,Shinas,Shinas,OM,BS,RL,2444N 05628E,
OMSLL,Salalah,Salalah,OM,,AI,,
OMSOH,Sohar,Sohar,OM,,QQ,,
OMSTQ,"Mina Sultan Qaboos, Muscat","Mina Sultan Qaboos, Muscat",OM,,RL,2337N 05833E,
OMSUL,Port Sultan,Port Sultan,OM,,RL,2337N 05838E,
OMSUW,Al-Suwaiq,Al-Suwaiq,OM,BJ,AA,2351N 05726E,
PAACO,Ancon,Ancon,PA,8,RL,0858N 07933W,
PAAGD,Aguadulce,Aguadulce,PA,,AI,,
PAAML,Puerto Armuelles,Puerto Armuelles,PA,4,AI,,
PABAY,Bayano,Bayano,PA,7,RL,0738N 08023W,
PABCC,Boca Chica,Boca Chica,PA,4,RL,0813N 08213W,
PABLB,Balboa,Balboa,PA,,AI,,
PABOC,Bocas del Toro,Bocas del Toro,PA,1,RL,0920N 08214W,
PACHA,Charco Azul,Charco Azul,PA,,RL,,
PACHG,Chiriquí Grande,Chiriqui Grande,PA,,RL,0857N 08207W,
PACTB,Cristóbal,Cristobal,PA,3,AI,0921N 07954W,
PACTD,Chitre,Chitre,PA,6,AI,0758N 08026W,
PACZZ,Cañazas,Canazas,PA,,RL,0808N 08042W,
PAELE,El Real,El Real,PA,,AI,,
PAG8L,Gualaca,Gualaca,PA,4,RL,0832N 08218W,
PAGBA,Gamboa,Gamboa,PA,,RL,,
PAGDE,Río Grande,Rio Grande,PA,10,RL,0743N 08121W,
PAGTN,Gatun,Gatun,PA,,QQ,,
PAHER,Herrera,Herrera,PA,7,RL,0750N 08040W,
PAMEL,Melones,Melones,PA,8,RL,0848N 07936W,
PAMFS,Miraflores,Miraflores,PA,,QQ,,
PAMIT,Manzanillo,Manzanillo,PA,,AI,,
PAMNP,Las Minas,Las Minas,PA,6,AI,,
PAONX,Colón,Colon,PA,3,AI,0921N 07952W,
PAPAI,Paraiso,Paraiso,PA,,QQ,,
PAPAM,Almirante,Almirante,PA,,AI,,
PAPAY,Payardi,Payardi,PA,,QQ,,
PAPBE,Portobelo,Portobelo,PA,3,RL,0933N 07939W,
PAPBM,Bahía Las Minas,Bahia Las Minas,PA,3,RL,0924N 07950W,
PAPCA,Puerto Caimito,Puerto Caimito,PA,9,RL,0852N 07943W,
PAPED,Pedregal,Pedregal,PA,4,RL,0822N 08226W,
PAPES,Pesé,Pese,PA,6,RL,0754N 08037W,
PAPLP,La Palma,La Palma,PA,5,AI,,
PAPTY,"Panamá, Ciudad de","Panama, Ciudad de",PA,8,AI,0858N 07932W,
PAROD,Rodman,Rodman,PA,8,RL,0857N 07934W,
PASCL,Santa Clara,Santa Clara,PA,,RL,0823N 08007W,
PATBG,Taboguilla,Taboguilla,PA,,RL,0848N 07930W,
PATOC,Tocumen,Tocumen,PA,8,RL,0905N 07923W,
PAVAC,Vacamonte,Vacamonte,PA,8,RL,0852N 07940W,
PEANC,Ancón,Ancon,PE,LIM,RL,1146S 07710W,
PEATI,Atico,Atico,PE,,QQ,,
PEBAR,San Bartolo,San Bartolo,PE,LIM,RL,1223S 07647W,
PECAB,Cabo Blanco,Cabo Blanco,PE,,AI,,
PECHM,Chimbote,Chimbote,PE,,AI,,
PECHY,Chancay,Chancay,PE,LIM,AI,1134S 07716W,
PECLL,Callao,Callao,PE,LMA,AI,1203S 07708W,
PECON,Conchán,Conchan,PE,,RL,0625S 07840W,
PEEEN,Etén,Eten,PE,,AI,,
PEGSM,General San Martin,General San Martin,PE,,AI,,
PEHCO,Huacho,Huacho,PE,,AI,,
PEHUY,Huarmey,Huarmey,PE,,QQ,,
PEILQ,Ilo,Ilo,PE,MOQ,AI,1739S 07120W,
PEIQT,Iquitos,Iquitos,PE,,AI,,
PELAG,Lagunas,Lagunas,PE,LOR,RL,0513S 07540W,
PELIM,Lima,Lima,PE,LMA,AI,1203S 07703W,
PELOB,Lobitos,Lobitos,PE,,AI,,
PELOO,Los Organos,Los Organos,PE,,RL,0411S 08107W,
PELPP,La Pampilla,La Pampilla,PE,,RL,,
PEMLQ,Mollendo,Mollendo,PE,,AI,,
PEMRI,Matarani,Matarani,PE,,AI,,
PENGS,Negritos,Negritos,PE,,RL,,
PEPAC,Pacasmayo,Pacasmayo,PE,,AI,,
PEPAI,Paita,Paita,PE,,AI,,
PEPAM,Paramonga,Paramonga,PE,,RL,,
PEPCH,Puerto Chicama,Puerto Chicama,PE,,AI,,
PEPCL,Pucallpa,Pucallpa,PE,,AI,,
PEPEM,Puerto Maldonado,Puerto Maldonado,PE,MDD,AI,1235S 06912W,
PEPIO,Pisco,Pisco,PE,,AI,,
PEPLO,Punta Lobitos,Punta Lobitos,PE,ANC,RL,1005S 07811W,
PEPMC,Pampa Melchorita,Pampa Melchorita,PE,LIM,RL,1318S 07747W,
PEPMT,Pimentel,Pimentel,PE,,AI,,
PEPUB,Bayovar,Bayovar,PE,PIU,RL,0551S 08104W,
PEPUN,Puno,Puno,PE,,AI,,
PESJA,San Juan,San Juan,PE,ICA,AI,1522S 07510W,
PESNX,San Nicolas,San Nicolas,PE,ICA,AI,1516S 07514W,
PESUP,Supe,Supe,PE,,AI,,
PESVY,Salaverry,Salaverry,PE,,AI,,
PETAG,Tambo Grande,Tambo Grande,PE,,RL,1600S 07402W,
PETDM,Tambo de Mora,Tambo de Mora,PE,CUS,RL,1328S 07612W,
PETRU,Trujillo,Trujillo,PE,,AI,,
PETYL,Talara,Talara,PE,,AI,,
PEYMS,Yurimaguas,Yurimaguas,PE,,AI,,
PFAHU,Ahurei,Ahurei,PF,,RL,2737S 14421W,
PFAUT,Auti,Auti,PF,,RL,2229S 15120W,
PFBOB,Bora Bora,Bora Bora,PF,,AI,1627S 15145W,
PFFAT,Fatu Hiva,Fatu Hiva,PF,,RL,1029S 13839W,
PFHHT,Hereheretue,Hereheretue,PF,,RL,1952S 14500W,
PFHIT,Hitia'a,Hitia'a,PF,-,AS,1736S 14919W,
PFIKI,Ikitake,Ikitake,PF,,RL,1750S 14051W,
PFMOE,Moerai,Moerai,PF,,RL,2227S 15121W,
PFNHV,Nuku Hiva,Nuku Hiva,PF,,AI,0852S 14008W,
PFOTP,Otepa,Otepa,PF,,RL,1807S 14054W,
PFPPT,Papeete,Papeete,PF,,AI,1732S 14934W,
PFRFP,Raiatea,Raiatea,PF,,AI,1644S 15128W,
PFRVV,Raivavae,Raivavae,PF,,RL,2353S 14740W,
PFTAI,Taiohae,Taiohae,PF,,RL,0854S 14006W,
PFTUP,Niau,Niau,PF,,RL,1607S 14622W,
PFVAI,Vaitape,Vaitape,PF,,RL,,
PGABW,Abau,Abau,PG,,AI,,
PGAHO,Ahioma,Ahioma,PG,,RL,,
PGAIA,Aiambak,Aiambak,PG,WPD,RL,0721S 14116E,
PGAKI,Akinum,Akinum,PG,,QQ,,
PGALC,Alcester Island,Alcester Island,PG,MBA,RL,0934S 15227E,
PGAMI,Amio,Amio,PG,EBR,RL,0607S 15045E,
PGANB,Anewa Bay,Anewa Bay,PG,NSB,RL,0612S 15533E,
PGATN,Namatanai,Namatanai,PG,,AI,,
PGBNA,Buna,Buna,PG,,QQ,,
PGBOI,Boigu Island,Boigu Island,PG,WPD,RL,0916S 14213E,
PGBOR,Boroko,Boroko,PG,,AI,,
PGBUA,Buka,Buka,PG,,AI,,
PGCAU,Caution Bay,Caution Bay,PG,CPM,RL,0920S 14656E,
PGCFG,Conflict Group,Conflict Group,PG,MBA,RL,1047S 15148E,
PGDAU,Daru,Daru,PG,,AI,,
PGDBL,Deboyne Lagoon,Deboyne Lagoon,PG,MBA,RL,1047S 15224E,
PGFIN,Finschhafen,Finschhafen,PG,,AI,,
PGFUB,Fulleborn,Fulleborn,PG,,AI,,
PGGAW,Gawa Island,Gawa Island,PG,MBA,RL,0858S 15159E,
PGGEI,Green Islands,Green Islands,PG,,AI,,
PGGIL,Gilau,Gilau,PG,,QQ,,
PGGMI,Gasmata Island,Gasmata Island,PG,,AI,,
PGGUR,Alotau,Alotau,PG,,AI,,
PGHKN,Hoskins,Hoskins,PG,,AI,,
PGKAI,Kaibola,Kaibola,PG,MBA,RL,0825S 15106E,
PGKIE,Kieta,Kieta,PG,,AI,,
PGKIM,Kimbe,Kimbe,PG,,QQ,,
PGKLO,Kalo,Kalo,PG,,QQ,,
PGKMA,Kerema,Kerema,PG,,AI,,
PGKOP,Kopi,Kopi,PG,GPK,RL,0718S 14411E,
PGKPP,Kakapo,Kakapo,PG,,QQ,,
PGKRK,Kairuku,Kairuku,PG,CPM,RL,0850S 14632E,
PGKRX,Karkar Is,Karkar Is,PG,,AI,0438S 14558E,
PGKUL,Kumul,Kumul,PG,,RL,0806S 14434E,
PGKVG,Kavieng,Kavieng,PG,,AI,,
PGLAE,Lae,Lae,PG,,AI,,
PGLAK,Lakuramau,Lakuramau,PG,NIK,RL,0253S 15115E,
PGLAM,Lambom Island,Lambom Island,PG,NIK,RL,0448S 15250E,
PGLDT,Londolovit,Londolovit,PG,,RL,0304S 15237E,
PGLLA,Laughlan Atoll,Laughlan Atoll,PG,MBA,RL,0917S 15340E,
PGLNV,Lihir Island,Lihir Island,PG,,AI,,
PGLOL,Loloho,Loloho,PG,,QQ,,
PGLOM,Lombrum,Lombrum,PG,MRL,RL,0202S 14722E,
PGLOR,"Lorengau, Manus Island","Lorengau, Manus Island",PG,,QQ,,
PGMAG,Madang,Madang,PG,MPM,AI,0513S 14547E,
PGMAM,Manam Island,Manam Island,PG,,QQ,,
PGMIE,Mielelek,Mielelek,PG,,QQ,,
PGMIS,Misima Island,Misima Island,PG,,AI,,
PGMTK,Motukea Island,Motukea Island,PG,NCD,RL,0926S 14706E,
PGNAP,Napa Napa,Napa Napa,PG,NCD,RL,0927S 14707E,
PGPDO,Pondo Harbour,Pondo Harbour,PG,EBR,RL,0434S 15137E,
PGPOM,Port Moresby,Port Moresby,PG,,AI,,
PGRAB,Rabaul,Rabaul,PG,,AI,,
PGRAM,Rambutyo Island,Rambutyo Island,PG,,QQ,,
PGRKU,Yule Island,Yule Island,PG,,AI,,
PGRNR,Robinson River,Robinson River,PG,,AI,,
PGROR,Orobay,Orobay,PG,,QQ,,
PGRVI,Russel Island,Russel Island,PG,,QQ,,
PGSAI,Saibai,Saibai,PG,WPD,RL,0923S 14237E,
PGSCH,Schauten,Schauten,PG,,QQ,,
PGSMU,Salamaua,Salamaua,PG,,QQ,,
PGSOI,Sokar Island,Sokar Island,PG,,QQ,,
PGSPL,Sipul,Sipul,PG,,QQ,,
PGSQT,Samarai,Samarai,PG,,AI,1038S 15038E,
PGTAI,Tambutyo Island,Tambutyo Island,PG,,QQ,,
PGTAM,Tambanum,Tambanum,PG,ESW,RL,0412S 14336E,
PGTAU,Taugu Island,Taugu Island,PG,,QQ,,
PGTFI,Tufi,Tufi,PG,,AI,,
PGTGL,Tagula,Tagula,PG,,AI,,
PGTLW,Talasea,Talasea,PG,,AI,,
PGTMI,Tami Island,Tami Island,PG,MPL,RL,0646S 14754E,
PGTOI,Tolokiwa Island,Tolokiwa Island,PG,,QQ,,
PGULA,Ulamona,Ulamona,PG,WBK,RL,0500S 15115E,
PGUNG,Kiunga,Kiunga,PG,,AI,,
PGVAI,Vanimo,Vanimo,PG,,AI,,
PGVLA,Vailala,Vailala,PG,GPK,RL,0757S 14527E,
PGWAT,Watabung,Watabung,PG,EHG,RL,0605S 14513E,
PGWOK,Woodlark,Woodlark,PG,,QQ,,
PGWWK,Wewak,Wewak,PG,,AI,,
PGYEN,Yentchan,Yentchan,PG,ESW,RL,0408S 14315E,
PHABU,Abulug,Abulug,PH,CAG,RL,1826N 12127E,
PHADL,Adlay/Bislig,Adlay/Bislig,PH,SUR,AS,0924N 12554E,
PHAHE,Aheron/Ozamis,Aheron/Ozamis,PH,,QQ,,
PHAJU,Ajuy,Ajuy,PH,ILI,RL,1110N 12302E,
PHALA,Alasang/Siain,Alasang/Siain,PH,,QQ,,
PHALB,Albuera,Albuera,PH,LEY,RL,1058N 12438E,
PHALC,Alcoy,Alcoy,PH,CEB,RL,0941N 12330E,
PHALE,Aleran/Ozamis,Aleran/Ozamis,PH,,QQ,,
PHAMU,Amunitan/Aparri,Amunitan/Aparri,PH,CAG,RL,1819N 12203E,
PHANA,Anakan/Masao,Anakan/Masao,PH,,QQ,,
PHANT,Antipolo,Antipolo,PH,APA,RL,,
PHAPR,"Aparri, Luzon","Aparri, Luzon",PH,,QQ,,
PHAQE,Hamtic,Hamtic,PH,ANT,RL,1042N 12158E,
PHARA,Aras Asan/Bislig,Aras Asan/Bislig,PH,SUR,AS,0853N 12618E,
PHAST,Astorga,Astorga,PH,DAS,RL,0653N 12527E,
PHATI,Atimonan/Siain,Atimonan/Siain,PH,QUE,RL,1359N 12154E,
PHAYG,Ayungon,Ayungon,PH,NER,AS,0951N 12308E,
PHBAB,Babato/Dadiangas,Babato/Dadiangas,PH,,QQ,,
PHBAC,Bacong,Bacong,PH,NER,RL,0914N 12318E,
PHBAG,Baguio,Baguio,PH,,AI,,
PHBAI,Bais/Dumaguete,Bais/Dumaguete,PH,,QQ,,
PHBAL,Balaboe,Balaboe,PH,,QQ,,
PHBAS,Basiauang/Dadiangas,Basiauang/Dadiangas,PH,,RL,,
PHBAT,Batonbaton,Batonbaton,PH,PLW,RL,0911N 11821E,
PHBAU,Bauan/Batangas,Bauan/Batangas,PH,BTG,RL,1348N 12100E,
PHBCD,"Bacolod, Negros","Bacolod, Negros",PH,,AI,,
PHBCO,Bacon/Legaspi,Bacon/Legaspi,PH,,QQ,,
PHBCT,"Isabela, Basilan","Isabela, Basilan",PH,BAS,RL,0642N 12158E,
PHBCU,Baculin/Mati,Baculin/Mati,PH,,QQ,,
PHBGC,Bagac,Bagac,PH,,RL,,
PHBGI,Bagui Bay/San Fernando,Bagui Bay/San Fernando,PH,,QQ,,
PHBGR,Bucar Grande/Suriagao,Bucar Grande/Suriagao,PH,,QQ,,
PHBGS,Balingasag,Balingasag,PH,,RL,0845N 12447E,
PHBGV,Borongan,Borongan,PH,,RL,,
PHBIN,Biñan,Binan,PH,LAG,RL,1420N 12105E,
PHBIY,Biyawa/Davao,Biyawa/Davao,PH,,QQ,,
PHBLA,Balanga/Batan,Balanga/Batan,PH,,QQ,,
PHBLC,"Balabac, Palawan","Balabac, Palawan",PH,PLW,RL,0758N 11703E,
PHBLG,Balogo/Batangas,Balogo/Batangas,PH,,QQ,,
PHBLN,Balengan/Siain,Balengan/Siain,PH,,QQ,,
PHBLP,Bolos Point/Aparri,Bolos Point/Aparri,PH,,QQ,,
PHBLT,Balintang/Puerto Princesa,Balintang/Puerto Princesa,PH,,QQ,,
PHBLU,Balumo/Zamboanga,Balumo/Zamboanga,PH,,QQ,,
PHBNG,Bauang,Bauang,PH,LUN,RL,1631N 12019E,
PHBNQ,Baganga/Mati,Baganga/Mati,PH,,AI,,
PHBNW,Banawan/Dadiangas,Banawan/Dadiangas,PH,,QQ,,
PHBOA,"Boac, Marinduque","Boac, Marinduque",PH,MAD,RL,1326N 12150E,
PHBOG,Bogo,Bogo,PH,,RL,1103N 12400E,
PHBOR,Boracay,Boracay,PH,ROM,RL,1158N 12155E,
PHBOS,Boston/Davao,Boston/Davao,PH,DAO,RL,0752N 12621E,
PHBPH,"Bislig, Mindanao","Bislig, Mindanao",PH,,AI,,
PHBQA,Baler/Siain,Baler/Siain,PH,,AI,,
PHBRB,Barobo/Bislig,Barobo/Bislig,PH,SUR,AS,0833N 12607E,
PHBRP,"Brookes Point, Palawan","Brookes Point, Palawan",PH,PLW,RL,0846N 11750E,
PHBRT,Barton/Puerto Princesa,Barton/Puerto Princesa,PH,,QQ,,
PHBSO,Basco,Basco,PH,BTN,AI,2027N 12158E,
PHBSY,Basey/Catbalogan,Basey/Catbalogan,PH,,QQ,,
PHBTG,Batangas/Luzon,Batangas/Luzon,PH,BTG,AI,1345N 12103E,
PHBTN,"Bataan, Mariveles","Bataan, Mariveles",PH,,QQ,,
PHBTS,Batarasa/Puerto Princesa,Batarasa/Puerto Princesa,PH,,QQ,,
PHBTY,Bantayon/San Jose,Bantayon/San Jose,PH,,QQ,,
PHBUD,Budbud/Davao,Budbud/Davao,PH,,QQ,,
PHBUG,Bugo,Bugo,PH,,QQ,,
PHBUL,"Bulan, Luzon","Bulan, Luzon",PH,,QQ,,
PHBUR,"Burdeos, Polillo Isl","Burdeos, Polillo Isl",PH,QUE,RL,1450N 12158E,
PHBXU,Butuan Bay/Masao,Butuan Bay/Masao,PH,,AI,,
PHBYB,Baybay/Tacloban,Baybay/Tacloban,PH,,QQ,,
PHBYP,Bayang Point,Bayang Point,PH,,QQ,,
PHBYS,Bayabas/Bislig,Bayabas/Bislig,PH,,QQ,,
PHBYW,Bayawan/Dumaguete,Bayawan/Dumaguete,PH,,QQ,,
PHCAB,Cabugao Bay/Legaspi,Cabugao Bay/Legaspi,PH,,QQ,,
PHCAJ,"Cajidiocan, Visayan Isl","Cajidiocan, Visayan Isl",PH,ROM,RL,1222N 12241E,
PHCAM,Camarines Norte/Jose Panganiban,Camarines Norte/Jose Panganiban,PH,,RL,,
PHCAZ,Cadiz,Cadiz,PH,,RL,,
PHCBO,"Cotabato, Mindanao","Cotabato, Mindanao",PH,,AI,,
PHCBY,"Calbayog, Samar","Calbayog, Samar",PH,,RL,1204N 12436E,
PHCCG,Calag-Calag/Dumaguete,Calag-Calag/Dumaguete,PH,,QQ,,
PHCDB,Caldera Bay/Zamboanga,Caldera Bay/Zamboanga,PH,,QQ,,
PHCDN,Cagdianao,Cagdianao,PH,SUN,RL,0955N 12540E,
PHCEB,Cebu,Cebu,PH,,AI,,
PHCGG,Casiguran/Siain,Casiguran/Siain,PH,,AI,,
PHCGI,Corregidor Island,Corregidor Island,PH,BAN,RL,1423N 12035E,
PHCGM,Camiguin Island/Aparri,Camiguin Island/Aparri,PH,,AI,,
PHCGP,Calug Point/Zamboanga,Calug Point/Zamboanga,PH,,QQ,,
PHCGT,Calaguitan/Tacloban,Calaguitan/Tacloban,PH,,QQ,,
PHCGY,"Cagayan de Oro, Mindanao","Cagayan de Oro, Mindanao",PH,,AI,,
PHCLP,Calapan/Batangas,Calapan/Batangas,PH,,QQ,,
PHCLV,Claveria/Aparri,Claveria/Aparri,PH,,QQ,,
PHCML,Camalagawan/Aparri,Camalagawan/Aparri,PH,,QQ,,
PHCMO,Currimao,Currimao,PH,,RL,,
PHCNT,Cantilan/Surigao,Cantilan/Surigao,PH,,QQ,,
PHCNY,Canaybon/Catbalogan,Canaybon/Catbalogan,PH,,QQ,,
PHCPC,Capoocan,Capoocan,PH,LEY,RL,1118N 12439E,
PHCPL,Capalonga/Siain,Capalonga/Siain,PH,,QQ,,
PHCRA,Carigara,Carigara,PH,LEY,RL,1118N 12441E,
PHCRG,Caraga/Mati,Caraga/Mati,PH,,QQ,,
PHCSB,Casul Bay/Ozamis,Casul Bay/Ozamis,PH,,QQ,,
PHCSI,Culasi,Culasi,PH,,RL,1136N 12242E,
PHCST,Castañas,Castanas,PH,,RL,1353N 12133E,
PHCTB,Catamon Bay/Iloilo,Catamon Bay/Iloilo,PH,,QQ,,
PHCTS,"Catbalogan, Samar","Catbalogan, Samar",PH,,QQ,,
PHCUG,"Calubian, Leyte","Calubian, Leyte",PH,LEY,RL,1126N 12425E,
PHCUJ,Culion,Culion,PH,,AI,,
PHCUN,Catanauan,Catanauan,PH,,QQ,,
PHCUR,Curuan/Zamboanga,Curuan/Zamboanga,PH,,QQ,,
PHCVE,"Cavite, Luzon","Cavite, Luzon",PH,,QQ,,
PHCWY,Calowayan/Catabalogan,Calowayan/Catabalogan,PH,,QQ,,
PHDCB,Dahikan Bay,Dahikan Bay,PH,,RL,,
PHDDW,Dinadiawan/Aparri,Dinadiawan/Aparri,PH,,QQ,,
PHDGL,Dingalan/Siain,Dingalan/Siain,PH,,QQ,,
PHDGT,Dumaguete,Dumaguete,PH,,AI,,
PHDIC,Diculum/Zamboanga,Diculum/Zamboanga,PH,,QQ,,
PHDID,Didadongan/Aparri,Didadongan/Aparri,PH,,QQ,,
PHDIO,Diotorin/Siain,Diotorin/Siain,PH,,QQ,,
PHDIR,Dirgalan,Dirgalan,PH,,QQ,,
PHDIV,Divilacan/Aparri,Divilacan/Aparri,PH,,QQ,,
PHDNG,Dinagat Island/Surigao,Dinagat Island/Surigao,PH,,QQ,,
PHDNL,Dinalongan/Siain,Dinalongan/Siain,PH,,QQ,,
PHDNO,Danao,Danao,PH,,RL,1032N 12402E,
PHDPL,Dipolog/Ozamis,Dipolog/Ozamis,PH,,AI,,
PHDPT,Diapitan/Siain,Diapitan/Siain,PH,,QQ,,
PHDRB,Diaraboan/Siain,Diaraboan/Siain,PH,,QQ,,
PHDUL,Dulag,Dulag,PH,LEY,QQ,,
PHDVO,"Davao, Mindanao","Davao, Mindanao",PH,,AI,,
PHENI,El Nido/Puerto Princesa,El Nido/Puerto Princesa,PH,,RL,1111N 11924E,
PHGAC,Gachitorena/Jose Panganiban,Gachitorena/Jose Panganiban,PH,,QQ,,
PHGAS,Gasan,Gasan,PH,,QQ,,
PHGES,General Santos,General Santos,PH,,AI,0607N 12509E,
PHGGG,"Gigaquit, Mindanao","Gigaquit, Mindanao",PH,SUN,RL,0935N 12541E,
PHGGM,"Gigmoto, Catanduanes","Gigmoto, Catanduanes",PH,CAT,RL,1346N 12423E,
PHGHE,Garcia Hernandez,Garcia Hernandez,PH,BOH,RL,0937N 12418E,
PHGHG,Guihulngan,Guihulngan,PH,NER,RL,1007N 12317E,
PHGIN,Gingoog/Masao,Gingoog/Masao,PH,,QQ,,
PHGMS,Guimaras/Iloilo,Guimaras/Iloilo,PH,,QQ,,
PHGNI,General Island/Bislig,General Island/Bislig,PH,,QQ,,
PHGUN,Guiuan,Guiuan,PH,EAS,RL,1102N 12543E,
PHHIJ,Hijo Wharf/Davao,Hijo Wharf/Davao,PH,,QQ,,
PHHIL,Hilongos,Hilongos,PH,LEY,RL,1022N 12445E,
PHHIM,"Himamaylan, Negros","Himamaylan, Negros",PH,NEC,RL,1005N 12252E,
PHHMH,Homonhon,Homonhon,PH,EAS,AM,1045N 12542E,
PHHNB,Hinobaan/Iloilo,Hinobaan/Iloilo,PH,,QQ,,
PHHNG,Hinigaran/Iloilo,Hinigaran/Iloilo,PH,,QQ,,
PHHNT,Hinatuan/Bislig,Hinatuan/Bislig,PH,,QQ,,
PHHON,Hondagua/Siain,Hondagua/Siain,PH,,QQ,,
PHHOO,Hook Bay/Siain,Hook Bay/Siain,PH,,QQ,,
PHHYB,Hagnava Bay,Hagnava Bay,PH,,RL,,
PHIGN,"Iligan, Mindanao","Iligan, Mindanao",PH,,AI,,
PHILO,"Iloilo, Panay","Iloilo, Panay",PH,,AI,,
PHINP,Inampulugan Island,Inampulugan Island,PH,,RL,,
PHIPE,Ipil/Zamboanga,Ipil/Zamboanga,PH,,AI,,
PHIRN,Port Irene,Port Irene,PH,CAG,RL,1822N 12206E,
PHISL,Isabel,Isabel,PH,,RL,,
PHJAG,Jagna,Jagna,PH,,RL,,
PHJAS,Jasaan,Jasaan,PH,,RL,0839N 12445E,
PHJNZ,Jimenez/Ozamis,Jimenez/Ozamis,PH,,QQ,,
PHJOL,Jolo,Jolo,PH,,AI,,
PHJPM,"Jose Panganiban, Luzon","Jose Panganiban, Luzon",PH,,QQ,,
PHKAR,Karomatan/Iligan,Karomatan/Iligan,PH,,QQ,,
PHKAS,Kabasalan/Zamboanga,Kabasalan/Zamboanga,PH,ZAS,RL,0747N 12245E,
PHKAT,Katipunan/Ozamis,Katipunan/Ozamis,PH,,QQ,,
PHKIA,Kiamba/Dadiangas,Kiamba/Dadiangas,PH,,QQ,,
PHKIL,Kilbay Point/Jose Panganiban,Kilbay Point/Jose Panganiban,PH,,QQ,,
PHKIN,Kinogitan/Iligan,Kinogitan/Iligan,PH,,RL,,
PHKIP,Kipit/Ozamis,Kipit/Ozamis,PH,,QQ,,
PHKIW,Kiwalan/Iligan,Kiwalan/Iligan,PH,,QQ,,
PHKLM,Kalamansig,Kalamansig,PH,SUK,RL,0633N 12403E,
PHKOL,Kolambugan/Iligan,Kolambugan/Iligan,PH,,QQ,,
PHKUM,Kumalarang/Zamboanga,Kumalarang/Zamboanga,PH,,QQ,,
PHLAB,Labason/Zamboanga,Labason/Zamboanga,PH,ZAN,RL,0804N 12231E,
PHLAC,La Carlota,La Carlota,PH,NEC,RL,1025N 12255E,
PHLAG,Lagonoy/Jose Panganiban,Lagonoy/Jose Panganiban,PH,,QQ,,
PHLAM,Lamit Bay/Jose Panganiban,Lamit Bay/Jose Panganiban,PH,,QQ,,
PHLAN,Lanuza/Bislig,Lanuza/Bislig,PH,,QQ,,
PHLAO,"Laoag, Luzon","Laoag, Luzon",PH,ILN,AI,1811N 12035E,
PHLAY,Lagondy River,Lagondy River,PH,,RL,,
PHLBK,Lebak,Lebak,PH,SUK,AS,0638N 12404E,
PHLEY,Leyte,Leyte,PH,LEY,RL,1122N 12429E,
PHLGG,Lingig/Bislig,Lingig/Bislig,PH,SUR,AS,0802N 12624E,
PHLGP,"Legaspi Apt, Luzon","Legaspi Apt, Luzon",PH,,AI,1308N 12345E,
PHLGU,Laguna,Laguna,PH,,RL,1018N 12353E,
PHLIA,Lianga/Bislig,Lianga/Bislig,PH,,QQ,,
PHLIB,Libjo/Surigao,Libjo/Surigao,PH,,QQ,,
PHLIM,Limay/Bataan,Limay/Bataan,PH,,QQ,,
PHLIN,"Lingayen, Luzon","Lingayen, Luzon",PH,,QQ,,
PHLNA,Larena,Larena,PH,SIG,RL,0915N 12335E,
PHLNK,Linik/Dadiangas,Linik/Dadiangas,PH,,QQ,,
PHLNO,Lunao,Lunao,PH,,RL,0852N 12503E,
PHLOM,Lomuyon/Dadiangas,Lomuyon/Dadiangas,PH,,QQ,,
PHLOO,Looc Bay/San Jose,Looc Bay/San Jose,PH,,QQ,,
PHLOP,Long Point/Puerto Princesa,Long Point/Puerto Princesa,PH,,QQ,,
PHLPA,Lipa,Lipa,PH,,QQ,,
PHLPU,"Lapu-Lapu, Cebu","Lapu-Lapu, Cebu",PH,,RL,1019N 12357E,
PHLPZ,La Paz/Iloilo,La Paz/Iloilo,PH,,QQ,,
PHLRP,La Rap/Jose Panganiban,La Rap/Jose Panganiban,PH,,QQ,,
PHLUC,Lucanin,Lucanin,PH,,RL,1428N 12037E,
PHLUG,Lugait,Lugait,PH,,RL,0820N 12415E,
PHLUM,Lumasal/Dadiangas,Lumasal/Dadiangas,PH,,QQ,,
PHLZB,Lazi,Lazi,PH,SIG,RL,0907N 12338E,
PHMAB,"Mabini, Mindanao","Mabini, Mindanao",PH,MSR,RL,0857N 12447E,
PHMAC,Matho Cortez/Bislig,Matho Cortez/Bislig,PH,,QQ,,
PHMAD,Madaum/Davao,Madaum/Davao,PH,,QQ,,
PHMAI,Maitum/Dadiangas,Maitum/Dadiangas,PH,,QQ,,
PHMAK,Makar/Dadiangas,Makar/Dadiangas,PH,,QQ,,
PHMAS,Masao,Masao,PH,,RL,,
PHMBT,Masbate,Masbate,PH,,AI,,
PHMCD,Mercedes/Jose Panganiban,Mercedes/Jose Panganiban,PH,,QQ,,
PHMCJ,Macojalan/Ozamis,Macojalan/Ozamis,PH,,QQ,,
PHMCO,Maco/Davao,Maco/Davao,PH,,QQ,,
PHMDN,Medina,Medina,PH,,RL,0855N 12501E,
PHMGA,Magalona/Iloilo,Magalona/Iloilo,PH,,QQ,,
PHMGB,Magueda Bay/Catbalogan,Magueda Bay/Catbalogan,PH,,QQ,,
PHMGD,Mabaguid,Mabaguid,PH,,RL,,
PHMGG,Mangogoy/Bislig,Mangogoy/Bislig,PH,,QQ,,
PHMGI,Mambagid,Mambagid,PH,,RL,,
PHMHT,"Marihatag, Mindanao","Marihatag, Mindanao",PH,SUR,RL,0847N 12617E,
PHMIC,Misamis Or./Cagayan de Oro,Misamis Or./Cagayan de Oro,PH,,QQ,,
PHMIL,Milbuk/Dadiangas,Milbuk/Dadiangas,PH,,QQ,,
PHMIO,Misamis Occ./Ozamis,Misamis Occ./Ozamis,PH,,QQ,,
PHMKC,Makati City,Makati City,PH,00,RL,1433N 12102E,
PHMLB,"Maluso, Basilan","Maluso, Basilan",PH,BAS,RL,0632N 12152E,
PHMLL,Malalag/Davao,Malalag/Davao,PH,,QQ,,
PHMLS,Magellanes/Masao,Magellanes/Masao,PH,,QQ,,
PHMNI,Manicani,Manicani,PH,EAS,RL,1100N 12539E,
PHMNL,Manila,Manila,PH,,AI,,
PHMNN,Manila North Harbour,Manila North Harbour,PH,,RL,,
PHMNS,Manila South Harbour,Manila South Harbour,PH,,RL,,
PHMNT,Muntinlupa City,Muntinlupa City,PH,00,RL,1437N 12103E,
PHMNY,Manay/Mati,Manay/Mati,PH,,QQ,,
PHMON,Monserrat/Mati,Monserrat/Mati,PH,,QQ,,
PHMOR,Morong/Mariveles,Morong/Mariveles,PH,,QQ,,
PHMSB,Malasugat Bay/Zamboanga,Malasugat Bay/Zamboanga,PH,,QQ,,
PHMSC,Masinloc/Sual,Masinloc/Sual,PH,,QQ,,
PHMSS,Mission/Aparri,Mission/Aparri,PH,,QQ,,
PHMSY,Manansalay/Batangas,Manansalay/Batangas,PH,,QQ,,
PHMTA,Matina Aplaya/Davao,Matina Aplaya/Davao,PH,,QQ,,
PHMTI,Makati,Makati,PH,NUV,RL,1625N 12106E,
PHMTP,Malatapay,Malatapay,PH,NER,RL,0933N 12309E,
PHMUL,Mulanay/Siain,Mulanay/Siain,PH,,QQ,,
PHMVS,"Mariveles, Luzon","Mariveles, Luzon",PH,,QQ,,
PHMXI,"Mati, Mindanao","Mati, Mindanao",PH,,AI,,
PHNAB,Nabulao Bay/Iloilo,Nabulao Bay/Iloilo,PH,,QQ,,
PHNAL,Nalungga/Iloilo,Nalungga/Iloilo,PH,,QQ,,
PHNAP,Napsan/Puerto Princesa,Napsan/Puerto Princesa,PH,,QQ,,
PHNAR,Naris Point/Puerto Princesa,Naris Point/Puerto Princesa,PH,,QQ,,
PHNAS,Nasipit/Masao,Nasipit/Masao,PH,,QQ,,
PHNGH,Nagh,Nagh,PH,,QQ,,
PHNID,Nido Terminal,Nido Terminal,PH,,QQ,,
PHNON,Nonoc/Surigao Del Norte,Nonoc/Surigao Del Norte,PH,,QQ,,
PHNOP,Mactan Island Apt,Mactan Island Apt,PH,,AI,1018N 12400E,
PHNTO,Nato,Nato,PH,,RL,,
PHNUG,"Nasugbu, Luzon","Nasugbu, Luzon",PH,BTG,RL,1404N 12038E,
PHODI,Odiongan,Odiongan,PH,ROM,RL,1224N 12159E,
PHOLO,Olongapo,Olongapo,PH,,RL,,
PHOPO,Opol,Opol,PH,,RL,0831N 12434E,
PHORA,Orayuita,Orayuita,PH,,QQ,,
PHORC,Ormoc/Tacloban,Ormoc/Tacloban,PH,,AI,,
PHORL,Oroquieta,Oroquieta,PH,MSC,RL,0829N 12348E,
PHORS,Oras,Oras,PH,EAS,AS,1209N 12526E,
PHOTE,Oteiza/Bislig,Oteiza/Bislig,PH,,QQ,,
PHOZC,"Ozamis, Mindanao","Ozamis, Mindanao",PH,,AI,,
PHPAG,Pagadian/Zamboanga,Pagadian/Zamboanga,PH,,AI,,
PHPAM,Pampanga,Pampanga,PH,,RL,,
PHPAN,Panabo,Panabo,PH,DAV,RL,0718N 12541E,
PHPAS,"Pasay, Luzon","Pasay, Luzon",PH,,QQ,,
PHPBA,Port Barton/Palawan,Port Barton/Palawan,PH,,QQ,,
PHPCA,Panacosa/Puerto Princesa,Panacosa/Puerto Princesa,PH,,RL,,
PHPCN,Panacan/Davao,Panacan/Davao,PH,,QQ,,
PHPDC,"Polanco, Mindanao","Polanco, Mindanao",PH,ZAN,RL,0831N 12321E,
PHPDR,Pacio de Rozas/Batangas,Pacio de Rozas/Batangas,PH,,QQ,,
PHPGA,Puerto Galera,Puerto Galera,PH,MDR,RL,1330N 12056E,
PHPGB,Pagbilao,Pagbilao,PH,QUE,RL,1358N 12141E,
PHPGT,Pangutaran/Jolo,Pangutaran/Jolo,PH,,QQ,,
PHPHD,Port Holland,Port Holland,PH,,RL,,
PHPIN,Pinamalayan/Batangas,Pinamalayan/Batangas,PH,,QQ,,
PHPIS,Philippines,Philippines,PH,,RL,1435N 12100E,
PHPLA,Plaridel/Ozamis,Plaridel/Ozamis,PH,,QQ,,
PHPLB,Palamit Bay/San Jose,Palamit Bay/San Jose,PH,,QQ,,
PHPLC,Polloc,Polloc,PH,,RL,,
PHPLL,"Polillo, Polillo Isl","Polillo, Polillo Isl",PH,QUE,RL,1442N 12156E,
PHPLP,Palapag/San Jose,Palapag/San Jose,PH,,QQ,,
PHPLW,Palawan/Ozamis,Palawan/Ozamis,PH,,QQ,,
PHPMT,Pamintayan/Zamboanga,Pamintayan/Zamboanga,PH,,QQ,,
PHPNB,Panabutan/Zamboanga,Panabutan/Zamboanga,PH,,QQ,,
PHPNN,Paninirongan/Sanjose,Paninirongan/Sanjose,PH,,QQ,,
PHPNT,Punti/Aparri,Punti/Aparri,PH,,QQ,,
PHPPL,Pamplona/Aparri,Pamplona/Aparri,PH,,QQ,,
PHPPP,"Pagudpud, Luzon","Pagudpud, Luzon",PH,LUN,RL,1637N 12019E,
PHPPS,"Puerto Princesa, Palawan","Puerto Princesa, Palawan",PH,,AI,,
PHPRA,Parang,Parang,PH,MAG,AS,0722N 12416E,
PHPRO,Poro/San Fernando,Poro/San Fernando,PH,,QQ,,
PHPSL,"Pasaleng, Luzon","Pasaleng, Luzon",PH,ILN,RL,1833N 12055E,
PHPTL,Puntalinao/Mati,Puntalinao/Mati,PH,,QQ,,
PHPUG,Pugad/Bislig,Pugad/Bislig,PH,,QQ,,
PHPUL,Pulupandan,Pulupandan,PH,,RL,,
PHQBI,Quinabigan,Quinabigan,PH,,RL,,
PHQBL,Quinablagan/Mati,Quinablagan/Mati,PH,,QQ,,
PHQPT,Quipit Bay/Ozamis,Quipit Bay/Ozamis,PH,,QQ,,
PHQUE,Queson/Siain,Queson/Siain,PH,,QQ,,
PHQUI,Quiddiao/Aparri,Quiddiao/Aparri,PH,,QQ,,
PHREA,Real/Siain,Real/Siain,PH,,QQ,,
PHRLN,Romblon,Romblon,PH,,QQ,,
PHROM,Romblon,Romblon,PH,ROM,RL,1234N 12216E,
PHRXS,Roxas/Puerto Princesa,Roxas/Puerto Princesa,PH,,AI,,
PHSAG,Sagay/Iloilo,Sagay/Iloilo,PH,,QQ,,
PHSAN,Santa Ana/Aparri,Santa Ana/Aparri,PH,,RL,,
PHSAS,Sasa/Davao,Sasa/Davao,PH,,QQ,,
PHSAY,Sayao/Batangas,Sayao/Batangas,PH,,QQ,,
PHSBB,Sabbot/Siain,Sabbot/Siain,PH,,QQ,,
PHSBG,Sabang,Sabang,PH,PLW,AS,1011N 11854E,
PHSBI,Subic,Subic,PH,ZMB,AS,1454N 12014E,
PHSBY,Sablayan/Batangas,Sablayan/Batangas,PH,,QQ,,
PHSCA,San Carlos/Dumaguete,San Carlos/Dumaguete,PH,,QQ,,
PHSCR,Santa Cruz/Sual,Santa Cruz/Sual,PH,,QQ,,
PHSCT,Santa Catalina/Dumaguete,Santa Catalina/Dumaguete,PH,,QQ,,
PHSDG,Sindangan/Ozamis,Sindangan/Ozamis,PH,,QQ,,
PHSFE,"San Fernando, Luzon","San Fernando, Luzon",PH,,AI,,
PHSFS,Subic Bay,Subic Bay,PH,,AI,,
PHSGD,Sogod/Tacloban,Sogod/Tacloban,PH,,QQ,,
PHSIG,Sigayan/Sultan Naga Dimaporo,Sigayan/Sultan Naga Dimaporo,PH,LAN,AS,0744N 12346E,
PHSIN,"Siain, Luzon","Siain, Luzon",PH,,QQ,,
PHSIO,San Ignacio/Mati,San Ignacio/Mati,PH,,QQ,,
PHSIR,Siari/Ozamis,Siari/Ozamis,PH,,QQ,,
PHSIS,San Isidro/Sanjose,San Isidro/Sanjose,PH,,QQ,,
PHSIY,Siay/Zamboanga,Siay/Zamboanga,PH,,QQ,,
PHSJI,"San Jose Apt, Mindoro","San Jose Apt, Mindoro",PH,ZAN,AI,1221N 12105E,
PHSKU,Sultan Kudarat/Dadiangas,Sultan Kudarat/Dadiangas,PH,,QQ,,
PHSLM,Salomague,Salomague,PH,ILS,RL,1747N 12025E,
PHSLU,Santa Lucia/Puerto Princesa,Santa Lucia/Puerto Princesa,PH,,QQ,,
PHSMA,Santa Maria/Zamboanga,Santa Maria/Zamboanga,PH,,QQ,,
PHSMR,Semirara,Semirara,PH,ANT,RL,1204N 12124E,
PHSNG,Sangi/Cebu,Sangi/Cebu,PH,,QQ,,
PHSNI,Santa Nino,Santa Nino,PH,,RL,,
PHSOR,Sorsogon/Legaspi,Sorsogon/Legaspi,PH,,QQ,,
PHSPQ,San Pio Quinto/Aparri,San Pio Quinto/Aparri,PH,,QQ,,
PHSTE,San Teodoro/Batangas,San Teodoro/Batangas,PH,,QQ,,
PHSUA,Sual,Sual,PH,,QQ,,
PHSUG,"Surigao, Mindanao","Surigao, Mindanao",PH,,AI,,
PHTAC,"Tacloban, Leyte","Tacloban, Leyte",PH,,AI,,
PHTAG,"Tagbilaran, Bohol","Tagbilaran, Bohol",PH,,AI,,
PHTAL,Talibon,Talibon,PH,BOH,RL,1008N 12419E,
PHTAN,Tandayag,Tandayag,PH,NER,RL,0927N 12313E,
PHTAY,Taytay/Puerto Princesa,Taytay/Puerto Princesa,PH,,QQ,,
PHTBC,Tabaco/Legaspi,Tabaco/Legaspi,PH,ALB,RL,1321N 12344E,
PHTBG,Tabangoa,Tabangoa,PH,,QQ,,
PHTBU,Tagabuli/Davao,Tagabuli/Davao,PH,,QQ,,
PHTDC,Tandoc,Tandoc,PH,,QQ,,
PHTDG,Tandag/Bislig,Tandag/Bislig,PH,,AI,,
PHTGD,Tagudin/San Fernando,Tagudin/San Fernando,PH,,QQ,,
PHTGI,Tuguis/Dadiangas,Tuguis/Dadiangas,PH,,QQ,,
PHTGL,Taguilon/Ozamis,Taguilon/Ozamis,PH,,QQ,,
PHTGN,Tambungon/Davao,Tambungon/Davao,PH,,QQ,,
PHTGO,Tagoloan,Tagoloan,PH,,RL,0832N 12445E,
PHTGT,Taguite Bay/Zamboanga,Taguite Bay/Zamboanga,PH,,QQ,,
PHTGW,Tungawan Bay/Zamboanga,Tungawan Bay/Zamboanga,PH,,QQ,,
PHTIB,Tibungco/Davao,Tibungco/Davao,PH,,QQ,,
PHTIN,Tindalo Oil Field,Tindalo Oil Field,PH,,RL,1104N 11854E,
PHTKW,Tagkawayan/Siain,Tagkawayan/Siain,PH,,QQ,,
PHTLD,Toledo/Cebu,Toledo/Cebu,PH,,QQ,,
PHTLG,Tolong/Dumaguete,Tolong/Dumaguete,PH,,QQ,,
PHTLM,Talomo/Davao,Talomo/Davao,PH,,QQ,,
PHTLP,Tolopo,Tolopo,PH,,QQ,,
PHTLS,Tolosa/Tacloban,Tolosa/Tacloban,PH,,QQ,,
PHTNU,Tanauan/Tacloban,Tanauan/Tacloban,PH,,QQ,,
PHTOB,Toboso/Dumaguete,Toboso/Dumaguete,PH,,QQ,,
PHTON,Tubigon,Tubigon,PH,BOH,RL,0957N 12358E,
PHTTO,Taganito,Taganito,PH,SUN,RL,0933N 12549E,
PHULY,Ulugan Bay,Ulugan Bay,PH,,QQ,,
PHURR,Umrur,Umrur,PH,,QQ,,
PHVCS,"Victorias, Negros","Victorias, Negros",PH,,QQ,,
PHVNV,Villanueva,Villanueva,PH,,RL,,
PHVTL,Vitali/Zamboanga,Vitali/Zamboanga,PH,,RL,0722N 12217E,
PHVTO,Vito/Iloilo,Vito/Iloilo,PH,,QQ,,
PHWAS,Wasag/Dadiangas,Wasag/Dadiangas,PH,,QQ,,
PHWAW,Wawa/Batangas,Wawa/Batangas,PH,,QQ,,
PHWNP,Naga/Zamboanga,Naga/Zamboanga,PH,ZSI,AS,0748N 12242E,
PHXSO,Siocon/Zamboanga,Siocon/Zamboanga,PH,,AI,,
PHZAM,Zamboanga,Zamboanga,PH,,AI,,
PKBQM,Muhammad Bin Qasim/Karachi,Muhammad Bin Qasim/Karachi,PK,SD,RL,2446N 06720E,
PKGWD,Gwadar,Gwadar,PK,BA,AI,,
PKJIW,Jiwani,Jiwani,PK,BA,AI,,
PKKBA,Keti Bandar,Keti Bandar,PK,,RL,2408N 06726E,
PKKBU,Keti Bunder,Keti Bunder,PK,SD,AS,,
PKKCT,Karachi Container Terminal,Karachi Container Terminal,PK,SD,RL,2450N 06658E,
PKKHI,Karachi,Karachi,PK,SD,AI,,
PKKIA,Kiamari,Kiamari,PK,SD,RL,2449N 06658E,
PKORW,Ormara,Ormara,PK,BA,AI,,
PKPCT,Pakistan International Container Terminal/Karachi,Pakistan International Container Terminal/Karachi,PK,,AF,,
PKPSI,Pasni,Pasni,PK,BA,AI,,
PKQCT,Qasim International Container Terminal/Karachi,Qasim International Container Terminal/Karachi,PK,,AF,,
PL6MA,Dabrówka,Dabrowka,PL,14,RL,5137N 02057E,
PLBEK,Bielinek,Bielinek,PL,32,AA,5256N 01409E,
PLBLZ,Plblz,Plblz,PL,30,RL,5154N 01800E,
PLBRK,Brzostek Policzko,Brzostek Policzko,PL,,RL,5103N 01954E,
PLBYC,Byczyna,Byczyna,PL,OP,RL,,
PLBZG,Bydgoszcz,Bydgoszcz,PL,,AI,5309N 01800E,
PLBZI,Burzenin,Burzenin,PL,,RL,5127N 01850E,
PLCDB,Czarna Dabrowka,Czarna Dabrowka,PL,22,RL,5421N 01733E,
PLCH3,Chróscice,Chroscice,PL,16,RL,5047N 01749E,
PLCPL,Chobienice,Chobienice,PL,30,RL,5210N 01556E,
PLDAR,Darlowo,Darlowo,PL,32,RL,5425N 01625E,
PLDCZ,Duczki,Duczki,PL,14,RL,5222N 02117E,
PLDZN,Dziwnow,Dziwnow,PL,32,RL,5402N 01445E,
PLELB,Elblag,Elblag,PL,,RL,5410N 01923E,
PLFBK,Frombork,Frombork,PL,28,AS,5421N 01941E,
PLGDN,Gdansk,Gdansk,PL,,AI,,
PLGDY,Gdynia,Gdynia,PL,22,RL,5430N 01833E,
PLGKI,Glinki,Glinki,PL,,RL,,
PLGKZ,Górki Zachodnie,Gorki Zachodnie,PL,22,RL,5422N 01846E,
PLHEL,Hel,Hel,PL,,AS,5436N 01848E,
PLIT5,Piorunów,Piorunow,PL,14,RL,5212N 02034E,
PLIYC,Iwierzyce,Iwierzyce,PL,,RL,5001N 02146E,
PLJDZ,Jedlina-Zdrój,Jedlina-Zdroj,PL,02,RL,5044N 01620E,
PLKAO,Kamien Pomorski,Kamien Pomorski,PL,32,RL,5358N 01446E,
PLKLY,Kostomloty,Kostomloty,PL,02,RL,5103N 01637E,
PLKMR,Krynica Morska,Krynica Morska,PL,28,RL,5423N 01927E,
PLKOD,Krosno Odrzanskie,Krosno Odrzanskie,PL,08,RL,5203N 01505E,
PLKOL,Kolobrzeg,Kolobrzeg,PL,32,RL,5411N 01535E,
PLKPW,Kraplewo,Kraplewo,PL,30,RL,5218N 01641E,
PLKRM,Krynica Morska,Krynica Morska,PL,PM,RL,5423N 01927E,
PLKUY,Losiów,Losiow,PL,16,RL,5047N 01734E,
PLKYK,Kamyk,Kamyk,PL,24,RL,,
PLKZ4,Korzenna,Korzenna,PL,12,RL,4941N 02051E,
PLLEA,Leba,Leba,PL,22,RL,5445N 01733E,
PLLPN,Lipiany,Lipiany,PL,32,RL,5300N 01458E,
PLLUU,Janowiec,Janowiec,PL,06,RL,5120N 02153E,
PLMA9,Klaj,Klaj,PL,12,RL,4959N 02019E,
PLMID,Miedzyzdroje,Miedzyzdroje,PL,32,AI,5356N 01427E,
PLMK9,Konotopa,Konotopa,PL,14,RL,5255N 02019E,
PLMKW,Mietków,Mietkow,PL,02,RL,5059N 01639E,
PLMNN,Margonin,Margonin,PL,30,RL,5258N 17600E,
PLMRE,Mrzezyno,Mrzezyno,PL,32,RL,5409N 01518E,
PLNCH,Niechorze,Niechorze,PL,32,RL,5406N 01504E,
PLNOW,Nowy Port/Gdansk,Nowy Port/Gdansk,PL,,RL,5424N 01840E,
PLNWA,Nowe Warpno,Nowe Warpno,PL,32,AI,5344N 01418E,
PLNXA,Mierzyn,Mierzyn,PL,32,RL,5407N 01553E,
PLOLA,Olawa,Olawa,PL,02,RL,5056N 01718E,
PLOSD,Osinów Dolny,Osinow Dolny,PL,32,AA,5251N 01409E,
PLPLC,Police,Police,PL,,RL,,
PLPNW,Polanów,Polanow,PL,,RL,5406N 01642E,
PLPTN,Piatnica,Piatnica,PL,20,RL,5311N 02205E,
PLPZN,Pszenno,Pszenno,PL,02,RL,5052N 01633E,
PLROI,Rokietnica,Rokietnica,PL,WP,RL,5231N 01644E,
PLRUC,Ruchocice,Ruchocice,PL,WP,RL,5211N 01621E,
PLRWL,Rewal,Rewal,PL,32,RL,5405N 01501E,
PLSCA,Siennica Rózana,Siennica Rozana,PL,26,RL,5100N 02119E,
PLSJK,Karsibór,Karsibor,PL,32,RL,5351N 01418E,
PLSKJ,Skolyszyn,Skolyszyn,PL,18,RL,4945N 02121E,
PLSKN,Skolwin,Skolwin,PL,32,RL,5329N 01436E,
PLSOP,Sopot,Sopot,PL,22,AS,5427N 01834E,
PLSPA,Stepnica,Stepnica,PL,,RL,5339N 01437E,
PLSWI,Swinoujscie,Swinoujscie,PL,,RL,5354N 01415E,
PLSY2,Sroczyn,Sroczyn,PL,30,RL,5233N 01717E,
PLSZZ,Szczecin,Szczecin,PL,,AI,,
PLTBZ,Trzebiez,Trzebiez,PL,32,AI,5339N 01431E,
PLUMS,Ustronie Morskie,Ustronie Morskie,PL,32,RL,5413N 01545E,
PLURD,Urad,Urad,PL,,RL,5216N 01442E,
PLUST,Ustka,Ustka,PL,,RL,5435N 01651E,
PLWIU,Widuchowa,Widuchowa,PL,32,AA,5307N 14230E,
PLWLA,Wladyslawowo,Wladyslawowo,PL,22,RL,5447N 01825E,
PLWLI,Wolin,Wolin,PL,32,RL,5351N 01437E,
PLWOL,Wolbórz,Wolborz,PL,10,RL,5130N 01950E,
PLWZO,Wegorzyno,Wegorzyno,PL,,RL,5332N 01533E,
PLXXX,RIS Inland waterways,RIS Inland waterways,PL,,AI,,
PLZAA,Czarna,Czarna,PL,18,RL,5004N 02116E,
PLZGO,Zagorow,Zagorow,PL,30,RL,5210N 17540E,
PLZIC,Dziecmierowo,Dziecmierowo,PL,30,RL,5216N 01716E,
PLZIN,Grodziczno,Grodziczno,PL,28,RL,5325N 01946E,
PLZNI,Znin,Znin,PL,,RL,5251N 01743E,
PMFSP,Saint-Pierre,Saint-Pierre,PM,,AI,4646N 05610W,
PNPCN,Pitcairn Is,Pitcairn Is,PN,,AI,,
PRARE,Arecibo,Arecibo,PR,,AI,,
PRARR,Arroyo,Arroyo,PR,,RL,1758N 06604W,
PRBQN,Aguadilla,Aguadilla,PR,,AI,,
PRGUX,Guanica,Guanica,PR,,RL,1758N 06655W,
PRGUY,Guayanilla,Guayanilla,PR,,RL,1758N 06649W,
PRLAM,Las Mareas (Guayama),Las Mareas (Guayama),PR,,RL,,
PRMAZ,Mayagüez,Mayaguez,PR,,AI,,
PRPJO,Puerto de Jobos,Puerto de Jobos,PR,,RL,1757N 06611W,
PRPSE,Ponce,Ponce,PR,,AI,,
PRPYA,Puerto Yabucoa,Puerto Yabucoa,PR,,RL,1803N 06550W,
PRSAL,Salinas,Salinas,PR,,RL,1758N 06615W,
PRSBS,San Sebastián,San Sebastian,PR,,RL,1818N 06658W,
PRSJU,San Juan,San Juan,PR,,AI,1827N 06605W,
PTABF,Albufeira,Albufeira,PT,08,RL,3705N 00815W,
PTADG,Amoreira da Gândara,Amoreira da Gandara,PT,01,RL,4029N 00832W,
PTADH,Angra do Heroísmo,Angra do Heroismo,PT,20,AI,3839N 02713W,
PTAFR,São Pedro da Afurada,Sao Pedro da Afurada,PT,13,RL,4108N 00838W,
PTAGD,Aguda,Aguda,PT,13,RL,4103N 00839W,
PTAGR,Almograve,Almograve,PT,,RL,3739N 00848W,
PTANG,Angeiras,Angeiras,PT,13,RL,4116N 00843W,
PTARP,Armação de Pêra,Armacao de Pera,PT,08,RN,3706N 00821W,
PTAVE,Aveiro,Aveiro,PT,01,AI,4038N 00839W,
PTAVP,Pindelo,Pindelo,PT,01,RL,4052N 00827W,
PTAZM,Azenhas do Mar,Azenhas do Mar,PT,,RL,3850N 00927W,
PTBAN,Banatica,Banatica,PT,15,AI,3840N 00912W,
PTBAO,Barro,Barro,PT,01,RL,,
PTBEI,Beijos,Beijos,PT,18,RL,,
PTBNG,Benagil,Benagil,PT,,RL,3705N 00826W,
PTBOC,Bouça,Bouca,PT,17,RL,4139N 00713W,
PTBRA,Joane,Joane,PT,03,RL,,
PTBRG,Burgau,Burgau,PT,,RL,3704N 00846W,
PTBTR,Baltar,Baltar,PT,13,RL,4111N 00823W,
PTBUS,Bustos,Bustos,PT,,RL,4030N 00836W,
PTCAC,Cacém,Cacem,PT,11,RL,3846N 00918W,
PTCAL,"Calheta, Island São Jorge","Calheta, Island Sao Jorge",PT,20,AI,3836N 02801W,
PTCAP,Costa da Caparica,Costa da Caparica,PT,15,RL,3838N 00913W,
PTCAS,Cascais,Cascais,PT,11,AI,3842N 00925W,
PTCDP,Cais do Pico,Cais do Pico,PT,20,AI,3831N 02819W,
PTCES,Cambres,Cambres,PT,18,RL,4108N 00748W,
PTCLS,Colos,Colos,PT,,RL,3744N 00828W,
PTCML,Câmara de Lobos,Camara de Lobos,PT,30,RN,3238N 01658W,
PTCNA,Coina,Coina,PT,15,RL,3836N 00903W,
PTCNL,Caniçal,Canical,PT,30,RL,3244N 01644W,
PTCNV,Castelo do Neiva,Castelo do Neiva,PT,16,RL,4138N 00848W,
PTCPL,Capelo,Capelo,PT,20,RN,3835N 02847W,
PTCRB,Casa Branca,Casa Branca,PT,,RL,3830N 00810W,
PTCRC,Carrasqueira,Carrasqueira,PT,15,RL,3829N 00906W,
PTDFZ,Sandim,Sandim,PT,13,RL,4102N 00831W,
PTDOU,Douro,Douro,PT,13,RL,3953N 00816W,
PTEST,Estoril,Estoril,PT,11,RL,3842N 00924W,
PTFAE,Fão,Fao,PT,,RL,4131N 00846W,
PTFAO,Faro,Faro,PT,08,AI,3701N 00756W,
PTFDF,Figueira da Foz,Figueira da Foz,PT,06,AI,4009N 00852W,
PTFDT,Fonte da Telha,Fonte da Telha,PT,15,RL,3834N 00911W,
PTFNC,"Funchal, Madeira","Funchal, Madeira",PT,30,AI,3238N 01654W,
PTFOZ,Foz do Arelho,Foz do Arelho,PT,10,RL,3926N 00913W,
PTFUZ,Fuzeta,Fuzeta,PT,,RL,3703N 00745W,
PTGER,Argeriz,Argeriz,PT,17,RL,4135N 00723W,
PTGIF,Guifões,Guifoes,PT,13,RN,4112N 00840W,
PTGUA,Guardizela,Guardizela,PT,03,RL,,
PTGUE,Gueifães,Gueifaes,PT,,RL,4112N 00836W,
PTHOR,Horta,Horta,PT,20,AI,3832N 02838W,
PTIOR,Penamaior,Penamaior,PT,13,RL,,
PTLAJ,Lajes das Flores,Lajes das Flores,PT,20,RL,3923N 03110W,
PTLDP,Lajes,Lajes,PT,20,AI,3823N 02816W,
PTLDR,Lordelo,Lordelo,PT,03,RL,4122N 00823W,
PTLE2,Maceira,Maceira,PT,10,RL,3941N 00853W,
PTLEI,Leixões,Leixoes,PT,13,AI,4111N 00841W,
PTLEP,Leça da Palmeira,Leca da Palmeira,PT,13,RL,4112N 00842W,
PTLIS,Lisboa,Lisboa,PT,11,AI,3843N 00908W,
PTLNS,Lanheses,Lanheses,PT,16,RL,4103N 00840W,
PTLOS,Lagos,Lagos,PT,08,AI,3706N 00840W,
PTMAD,Madalena (Madalena do Pico),Madalena (Madalena do Pico),PT,20,AI,3832N 02832W,
PTMAT,Matosinhos,Matosinhos,PT,13,RL,4111N 00842W,
PTMCH,Machico,Machico,PT,30,RN,3242N 01646W,
PTMDM,Madalena do Mar,Madalena do Mar,PT,30,RL,3241N 01708W,
PTMLR,Milharado,Milharado,PT,11,RL,,
PTMUS,Murches,Murches,PT,11,RL,,
PTNAV,Nariz,Nariz,PT,01,RL,4032N 00836W,
PTNGV,Valongo,Valongo,PT,13,RL,4111N 00830W,
PTNRD,Nordeste,Nordeste,PT,20,RN,3750N 02510W,
PTOEI,Oeiras,Oeiras,PT,11,RL,3841N 00919W,
PTOLA,Olhos de Água,Olhos de Agua,PT,,RL,3705N 00811W,
PTOLH,Olhão,Olhao,PT,08,RL,3702N 00750W,
PTOPO,Porto,Porto,PT,13,AI,4109N 00837W,
PTPCZ,Porto da Cruz,Porto da Cruz,PT,30,RN,3246N 01650W,
PTPDL,Ponta Delgada,Ponta Delgada,PT,20,AI,3744N 02540W,
PTPDS,Ponte de Sor,Ponte de Sor,PT,12,RL,3915N 00801W,
PTPEN,Peniche,Peniche,PT,10,RL,3921N 00923W,
PTPFT,Perafita,Perafita,PT,13,RL,4113N 00842W,
PTPMZ,Porto Moniz,Porto Moniz,PT,30,RN,3251N 01710W,
PTPOM,Pomarão,Pomarao,PT,02,RN,3733N 00732W,
PTPRG,Praia da Graciosa,Praia da Graciosa,PT,20,AI,3903N 02758W,
PTPRM,Portimao,Portimao,PT,08,AI,3708N 00832W,
PTPRV,Praia da Vitória,Praia da Vitoria,PT,20,AI,3844N 02704W,
PTPVC,Povoação,Povoacao,PT,20,RN,3745N 02515W,
PTPVH,Pegoes Velhos,Pegoes Velhos,PT,11,RL,3841N 00840W,
PTPXO,Porto Santo Island,Porto Santo Island,PT,30,AI,3304N 01620W,
PTQRT,Quarteira,Quarteira,PT,08,RN,3704N 00806W,
PTRPX,Rabo de Peixe,Rabo de Peixe,PT,20,RL,3748N 02535W,
PTRQU,Requião,Requiao,PT,,RL,4124N 00829W,
PTSAG,Sagres,Sagres,PT,,RL,3700N 00856W,
PTSCF,Santa Cruz das Flores,Santa Cruz das Flores,PT,20,RL,3927N 03107W,
PTSCG,Santa Cruz da Graciosa,Santa Cruz da Graciosa,PT,20,RL,3905N 02801W,
PTSET,Setúbal,Setubal,PT,15,AI,3832N 00854W,
PTSHA,Senhora da Hora,Senhora da Hora,PT,13,RL,4111N 00839W,
PTSIE,Sines,Sines,PT,15,AI,3757N 00852W,
PTSLZ,Santa Luzia,Santa Luzia,PT,,RL,3706N 00739W,
PTSMI,São Miguel,Sao Miguel,PT,,RL,,
PTSMO,São Martinho do Porto,Sao Martinho do Porto,PT,10,AM,3931N 00908W,
PTSMS,Santa Maria de Sardoura,Santa Maria de Sardoura,PT,01,RL,4103N 00817W,
PTSMT,São Mateus,Sao Mateus,PT,20,AA,3839N 02716W,
PTSSB,Sesimbra,Sesimbra,PT,15,RN,3826N 00906W,
PTTER,Terceira Island Apt,Terceira Island Apt,PT,20,AI,3843N 02713W,
PTTGO,Monte Trigo,Monte Trigo,PT,01,RL,,
PTTOA,Torreira,Torreira,PT,,RL,4045N 00842W,
PTTPO,Topo,Topo,PT,20,RN,3833N 02747W,
PTTRF,Trafaria,Trafaria,PT,15,RL,3840N 00914W,
PTTUN,Tunes,Tunes,PT,01,RL,,
PTVAB,Valbom,Valbom,PT,13,RL,4108N 00834W,
PTVAG,Vagueira,Vagueira,PT,,RL,4033N 00845W,
PTVAR,Várzea do Douro,Varzea do Douro,PT,13,RL,4107N 00828W,
PTVDC,Viana do Castelo,Viana do Castelo,PT,16,AI,4142N 00850W,
PTVDP,Vila do Porto,Vila do Porto,PT,20,RL,3656N 02509W,
PTVDV,Venda do Pinheiro,Venda do Pinheiro,PT,11,RL,,
PTVEL,Velas,Velas,PT,20,AI,3841N 02813W,
PTVFC,Vila Franca do Campo,Vila Franca do Campo,PT,20,RN,3743N 02526W,
PTVFD,Vila de Frades,Vila de Frades,PT,02,RL,3813N 00749W,
PTVFX,Vila Franca de Xira,Vila Franca de Xira,PT,11,RL,3857N 00859W,
PTVIC,Vila do Conde,Vila do Conde,PT,13,RL,4121N 00845W,
PTVLC,Vila Chã,Vila Cha,PT,,RL,4051N 00823W,
PTVNC,Vila Nova do Corvo,Vila Nova do Corvo,PT,20,AI,3940N 03106W,
PTVNR,Vila Nova da Rainha,Vila Nova da Rainha,PT,11,RL,3902N 00856W,
PTVRE,Vila Real de Santo António,Vila Real de Santo Antonio,PT,08,RL,3712N 00725W,
PTXZX,Escariz,Escariz,PT,01,RL,4056N 00825W,
PTZFM,Zona Franca da Madeira,Zona Franca da Madeira,PT,30,AI,3240N 01645W,
PWANG,Angaur,Angaur,PW,,RL,,
PWROR,Koror,Koror,PW,,AI,,
PYAGT,Ciudad del Este,Ciudad del Este,PY,,AI,,
PYASU,Asunción,Asuncion,PY,ASU,AI,2516S 05740W,
PYBCM,Barrio Caacupé Mí,Barrio Caacupe Mi,PY,11,RL,2513S 05733W,
PYCAA,Caacupé,Caacupe,PY,3,RL,2523S 05708W,
PYCAC,Calera Cue,Calera Cue,PY,1,RL,2232S 05749W,
PYCNP,Concepción,Concepcion,PY,1,AI,2324S 05726W,
PYENO,Encarnación,Encarnacion,PY,7,AI,2720S 05554W,
PYFNX,Fenix,Fenix,PY,ASU,RL,,
PYFUO,Fuerte Olimpo,Fuerte Olimpo,PY,,RL,2103S 05752W,
PYITE,Ita Enramada,Ita Enramada,PY,,AI,,
PYMRA,Colonia Mariano Roque Alonso,Colonia Mariano Roque Alonso,PY,11,RL,2510S 05733W,
PYPAN,Puerto Antequera,Puerto Antequera,PY,2,RL,2405S 05712W,
PYPCJ,Puerto la Victoria,Puerto la Victoria,PY,,RL,2217S 05756W,
PYPGU,Puerto Guarani,Puerto Guarani,PY,16,RL,2118S 05755W,
PYPSA,Puerto Sara,Puerto Sara,PY,11,RL,2526S 05732W,
PYSAN,San Antonio,San Antonio,PY,,RL,,
PYTER,Terport (San Antonio),Terport (San Antonio),PY,,RL,2523S 05738W,
PYVLL,Villeta,Villeta,PY,,AI,,
QAASN,Al Shaheen,Al Shaheen,QA,,RN,2633N 05204E,
QADOH,Doha,Doha,QA,DA,AI,,
QAHAL,Halul,Halul,QA,,RL,,
QAHMD,BGN/PCGN1956 - HAMAD,BGN/PCGN1956 - HAMAD,QA,WA,RL,2500N 05137E,
QAHNA,Hanna,Hanna,QA,,QQ,,
QAQAP,Qapco,Qapco,QA,US,RL,2455N 05134E,
QAQCH,Qchem,Qchem,QA,US,RL,2451N 05132E,
QARLF,Ras Laffan,Ras Laffan,QA,KH,RL,2556N 05132E,
QARUS,Al Ruwais Qatar,Al Ruwais Qatar,QA,MS,AA,2614N 05120E,
QASLW,As Salwa,As Salwa,QA,RA,RL,2444N 05045E,
QAUMS,Umm Sa'id (Mesaieed),Umm Sa'id (Mesaieed),QA,WA,AI,2459N 05132E,
RELEU,Saint-Leu,Saint-Leu,RE,,RL,,
RELPT,Le Port,Le Port,RE,,AF,2056S 05519E,
REPOS,Possession,Possession,RE,,RL,2056S 05520E,
RERSE,Sainte-Rose,Sainte-Rose,RE,,AA,2108S 05548E,
RERUN,Saint-Denis,Saint-Denis,RE,,AI,2054S 05531E,
RESPL,Saint-Paul,Saint-Paul,RE,,RL,2059S 05516E,
RESSZ,Sainte-Suzanne,Sainte-Suzanne,RE,,RL,2054S 05536E,
RO5LI,Livezeni,Livezeni,RO,MS,RL,4633N 02438E,
ROAGI,Agigea,Agigea,RO,CT,RL,4405N 02837E,
ROBAB,Basarabi,Basarabi,RO,,AC,4410N 02822E,
ROBCN,Beclean,Beclean,RO,HR,RL,4619N 02518E,
ROBCT,Bechet,Bechet,RO,DJ,RL,4346N 02356E,
ROBEZ,Bezdead,Bezdead,RO,DB,RL,4509N 02531E,
ROBZI,Bazias,Bazias,RO,CS,RL,4448N 02123E,
ROCAF,Calafat,Calafat,RO,DJ,AC,4359N 02256E,
ROCAS,Calarasi,Calarasi,RO,CL,AC,4412N 02720E,
ROCEV,Cernavoda,Cernavoda,RO,IL,AC,4421N 02801E,
ROCHL,Chilia Veche,Chilia Veche,RO,TL,RL,4542N 02928E,
ROCHN,Chiscani,Chiscani,RO,BR,RL,4511N 02756E,
ROCND,Constanta,Constanta,RO,CT,AI,4411N 02839E,
ROCNM,Comisani,Comisani,RO,DB,RL,,
ROCOB,Corabia,Corabia,RO,OT,AC,4346N 02430E,
ROCTS,Cristuru Secuiesc,Cristuru Secuiesc,RO,HR,RL,4617N 02502E,
RODTS,Drobeta-Turnu Severin,Drobeta-Turnu Severin,RO,MH,AC,4438N 02239E,
ROEFS,Eforie Sud,Eforie Sud,RO,CT,RL,4403N 02838E,
ROFET,Fetesti,Fetesti,RO,IL,RL,4423N 02750E,
ROFTE,Frecatei,Frecatei,RO,,RL,,
ROGAL,Galati,Galati,RO,GL,AC,4526N 02803E,
ROGRG,Giurgiu,Giurgiu,RO,GR,AC,4353N 02557E,
ROGUU,Gruiu,Gruiu,RO,B,RL,4444N 02614E,
ROHAU,Halchiu,Halchiu,RO,BV,RL,4546N 02533E,
ROHDC,Hodac,Hodac,RO,MS,RL,4646N 02455E,
ROISC,Isaccea,Isaccea,RO,TL,RL,4516N 02828E,
ROJRT,Jaristea,Jaristea,RO,VN,RL,4547N 02704E,
ROLUM,Luminita,Luminita,RO,CT,RL,4415N 02837E,
ROLUT,Lutita,Lutita,RO,HR,RL,,
ROMAC,Macin,Macin,RO,TL,RL,4515N 02810E,
ROMAG,Mangalia,Mangalia,RO,CT,AC,4350N 02835E,
ROMAH,Mahmudia,Mahmudia,RO,TL,RL,4508N 02908E,
ROMED,Medgidia,Medgidia,RO,CT,AC,4415N 02816E,
ROMGU,Magureni,Magureni,RO,PH,RL,4504N 02544E,
ROMID,Midia,Midia,RO,CT,AC,4420N 02837E,
RONDI,Navodari,Navodari,RO,,RL,4420N 02837E,
ROOJD,Ojdula,Ojdula,RO,CV,RL,4559N 02615E,
ROOLT,Oltenita,Oltenita,RO,CL,AC,4405N 02639E,
ROORV,Orsova,Orsova,RO,MH,AC,4442N 02224E,
ROOVI,Ovidiu,Ovidiu,RO,CT,RL,4416N 02834E,
ROPAL,Poarta Alba,Poarta Alba,RO,CT,RL,4413N 02824E,
ROPAU,Paulesti,Paulesti,RO,PH,RL,4500N 02559E,
ROPES,Pielesti,Pielesti,RO,DJ,RL,4420N 02357E,
ROPPC,Prelipca,Prelipca,RO,SV,RL,4736N 02621E,
ROPSE,Pietroasele,Pietroasele,RO,BZ,RL,4606N 02634E,
ROPTA,Petelea,Petelea,RO,MS,RL,4644N 02443E,
RORDE,Rediu,Rediu,RO,IS,RL,4654N 02735E,
RORNN,Rosia Montana,Rosia Montana,RO,,RL,4618S 02308E,
RORVA,Hârsova,Harsova,RO,CT,RL,4441N 02757E,
ROSUL,Sulina (Port et Zone Franche),Sulina (Port et Zone Franche),RO,TL,AC,4509N 02940E,
ROTCE,Tulcea,Tulcea,RO,TL,AI,4511N 02848E,
ROTR5,Tureni,Tureni,RO,CJ,RL,4637N 02342E,
ROTUM,Turnu Magurele,Turnu Magurele,RO,TR,AC,4345N 02453E,
ROTUT,Turturesti,Turturesti,RO,BZ,RL,4507N 02638E,
ROVTR,Vanatori Neamt,Vanatori Neamt,RO,NT,RL,4712N 02619E,
ROXXX,RIS Inland waterways,RIS Inland waterways,RO,,AI,,
ROZIC,Zimnicea,Zimnicea,RO,TR,AC,4339N 02521E,
ROZUI,Lazuri,Lazuri,RO,DB,RL,,
RS4SN,Bresnica,Bresnica,RS,17,RL,4352N 02035E,
RSAPT,Apatin,Apatin,RS,,RL,4540N 01859E,
RSBPA,Backa Palanka,Backa Palanka,RS,,RL,4515N 01923E,
RSBZD,Bezdam,Bezdam,RS,,RL,4551N 01855E,
RSDIM,Dimitrovgrad,Dimitrovgrad,RS,,RL,4300N 02246E,
RSDOB,Dobanovci,Dobanovci,RS,00,RL,4449N 02013E,
RSGNJ,Gnjilane,Gnjilane,RS,25,RL,4228N 02127E,
RSKMA,Kursumlija,Kursumlija,RS,,RL,4308N 02116E,
RSMSD,Mesarci,Mesarci,RS,08,RL,4436N 01955E,
RSPHO,Prahovo,Prahovo,RS,,RL,4417N 02235E,
RSSKA,Sremski Karlovci,Sremski Karlovci,RS,,RL,4512N 01956E,
RSVGS,Veliko Gradiste,Veliko Gradiste,RS,,RL,4445N 02130E,
RSVRA,Vranje,Vranje,RS,,RL,4233N 02154E,
RSVS4,Veternik,Veternik,RS,06,RL,4515N 01945E,
RSXXX,RIS Inland waterways,RIS Inland waterways,RS,,AI,,
RUABC,Ambarchik,Ambarchik,RU,SA,RL,6937N 16218E,
RUABK,Abinsk,Abinsk,RU,KDA,RL,4452N 03809E,
RUAER,Sochi,Sochi,RU,KDA,AI,4336N 03943E,
RUAGK,Angarsk,Angarsk,RU,IRK,RL,5232N 10353E,
RUAKS,Aksay,Aksay,RU,ROS,RL,4715N 03953E,
RUAMU,Amursk,Amursk,RU,KHA,RL,5013N 13654E,
RUAMV,Amderma,Amderma,RU,NEN,AI,6946N 06140E,
RUARH,Arkhangelsk,Arkhangelsk,RU,,AI,,
RUARM,Arman (Magadan),Arman (Magadan),RU,,QQ,,
RUASF,Astrakhan,Astrakhan,RU,,AI,,
RUAZO,Azov,Azov,RU,,QQ,,
RUB2L,Shebekino,Shebekino,RU,BEL,RL,5024N 03654E,
RUBEL,Belushye,Belushye,RU,,QQ,,
RUBEM,Belomorsk,Belomorsk,RU,,QQ,,
RUBER,"Beringovskiy, Port","Beringovskiy, Port",RU,,QQ,,
RUBGV,Bagaevskaya,Bagaevskaya,RU,ROS,RL,4719N 04023E,
RUBKH,Bektyashka,Bektyashka,RU,,QQ,,
RUBKN,Bolshoy Kamen,Bolshoy Kamen,RU,KHM,RL,6227N 06614E,
RUBKT,Belaya Kalitva,Belaya Kalitva,RU,ROS,RL,4810N 04047E,
RUBLK,Balakhna,Balakhna,RU,NIZ,RL,5629N 04337E,
RUBLN,Balakhnya,Balakhnya,RU,IRK,RL,5648N 10549E,
RUBLT,Baltiysk,Baltiysk,RU,,QQ,,
RUBNK,Bronka Port,Bronka Port,RU,SPE,RL,5955N 02940E,
RUBOR,Borisova,Borisova,RU,IRK,RL,5701N 10614E,
RUBOS,Boshnyakovo,Boshnyakovo,RU,,RL,4939N 14210E,
RUBRK,Lomonosov,Lomonosov,RU,SPE,RL,5954N 02944E,
RUBVV,Kuril'skiy Burevestnik AFB (Burevestnik AFB),Kuril'skiy Burevestnik AFB (Burevestnik AFB),RU,SAK,AI,4456N 14738E,
RUCEE,Cherepovets,Cherepovets,RU,,AI,,
RUCHA,Chamgu,Chamgu,RU,SAK,RL,5056N 14336E,
RUCHB,Chebarkul',Chebarkul',RU,,RL,5458N 06022E,
RUCHM,Chemashi,Chemashi,RU,KHM,RL,6302N 06511E,
RUCHU,Chuya,Chuya,RU,IRK,RL,5916N 11226E,
RUCIH,Chikacheva,Chikacheva,RU,,QQ,,
RUCPC,Cpc Terminal,Cpc Terminal,RU,,RL,4440N 03739E,
RUDBK,Dubovka,Dubovka,RU,VLG,RL,4903N 04449E,
RUDEE,Yuzhno-Kuril'sk,Yuzhno-Kuril'sk,RU,SAK,AI,4402N 14551E,
RUDHA,Derbeshkinskiy,Derbeshkinskiy,RU,,RL,5552N 05330E,
RUDKA,De-Kastri,De-Kastri,RU,,QQ,,
RUDKS,Dikson,Dikson,RU,,AI,7330N 08030E,
RUDUB,Dubna,Dubna,RU,TVE,RL,5645N 03708E,
RUDUD,Dudinka,Dudinka,RU,,QQ,,
RUDYR,Anadyr,Anadyr,RU,,AI,,
RUEGV,Egvekinot,Egvekinot,RU,,QQ,,
RUEKO,Ekonomiya,Ekonomiya,RU,ARK,RL,6442N 04038E,
RUFIP,Vladivostok,Vladivostok,RU,PRI,RL,4308N 13154E,
RUFPT,Fish Port Terminal,Fish Port Terminal,RU,,RL,4308N 13154E,
RUGOJ,Nizhniy Novgorod (ex Gorkiy),Nizhniy Novgorod (ex Gorkiy),RU,,AI,,
RUGRH,Gremikha,Gremikha,RU,,QQ,,
RUGSA,Gorskaya,Gorskaya,RU,LEN,RL,6003N 02958E,
RUGVY,Gavrilov-Yam,Gavrilov-Yam,RU,,RL,5718N 03951E,
RUHTG,Hatanga,Hatanga,RU,,AI,7159N 10228E,
RUHZO,Orekhovo-Zuevo,Orekhovo-Zuevo,RU,MOS,RL,5549N 03858E,
RUIAA,Igarka,Igarka,RU,,AI,,
RUIAR,Yaroslavl,Yaroslavl,RU,,AI,,
RUIDG,Indiga,Indiga,RU,NEN,RL,6739N 04901E,
RUIKS,Tiksi,Tiksi,RU,,AI,,
RUIOK,Iokanka,Iokanka,RU,,QQ,,
RUIOY,Ikryanoye,Ikryanoye,RU,AST,RL,4605N 04744E,
RUIVO,Ivanovo,Ivanovo,RU,,RL,5701N 04100E,
RUKAN,Kandalaksha,Kandalaksha,RU,,QQ,,
RUKAS,Kashira,Kashira,RU,,RL,5450N 03810E,
RUKDN,Kildin,Kildin,RU,,QQ,,
RUKDT,Kronshtadt,Kronshtadt,RU,,QQ,6000N 02946E,
RUKEM,Kem,Kem,RU,,QQ,,
RUKER,Keret,Keret,RU,,QQ,,
RUKGD,Kaliningrad,Kaliningrad,RU,,AI,,
RUKHO,Kholmsk,Kholmsk,RU,SAK,RL,4703N 14203E,
RUKHV,Khabarovsk,Khabarovsk,RU,,AI,,
RUKIK,Kirensk,Kirensk,RU,IRK,RL,5746N 10806E,
RUKIM,Kimry,Kimry,RU,TVE,RL,5653N 03722E,
RUKIN,Kineshma,Kineshma,RU,,QQ,,
RUKIY,Kirovskiy,Kirovskiy,RU,,RL,4505N 13330E,
RUKJA,Krasnojarsk,Krasnojarsk,RU,,AI,,
RUKLK,Kulakovo,Kulakovo,RU,KYA,RL,5806N 09346E,
RUKLR,Klinsky Rayon,Klinsky Rayon,RU,MOS,RL,,
RUKLT,Koltogorskiye,Koltogorskiye,RU,TOM,RL,6040N 07728E,
RUKLY,Kalyazin,Kalyazin,RU,TVE,RL,5714N 03750E,
RUKMA,Kostomuksha,Kostomuksha,RU,,RL,6441N 03049E,
RUKMM,Malaya Kheta,Malaya Kheta,RU,,QQ,,
RUKMU,Kamskoye Ustye,Kamskoye Ustye,RU,,QQ,,
RUKMV,Velikaya Kema,Velikaya Kema,RU,,QQ,,
RUKNL,Konets Lug,Konets Lug,RU,IRK,RL,5709N 10655E,
RUKNV,Krasnovodsk,Krasnovodsk,RU,,RL,,
RUKNY,Khvalynsk,Khvalynsk,RU,SAR,RL,5229N 04806E,
RUKOK,Konakovo,Konakovo,RU,,RL,5642N 03647E,
RUKOR,Korsakov,Korsakov,RU,,QQ,,
RUKOT,Kotel'nyy,Kotel'nyy,RU,SA,RL,7600N 13756E,
RUKPA,Kondopoga,Kondopoga,RU,,RL,6212N 03417E,
RUKRA,Krasnoyarsk,Krasnoyarsk,RU,,RL,5601N 09304E,
RUKRF,Korf,Korf,RU,,RL,,
RUKRI,Krivosheino,Krivosheino,RU,TOM,RL,5720N 08357E,
RUKRR,Krasnodar,Krasnodar,RU,,AI,,
RUKRY,Krasnyy Yar,Krasnyy Yar,RU,NVS,RL,5513N 08252E,
RUKSA,Kharasavey,Kharasavey,RU,NEN,RL,7106N 06646E,
RUKSI,Kasimov,Kasimov,RU,,RL,5456N 04124E,
RUKSL,Kislaya Guba,Kislaya Guba,RU,,QQ,,
RUKSO,Krasnotur'insk,Krasnotur'insk,RU,SVE,RL,5946N 06028E,
RUKTY,Khatyrka,Khatyrka,RU,CHU,RL,6204N 17518E,
RUKUB,Kubekovo,Kubekovo,RU,KYA,RL,5609N 09808E,
RUKUF,Samara,Samara,RU,,AI,5313N 05010E,
RUKUR,Kureysk,Kureysk,RU,IRK,RL,5857N 11120E,
RUKVO,Kolpashevo,Kolpashevo,RU,TOM,RL,5818N 08256E,
RUKYB,Krasnyye Barrikady,Krasnyye Barrikady,RU,AST,RL,4612N 04751E,
RUKYI,Kolguyev Island,Kolguyev Island,RU,NEN,RL,6905N 04909E,
RUKYK,Kireyevskoye,Kireyevskoye,RU,TOM,RL,5602N 08405E,
RUKZH,Kozhevnikovo,Kozhevnikovo,RU,TOM,RL,5616N 08359E,
RUKZM,Kozmino Port,Kozmino Port,RU,,RL,4243N 13301E,
RUKZP,Kavkaz,Kavkaz,RU,KDA,RL,4525N 03646E,
RULAZ,Lazarev,Lazarev,RU,,RL,,
RULBU,Lyubim,Lyubim,RU,YAR,RL,5821N 04041E,
RULDY,Lebedyan',Lebedyan',RU,,RL,5300N 03909E,
RULED,Saint Petersburg (ex Leningrad),Saint Petersburg (ex Leningrad),RU,SPE,AI,5953N 03015E,
RULEO,Leonova,Leonova,RU,IRK,RL,5720N 10727E,
RULES,Lesogorsk,Lesogorsk,RU,,RL,4926N 14207E,
RULEU,Leushinskiye,Leushinskiye,RU,KHM,RL,6211N 06711E,
RULNK,Lensk,Lensk,RU,SA,RL,6043N 11456E,
RULNR,Linakhamari,Linakhamari,RU,,QQ,,
RULUG,Lugovoye,Lugovoye,RU,TOM,RL,5743N 08348E,
RULVR,Lavrentiya,Lavrentiya,RU,CHU,RL,6535N 17100W,
RUMA2,Malino,Malino,RU,MOS,RL,5506N 03810E,
RUMAG,"Magadansky, Port","Magadansky, Port",RU,,QQ,,
RUMAS,Miass,Miass,RU,,RL,5459N 06006E,
RUMCX,Makhachkala,Makhachkala,RU,,AI,4258N 04730E,
RUMDY,Mamadysh,Mamadysh,RU,TA,RL,5542N 05123E,
RUMEG,Medvezhyegorsk,Medvezhyegorsk,RU,,QQ,,
RUMEZ,Mezen,Mezen,RU,,QQ,,
RUMGO,Mago,Mago,RU,,RL,,
RUMKR,Makarovo,Makarovo,RU,IRK,RL,5729N 10748E,
RUMMK,Murmansk,Murmansk,RU,,AI,,
RUMOG,Mogochin,Mogochin,RU,TOM,RL,5742N 08335E,
RUMON,Molchanovo,Molchanovo,RU,TOM,RL,5736N 08348E,
RUMOW,Moskva,Moskva,RU,MOW,AI,5545N 03736E,
RUMSH,Mys Shmidta,Mys Shmidta,RU,CHU,RL,6853N 17926W,
RUMVO,Moskalvo,Moskalvo,RU,,QQ,,
RUNAC,Naberezhnyye Chelny,Naberezhnyye Chelny,RU,,RL,5545N 05225E,
RUNAR,Narym,Narym,RU,TOM,RL,5855N 08135E,
RUNDK,Novodvinsk,Novodvinsk,RU,,RL,6425N 04050E,
RUNEV,Nevelsk,Nevelsk,RU,,RL,,
RUNIA,Nikolayevsk-na-Amure,Nikolayevsk-na-Amure,RU,,QQ,,
RUNJC,Nizhnevartovsk,Nizhnevartovsk,RU,KHM,AI,6056N 07634E,
RUNJK,Nakhodka,Nakhodka,RU,,QQ,,
RUNLK,Neftelensk,Neftelensk,RU,IRK,RL,5720N 10704E,
RUNMK,Novomoskovsk,Novomoskovsk,RU,,RL,5405N 03811E,
RUNNM,Naryan Mar,Naryan Mar,RU,,AI,,
RUNOG,Nogliki,Nogliki,RU,SAK,RL,5149N 14306E,
RUNPE,Nizhnyaya Pesha,Nizhnyaya Pesha,RU,NEN,RL,6645N 04746E,
RUNVS,Novorossiysk,Novorossiysk,RU,KDA,RL,4443N 03746E,
RUOHO,Okhotsk,Okhotsk,RU,,QQ,,
RUOKA,"Okha, Sakhalin","Okha, Sakhalin",RU,,RL,5334N 14300E,
RUOKT,Oktyabr'skiy,Oktyabr'skiy,RU,,AI,,
RUOKZ,Okruzhnoe,Okruzhnoe,RU,SAK,RL,5019N 14348E,
RUOLB,Bukhta Ol'ga,Bukhta Ol'ga,RU,KAM,RL,5433N 16107E,
RUOLG,"Olenya, Guba","Olenya, Guba",RU,,QQ,,
RUOLO,Oleniy Ostrov,Oleniy Ostrov,RU,,RL,6202N 03520E,
RUOLP,Ol'ga,Ol'ga,RU,PRI,RL,4344N 13517E,
RUOMK,Olekminsk,Olekminsk,RU,SA,RL,6022N 12025E,
RUONG,Onega,Onega,RU,,QQ,,
RUOYA,Olya,Olya,RU,AST,RL,4547N 04732E,
RUOYE,Oktyabrskoye,Oktyabrskoye,RU,KHM,RL,6227N 06603E,
RUOZE,Oranzherei,Oranzherei,RU,AST,RL,4550N 04734E,
RUOZK,Ozerko,Ozerko,RU,MUR,RL,6943N 03207E,
RUOZY,Ozëry,Ozery,RU,,RL,5451N 03833E,
RUPCE,Pechenga,Pechenga,RU,,QQ,,
RUPEK,Petrokrepost,Petrokrepost,RU,,QQ,,
RUPES,Petrozavodsk,Petrozavodsk,RU,,AI,,
RUPEX,Pechora,Pechora,RU,,AI,,
RUPGE,Peregrebnoye,Peregrebnoye,RU,KHM,RL,6259N 06504E,
RUPGN,Prigorodnoye,Prigorodnoye,RU,SAK,RL,4637N 14254E,
RUPHS,Prokhorovskiy,Prokhorovskiy,RU,TOM,RL,5930N 07925E,
RUPKC,Petropavlovsk-Kamchatskiy,Petropavlovsk-Kamchatskiy,RU,,AI,,
RUPNV,Polnovat,Polnovat,RU,KHM,RL,6347N 06554E,
RUPNY,Pionerskiy,Pionerskiy,RU,KGD,RL,5457N 02013E,
RUPOK,Engels,Engels,RU,SAR,RL,5130N 04607E,
RUPRI,Primorsk (Koivisto),Primorsk (Koivisto),RU,,RL,,
RUPRN,Poronaisk,Poronaisk,RU,,QQ,,
RUPRY,Preobrazheniye,Preobrazheniye,RU,,RL,4254N 13354E,
RUPSE,Posyet,Posyet,RU,,QQ,,
RUPTN,Plastun,Plastun,RU,,QQ,,
RUPTP,Potapova,Potapova,RU,IRK,RL,5723N 10731E,
RUPUD,Pudozh,Pudozh,RU,,QQ,,
RUPVS,"Provideniya, Bukhta","Provideniya, Bukhta",RU,,AI,6423N 17318W,
RUPWE,Pevek,Pevek,RU,,AI,,
RUPYO,Poyarkovo,Poyarkovo,RU,AMU,RL,4936N 12841E,
RURDP,Rudnaya Pristan,Rudnaya Pristan,RU,,QQ,,
RURND,Rostov-na-Donu,Rostov-na-Donu,RU,ROS,RL,4714N 03943E,
RUROV,Rostov,Rostov,RU,,AI,,
RURTW,Saratov,Saratov,RU,,AI,,
RURUB,Rubnoye,Rubnoye,RU,KYA,RL,5807N 09431E,
RURYB,Rybinsk,Rybinsk,RU,,AI,,
RURYK,Krasnoturansk,Krasnoturansk,RU,KYA,RL,5419N 09133E,
RURZV,Rzhev,Rzhev,RU,,RL,5615N 03420E,
RUSAB,Sabetta,Sabetta,RU,YAN,RL,7115N 07205E,
RUSAK,Aleksandrovsk-Sakhalinskiy,Aleksandrovsk-Sakhalinskiy,RU,,RL,5054N 14209E,
RUSEG,Segezha,Segezha,RU,,QQ,,
RUSEW,Severodvinsk,Severodvinsk,RU,,QQ,,
RUSHA,Shakhtersk,Shakhtersk,RU,,RL,,
RUSIZ,Siziman,Siziman,RU,,RL,5043N 14025E,
RUSKA,Slavyanka,Slavyanka,RU,,QQ,,
RUSLH,Salekhard,Salekhard,RU,YAN,RL,6631N 06636E,
RUSLK,Solovki,Solovki,RU,ARK,RL,6525N 03541E,
RUSNG,Solnechnogorsk,Solnechnogorsk,RU,,RL,5611N 03658E,
RUSOG,Sovetskaya Gavan,Sovetskaya Gavan,RU,,QQ,,
RUSPA,"Spafaryeva, O","Spafaryeva, O",RU,,QQ,,
RUSRM,Severomorsk,Severomorsk,RU,,QQ,,
RUSSK,Sovetsk,Sovetsk,RU,,RL,5504N 02153E,
RUSTR,Streika,Streika,RU,KYA,RL,5805N 09302E,
RUSTY,Svetlyy,Svetlyy,RU,KGD,RL,5442N 02030E,
RUSVE,Svetlaya,Svetlaya,RU,,QQ,,
RUSVK,Severo-Kurilsk,Severo-Kurilsk,RU,,QQ,,
RUSYZ,Syzran,Syzran,RU,,QQ,,
RUSZZ,Sestroretsk,Sestroretsk,RU,LEN,RL,6006N 02957E,
RUTAG,Taganrog,Taganrog,RU,,QQ,,
RUTAM,Taman',Taman',RU,KDA,AA,4513N 03643E,
RUTAU,Tauisk,Tauisk,RU,,QQ,,
RUTAY,Tayura,Tayura,RU,IRK,RL,5700N 10639E,
RUTAZ,Tazovskiy,Tazovskiy,RU,NEN,RL,6728N 07844E,
RUTDO,Trudfront,Trudfront,RU,AST,RL,4555N 04740E,
RUTOI,Tol'yatti,Tol'yatti,RU,,RL,5328N 04930E,
RUTRR,Trifonov Ruchey,Trifonov Ruchey,RU,,QQ,,
RUTTI,Tolyatti,Tolyatti,RU,,QQ,,
RUTUA,Tuapse,Tuapse,RU,,QQ,,
RUTVK,Timashevsk,Timashevsk,RU,,RL,4537N 03856E,
RUUCH,Ust Chaun,Ust Chaun,RU,CHU,RL,6848N 17030E,
RUUEL,Uelen,Uelen,RU,CHU,RL,6610N 16949W,
RUUGC,Uglich,Uglich,RU,YAR,RL,5731N 03819E,
RUUGL,Uglegorsk,Uglegorsk,RU,,RL,,
RUUKK,Ust-Kamchatsk,Ust-Kamchatsk,RU,,RL,5013N 16239E,
RUULU,Ust'-Luga,Ust'-Luga,RU,LEN,RL,5940N 02819E,
RUUMB,Umba,Umba,RU,,QQ,,
RUURA,Ura-Guba,Ura-Guba,RU,,RL,6917N 03248E,
RUVAR,Varandey,Varandey,RU,,RL,6847N 05759E,
RUVAY,Vaygach,Vaygach,RU,NEN,RL,7025N 05845E,
RUVIT,Vitino,Vitino,RU,MUR,RL,6705N 03220E,
RUVKR,Vankarem,Vankarem,RU,CHU,RL,6750N 17552W,
RUVLG,Volga,Volga,RU,YAR,RL,5757N 03824E,
RUVMS,Vostokmorservice,Vostokmorservice,RU,PRI,RL,4305N 13152E,
RUVNN,Vanino,Vanino,RU,,QQ,,
RUVNY,Venyov,Venyov,RU,,RL,,
RUVOG,Volgograd,Volgograd,RU,,AI,4848N 04435E,
RUVTM,Vitim,Vitim,RU,SA,RL,5925N 11234E,
RUVTZ,Vityaz,Vityaz,RU,,RL,4236N 13110E,
RUVVO,Vladivostok,Vladivostok,RU,,AI,,
RUVYE,Vertikoye,Vertikoye,RU,TOM,RL,5923N 07941E,
RUVYG,Vyborg,Vyborg,RU,,QQ,,
RUVYK,Vyksa,Vyksa,RU,NIZ,RL,5519N 04210E,
RUVYP,Vostochnyy Port,Vostochnyy Port,RU,,RL,4246N 13303E,
RUVYS,Vysotsk,Vysotsk,RU,,RL,6038N 02834E,
RUVZB,"Vozrozhdeniya, Bukhta","Vozrozhdeniya, Bukhta",RU,,QQ,,
RUVZH,Volzhsk,Volzhsk,RU,,RL,5550N 04815E,
RUXC2,Kotel'niki,Kotel'niki,RU,MOS,RL,5538N 03751E,
RUYAB,Yagelnaya Bukhta,Yagelnaya Bukhta,RU,,QQ,,
RUYAM,Yamburg,Yamburg,RU,NEN,RL,6817N 07709E,
RUYEY,Yeysk,Yeysk,RU,,RL,,
RUYTS,Yartsevo,Yartsevo,RU,SMO,RL,5504N 03240E,
RUZAO,"Zavyalova, O","Zavyalova, O",RU,,QQ,,
RUZAR,Zarubino,Zarubino,RU,,RL,4237N 13105E,
RUZCA,Balozhi,Balozhi,RU,NGR,RL,5822N 03153E,
RUZDK,Zelënodol'sk,Zelenodol'sk,RU,,RL,5550N 04831E,
RUZEM,Zeleniy Mys,Zeleniy Mys,RU,,QQ,,
RWNSA,Nyagatare,Nyagatare,RW,02,RL,0117S 03019E,
RWRUB,Rubengera,Rubengera,RW,,RL,,
RWRW4,Rwamagana,Rwamagana,RW,02,RL,0157N 03026E,
SAAHA,Al Hada,Al Hada,SA,,QQ,,
SAALK,Al Khobar,Al Khobar,SA,,RL,,
SAAMU,Al Muajjiz,Al Muajjiz,SA,,RL,2328N 03823E,
SAAQK,Al Khobar,Al Khobar,SA,04,RL,2617N 05012E,
SABUR,Buraydah,Buraydah,SA,5,AS,2619N 04358E,
SADHA,Dhahran,Dhahran,SA,,AI,,
SADHU,Port of NEOM,Port of NEOM,SA,,AA,2734N 03433E,
SADMM,Ad Dammam,Ad Dammam,SA,04,RL,2630N 05012E,
SAEJH,Wedjh,Wedjh,SA,,AI,,
SAGIZ,Jizan,Jizan,SA,,AI,1654N 04230E,
SAJBI,Al Jubayl Industrial City,Al Jubayl Industrial City,SA,,RL,2705N 04942E,
SAJEC,Jazan Economic City,Jazan Economic City,SA,09,AM,1717N 04220E,
SAJED,Jeddah,Jeddah,SA,02,AI,2128N 03910E,
SAJUB,Jubail,Jubail,SA,,QQ,2701N 04940E,
SAJUT,Juaymah Terminal,Juaymah Terminal,SA,,RL,2655N 05001E,
SAJYC,Jeddah Yachts Club Port,Jeddah Yachts Club Port,SA,02,AA,2139N 03906E,
SAKAC,King Abdullah City,King Abdullah City,SA,02,RL,2224N 03905E,
SAKHU,Al Khuraibah,Al Khuraibah,SA,07,RL,2803N 03510E,
SALIT,Lith,Lith,SA,,QQ,,
SAMAK,Makkah,Makkah,SA,,QQ,,
SAMAN,Manailih,Manailih,SA,,QQ,,
SAMUF,Manfouha,Manfouha,SA,,QQ,,
SANEO,Neom,Neom,SA,14,,2734N 03533E,
SAQAH,Al Qahmah,Al Qahmah,SA,09,RL,1801N 04140E,
SAQAL,Qalsn,Qalsn,SA,,QQ,,
SAQUN,Al Qunfudah,Al Qunfudah,SA,09,RL,1907N 04104E,
SAQUR,Qurayyah,Qurayyah,SA,,QQ,,
SARAB,Rabigh,Rabigh,SA,,QQ,,
SARAM,Ras al Mishab,Ras al Mishab,SA,,QQ,,
SARAR,Ras al Khafji,Ras al Khafji,SA,,QQ,,
SARAZ,Ras Al-Khair,Ras Al-Khair,SA,04,RL,2733N 04912E,
SARTA,Ras Tanura,Ras Tanura,SA,,QQ,2638N 05009E,
SASHU,Shuaibah,Shuaibah,SA,,RL,2041N 03931E,
SASUH,Salboukh,Salboukh,SA,,QQ,,
SAVLA,Umm Lajj,Umm Lajj,SA,,RL,2501N 03716E,
SAYBI,Yanbu Industrial City,Yanbu Industrial City,SA,03,RL,2356N 03815E,
SAYNB,Yanbu commercial city,Yanbu commercial city,SA,03,AI,2404N 03803E,
SAZUY,Zulayfayn,Zulayfayn,SA,,QQ,,
SBAKS,"Auki, Malaita Is","Auki, Malaita Is",SB,,AI,,
SBALB,"Allardyce Harbour, Sta Isabel Is","Allardyce Harbour, Sta Isabel Is",SB,,QQ,,
SBAOB,Aola Bay,Aola Bay,SB,,RL,,
SBCHY,Choiseul Bay,Choiseul Bay,SB,,AI,0642S 15626E,
SBGZO,Gizo,Gizo,SB,,AI,0806S 15651E,
SBHIR,"Honiara, Guadalcanal Is","Honiara, Guadalcanal Is",SB,,AI,,
SBIRA,"Kirakira, San Cristobal Is","Kirakira, San Cristobal Is",SB,,AI,,
SBLAT,Lata,Lata,SB,TE,AM,1043S 16548E,
SBLEV,Lever Harbour,Lever Harbour,SB,,RL,0801S 15736E,
SBLOF,Lofung,Lofung,SB,,RL,,
SBNEM,Nemba,Nemba,SB,,RL,1046S 16542E,
SBNOR,"Noro, New Georgia","Noro, New Georgia",SB,,AC,,
SBRIN,"Ringgi Cove, Kolombangara","Ringgi Cove, Kolombangara",SB,,AI,0807S 15707E,
SBRUS,"Marau Sound, Guadalcanal Is","Marau Sound, Guadalcanal Is",SB,,AI,,
SBSCZ,Santa Cruz Is,Santa Cruz Is,SB,,AI,,
SBSHH,Shortland Harbour,Shortland Harbour,SB,,AC,0705S 15552E,
SBTLG,"Tulagi, Ngella","Tulagi, Ngella",SB,,AI,,
SBVIU,Viru Harbour,Viru Harbour,SB,,AI,,
SBXYA,"Yandina, Russell Island","Yandina, Russell Island",SB,,AI,0907S 15913E,
SCMAW,Mahe,Mahe,SC,,QQ,,
SCPOV,Port Victoria,Port Victoria,SC,,QQ,,
SCVIC,Victoria,Victoria,SC,22,RL,0437S 05527E,
SDMBH,Marsa Bashayer,Marsa Bashayer,SD,,RL,1923N 03718E,
SDPZU,Port Sudan,Port Sudan,SD,RS,AI,,
SDSWA,Swakin,Swakin,SD,,AC,,
SEAAR,Ar,Ar,SE,I,AF,,
SEADG,Arildsläge,Arildslage,SE,M,RL,,
SEAGB,Agnesberg,Agnesberg,SE,O,RL,5747N 01159E,
SEAGE,Ånge,Ange,SE,Y,RL,6231N 01537E,
SEAGN,Älvängen,Alvangen,SE,O,RL,5757N 01207E,
SEAHU,Åhus,Ahus,SE,M,AA,5555N 01417E,
SEALA,Ala,Ala,SE,X,AA,6113N 01709E,
SEALF,Alfredshem,Alfredshem,SE,Y,AF,,
SEALN,Älvenäs,Alvenas,SE,S,AA,5923N 01311E,
SEAMA,Åmål,Amal,SE,O,AA,5903N 01242E,
SEANK,Ankarsvik,Ankarsvik,SE,C,AF,,
SEANN,Ånn,Ann,SE,Z,RL,6319N 01232E,
SEARA,Arboga,Arboga,SE,U,RL,5923N 01551E,
SEARB,Arbrå,Arbra,SE,X,AF,,
SEARK,Arnöviken,Arnoviken,SE,C,AF,,
SEARV,Arvika,Arvika,SE,S,AI,,
SEASD,Askersund,Askersund,SE,T,RL,,
SEASU,Arkösund,Arkosund,SE,E,RL,,
SEBAA,Bålsta,Balsta,SE,C,AA,5935N 01730E,
SEBAC,Bäckviken,Backviken,SE,M,AI,,
SEBAS,Båstad,Bastad,SE,M,AI,,
SEBAT,Båtskärsnäs,Batskarsnas,SE,BD,AF,,
SEBBH,Barsebäckshamn,Barsebackshamn,SE,M,AA,5545N 01254E,
SEBDQ,Böda,Boda,SE,H,AI,,
SEBEA,Bergkvara,Bergkvara,SE,H,AA,5623N 01605E,
SEBER,Bergs oljehamn,Bergs oljehamn,SE,AB,AA,5919N 01810E,
SEBGA,Berga Örlogsskolor,Berga Orlogsskolor,SE,,AA,5905N 01809E,
SEBJR,Bjärred,Bjarred,SE,M,RL,5543N 01301E,
SEBLA,Blankaholm,Blankaholm,SE,H,AF,,
SEBLD,Bovallstrand,Bovallstrand,SE,O,RL,,
SEBOG,Borensberg,Borensberg,SE,E,RL,,
SEBOH,Bohus,Bohus,SE,O,AA,5751N 01200E,
SEBOL,Bollstabruk,Bollstabruk,SE,Y,AA,6300N 01741E,
SEBOM,Borgholm,Borgholm,SE,H,AI,,
SEBRE,Bredviken,Bredviken,SE,,AF,,
SEBRO,Brofjorden,Brofjorden,SE,O,AA,5821N 01123E,
SEBRT,Brottby,Brottby,SE,AB,AF,,
SEBRU,Brunflo,Brunflo,SE,Z,RL,6305N 01449E,
SEBTF,Bengtsfors,Bengtsfors,SE,O,RN,,
SEBUR,Bureå,Burea,SE,AC,AF,,
SEBUV,Burgsvik,Burgsvik,SE,I,AI,,
SEBVK,Bråviken,Braviken,SE,E,AA,5838N 01632E,
SEBYX,Byxelkrok,Byxelkrok,SE,H,AI,,
SEDEG,Degerhamn,Degerhamn,SE,H,AA,,
SEDJN,Djurön,Djuron,SE,E,AA,5838N 01621E,
SEDJP,Djupvik,Djupvik,SE,O,RL,,
SEDJU,Djurmo,Djurmo,SE,W,AF,,
SEDLA,Dalarö,Dalaro,SE,AB,RL,,
SEDOM,Domsjö,Domsjo,SE,Y,AI,,
SEDON,Donsö,Donso,SE,O,AI,,
SEDRT,Drottningholm,Drottningholm,SE,AB,AA,5919N 01753E,
SEDYN,Dynäs,Dynas,SE,Y,AF,,
SEELL,Elleholm,Elleholm,SE,K,AA,5610N 01445E,
SEELO,Ellös,Ellos,SE,O,AA,5811N 01128E,
SEENK,Enköping,Enkoping,SE,C,AA,5940N 01706E,
SEESS,Essvik,Essvik,SE,Y,AF,6218N 01723E,
SEFAG,Falkenberg,Falkenberg,SE,N,AA,5653N 01230E,
SEFAK,Fagervik,Fagervik,SE,X,AI,,
SEFAR,Färjestaden,Farjestaden,SE,H,RL,5639N 01627E,
SEFBK,Fiskebäckskil,Fiskebackskil,SE,O,RL,,
SEFIG,Figeholm,Figeholm,SE,H,AF,,
SEFIL,Filipstad,Filipstad,SE,S,RL,,
SEFIS,Fiskebäck,Fiskeback,SE,O,AI,,
SEFJA,Fjällbacka,Fjallbacka,SE,O,AI,,
SEFKG,Falköping,Falkoping,SE,O,RL,,
SEFLI,Flivik,Flivik,SE,H,RL,5733N 01635E,
SEFOR,Forsmark,Forsmark,SE,C,AA,6022N 01809E,
SEFRA,Frånö,Frano,SE,Y,AF,,
SEFSB,Falsterbo,Falsterbo,SE,M,RL,,
SEFSD,Fårösund,Farosund,SE,I,AI,,
SEGAM,Gamleby,Gamleby,SE,H,AA,5754N 01624E,
SEGKS,Gustavsvik/Stockholm,Gustavsvik/Stockholm,SE,AB,AF,5919N 01818E,
SEGKV,Grankullavik,Grankullavik,SE,H,AI,5720N 01706E,
SEGLM,Glommen,Glommen,SE,N,AA,5656N 01221E,
SEGNR,Grönö,Grono,SE,C,AA,6031N 01744E,
SEGOA,Göta,Gota,SE,O,AA,5807N 01208E,
SEGOR,Gorsingeholm,Gorsingeholm,SE,D,AA,5921N 01703E,
SEGOT,Göteborg,Goteborg,SE,O,AA,5743N 01158E,
SEGRD,Grundsund,Grundsund,SE,O,AI,,
SEGRE,Grebbestad,Grebbestad,SE,O,AI,,
SEGRH,Grisslehamn,Grisslehamn,SE,AB,AA,6006N 01850E,
SEGRU,Gruvön,Gruvon,SE,S,AA,5920N 01307E,
SEGUB,Gustavsberg,Gustavsberg,SE,AB,AI,,
SEGUN,Gunnebo,Gunnebo,SE,E,AI,,
SEGUS,Gustavsvik,Gustavsvik,SE,Y,AA,6250N 01753E,
SEGVN,Gravarne,Gravarne,SE,O,RL,,
SEGVX,Gävle,Gavle,SE,X,AA,6040N 01710E,
SEHAA,Haparanda,Haparanda,SE,BD,AF,,
SEHAC,Hackås,Hackas,SE,Z,RL,6255N 01431E,
SEHAD,Halmstad,Halmstad,SE,N,AA,5640N 01251E,
SEHAH,Haraholmen,Haraholmen,SE,BD,AA,6514N 02139E,
SEHAK,Hallstavik,Hallstavik,SE,AB,AA,6003N 01836E,
SEHAN,Hargshamn,Hargshamn,SE,C,AA,6010N 01828E,
SEHAS,Hallstanäs,Hallstanas,SE,Y,AF,,
SEHBG,Hamburgsund,Hamburgsund,SE,O,RL,,
SEHBV,Hässelbyverket/Stockholm,Hasselbyverket/Stockholm,SE,AB,AA,5921N 01729E,
SEHEL,Helsingborg,Helsingborg,SE,M,AI,,
SEHER,Herräng,Herrang,SE,AB,AF,,
SEHGS,Högsjö,Hogsjo,SE,Y,RL,,
SEHLD,Holmsund,Holmsund,SE,AC,AA,,
SEHLS,Hällekis,Hallekis,SE,O,RL,,
SEHMR,Hammar,Hammar,SE,T,RL,5849N 01457E,
SEHNB,Hörneborg,Horneborg,SE,,AF,,
SEHND,Härnösand,Harnosand,SE,Y,AA,6238N 01756E,
SEHNF,Hörnefors,Hornefors,SE,AC,AA,6338N 01954E,
SEHOG,Höganäs,Hoganas,SE,M,AA,5612N 01233E,
SEHON,Hönsäter,Honsater,SE,O,AA,5838N 01325E,
SEHST,Heestrand,Heestrand,SE,O,RL,5831N 01117E,
SEHUN,Hunnebostrand,Hunnebostrand,SE,O,AI,,
SEHUS,Husum,Husum,SE,Y,AA,6320N 01910E,
SEHUV,Hudiksvall,Hudiksvall,SE,X,AA,6144N 01706E,
SEHYP,Hyppeln,Hyppeln,SE,O,AI,,
SEIGG,Iggesund,Iggesund,SE,X,AA,6138N 01704E,
SEJAR,Järfälla,Jarfalla,SE,AB,AF,5924N 01752E,
SEJAT,Jättersön,Jatterson,SE,H,AI,,
SEJKG,Jönköping,Jonkoping,SE,F,AI,,
SEJNA,Jörlanda,Jorlanda,SE,O,RL,5759N 01149E,
SEJOH,Johannedal,Johannedal,SE,,AF,,
SEKAA,Karlskrona,Karlskrona,SE,K,AA,5610N 01535E,
SEKAF,Strå,Stra,SE,I,AA,5753N 01901E,
SEKAG,Kåge,Kage,SE,AC,AF,,
SEKAK,Karlsvik,Karlsvik,SE,X,AF,,
SEKAL,Kalmarsand,Kalmarsand,SE,C,AA,5933N 01733E,
SEKAN,Karlshamn,Karlshamn,SE,K,AA,5610N 01451E,
SEKAS,Karskär,Karskar,SE,X,AA,6041N 01716E,
SEKAT,Katthammarsvik,Katthammarsvik,SE,I,AI,,
SEKAX,Kalix,Kalix,SE,BD,AF,,
SEKBK,Karlholmsbruk,Karlholmsbruk,SE,C,AA,6031N 01737E,
SEKGG,Kagghamra,Kagghamra,SE,,AA,5905N 01747E,
SEKGM,Klagshamn,Klagshamn,SE,M,RL,5532N 01255E,
SEKGR,Kungsör,Kungsor,SE,U,AI,5926N 01606E,
SEKHN,Kristinehamn,Kristinehamn,SE,S,AA,5920N 01407E,
SEKID,Kristianstad,Kristianstad,SE,M,AI,,
SEKKS,Kyrkesund,Kyrkesund,SE,O,RL,5801N 01131E,
SEKLA,Klavreström,Klavrestrom,SE,G,RL,5708N 01508E,
SEKLD,Klädesholmen,Kladesholmen,SE,O,RL,5757N 01132E,
SEKLI,Klintehamn,Klintehamn,SE,I,AA,5724N 01812E,
SEKLR,Kalmar,Kalmar,SE,H,AA,5640N 01622E,
SEKMH,Köpmanholmen,Kopmanholmen,SE,Y,AA,6310N 01834E,
SEKOG,Köping,Koping,SE,U,AA,5931N 01559E,
SEKPH,Kappelshamn,Kappelshamn,SE,I,AA,5751N 01847E,
SEKPS,Kapellskär,Kapellskar,SE,AB,AA,5943N 01904E,
SEKRF,Kramfors,Kramfors,SE,Y,AA,6256N 01747E,
SEKRH,Kårehamn,Karehamn,SE,H,AI,5657N 01654E,
SEKSD,Karlstad,Karlstad,SE,S,AA,5922N 01330E,
SEKUA,Kungsbacka,Kungsbacka,SE,N,RL,5729N 01205E,
SEKUB,Kubikenborg,Kubikenborg,SE,X,AA,,
SEKUN,Kungshamn,Kungshamn,SE,O,AA,5821N 01115E,
SEKUV,Kungälv,Kungalv,SE,O,RL,,
SEKVA,Kvarnholmen,Kvarnholmen,SE,AB,AI,,
SEKVH,Kopparverkshamnen,Kopparverkshamnen,SE,M,AI,,
SEKVK,Kalvik,Kalvik,SE,O,AA,5904N 01111E,
SEKXV,Karlsborg Axelvik,Karlsborg Axelvik,SE,BD,AA,6548N 02317E,
SEKYR,Kyrkebyn,Kyrkebyn,SE,S,AF,,
SELAA,Landskrona,Landskrona,SE,M,AA,5552N 01250E,
SELAV,Landvetter,Landvetter,SE,O,RL,5741N 01212E,
SELDK,Lidköping,Lidkoping,SE,O,AA,5830N 01330E,
SELDO,Lödöse,Lodose,SE,O,AA,5802N 01208E,
SELED,Lilla Edet,Lilla Edet,SE,O,AA,5808N 01208E,
SELIM,Limhamn,Limhamn,SE,M,AA,5535N 01257E,
SELIO,Lidingö,Lidingo,SE,AB,AF,,
SELIS,Linanäs,Linanas,SE,AB,AF,5946N 01908E,
SELJP,Ljungsarp,Ljungsarp,SE,O,RL,5734N 01335E,
SELJU,Ljusne,Ljusne,SE,X,AA,6113N 01708E,
SELLA,Luleå,Lulea,SE,BD,AA,6535N 02209E,
SELOD,Löddeköpinge,Loddekopinge,SE,M,RL,5546N 01301E,
SELOM,Lomma,Lomma,SE,M,AI,,
SELOT,Löten,Loten,SE,,AA,5925N 01735E,
SELOU,Loudden/Stockholm,Loudden/Stockholm,SE,AB,RL,,
SELUG,Lugnvik,Lugnvik,SE,Y,AA,6317N 01844E,
SELUN,Lövholmen,Lovholmen,SE,BD,AF,,
SELVR,Lövånger,Lovanger,SE,AC,AF,,
SELYS,Lysekil,Lysekil,SE,O,AA,5817N 01126E,
SEMAD,Mariestad,Mariestad,SE,O,AA,5842N 01349E,
SEMAN,Marsviken,Marsviken,SE,D,AI,,
SEMAR,Marieberg,Marieberg,SE,,AA,,
SEMAV,Marviken,Marviken,SE,E,RL,5833N 01650E,
SEMDM,Munkedalshamn,Munkedalshamn,SE,O,RL,,
SEMEM,Mem,Mem,SE,E,RL,,
SEMLE,Mölle,Molle,SE,M,RL,5617N 01230E,
SEMLO,Mollösund,Mollosund,SE,O,RL,,
SEMMA,Malmö,Malmo,SE,M,AA,5536N 01300E,
SEMON,Mönsterås,Monsteras,SE,H,AA,5702N 01626E,
SEMOO,Mo,Mo,SE,Y,AF,,
SEMOR,Mörbylånga,Morbylanga,SE,H,AA,5631N 01623E,
SEMRF,Mariefred,Mariefred,SE,D,RL,,
SEMSD,Marstrand,Marstrand,SE,O,AA,5753N 01335E,
SEMSK,Muskö,Musko,SE,AB,AA,5858N 01807E,
SEMUN,Munksund,Munksund,SE,BD,AF,,
SENAS,Näs,Nas,SE,W,AF,,
SENAV,Nävekvarn,Navekvarn,SE,D,AF,,
SENHN,Nyhamn,Nyhamn,SE,X,AF,,
SENJA,Norrbottens Järnverk-SSAB,Norrbottens Jarnverk-SSAB,SE,BD,AI,,
SENOE,Norrtälje,Norrtalje,SE,AB,AA,5945N 01843E,
SENOG,Nordmaling,Nordmaling,SE,AC,AI,6340N 01925E,
SENOL,Nol (ports),Nol (ports),SE,O,AA,5755N 01204E,
SENOR,Norrbyskär,Norrbyskar,SE,Y,AF,,
SENOT,Norrsundet,Norrsundet,SE,X,AA,6057N 01708E,
SENRK,Norrköping,Norrkoping,SE,E,AA,5836N 01611E,
SENRR,Norvik,Norvik,SE,AB,AA,5856N 01758E,
SENST,Noraström,Norastrom,SE,Y,RL,6252N 01802E,
SENYN,Nynäshamn,Nynashamn,SE,AB,AA,5854N 01757E,
SENYO,Nyköping,Nykoping,SE,D,AA,5855N 01710E,
SEOAX,Oaxen,Oaxen,SE,D,AF,,
SEOBB,Obbola,Obbola,SE,AC,AI,,
SEOCO,Öckerö,Ockero,SE,O,AI,,
SEOEN,Ön,On,SE,C,AA,5928N 01723E,
SEOER,Örnsköldsvik,Ornskoldsvik,SE,Y,AA,6318N 01843E,
SEOGR,Öregrund,Oregrund,SE,C,AI,,
SEORT,Ortviken,Ortviken,SE,Y,AA,6223N 01721E,
SEORV,Örviken,Orviken,SE,AC,AF,,
SEOSK,Oskarshamn,Oskarshamn,SE,H,AA,5716N 01626E,
SEOST,Östrand,Ostrand,SE,X,AA,6228N 01719E,
SEOTT,Otterbäcken,Otterbacken,SE,O,AA,5857N 01402E,
SEOXE,Oxelösund,Oxelosund,SE,D,AA,5840N 01706E,
SEPAS,Påskallavik,Paskallavik,SE,H,AF,,
SEPHM,Pataholm,Pataholm,SE,H,RL,5655N 01625E,
SEPIT,Piteå,Pitea,SE,BD,AA,6520N 02130E,
SERAA,Råå,Raa,SE,M,AF,,
SERAM,Ramvik,Ramvik,SE,Y,AF,,
SERBY,Ronnebyhamn,Ronnebyhamn,SE,K,AA,5611N 01518E,
SERIN,Ringhals,Ringhals,SE,N,AA,5715N 01205E,
SERNB,Ronneby,Ronneby,SE,K,AA,5612N 01518E,
SERNG,Rönnäng,Ronnang,SE,O,AA,5756N 01135E,
SERNH,Ronehamn,Ronehamn,SE,I,AA,5710N 01829E,
SEROR,Rönnskär,Ronnskar,SE,X,AF,,
SEROV,Rönnskärsverken,Ronnskarsverken,SE,X,AF,,
SERUV,Rundvik,Rundvik,SE,AC,AA,6332N 01926E,
SESAE,Sandarne,Sandarne,SE,X,AI,,
SESAF,Säffle,Saffle,SE,S,AI,5908N 01255E,
SESAK,Sandvik,Sandvik,SE,,AI,,
SESBB,Saltsjö-Boo,Saltsjo-Boo,SE,AB,AF,,
SESBN,Saltsjöbaden,Saltsjobaden,SE,D,AF,,
SESDK,Sundsbruk,Sundsbruk,SE,Y,RL,6227N 01721E,
SESDL,Sundsvall,Sundsvall,SE,Y,AA,6223N 01718E,
SESDS,Studsvik,Studsvik,SE,D,AA,5846N 01723E,
SESEA,Svedala,Svedala,SE,M,AA,,
SESES,Seskarö,Seskaro,SE,BD,AF,,
SESFT,Skellefteå,Skelleftea,SE,AC,AA,6446N 02057E,
SESGM,Skagshamn,Skagshamn,SE,Y,AA,6313N 01901E,
SESGT,Sigtuna,Sigtuna,SE,AB,RL,5937N 01743E,
SESIK,Sikeå,Sikea,SE,AC,AF,,
SESIM,Simrishamn,Simrishamn,SE,M,AA,5533N 01420E,
SESKB,Skärblacka,Skarblacka,SE,E,AF,,
SESKE,Skelleftehamn,Skelleftehamn,SE,AC,AA,6441N 02114E,
SESKL,Skalhamn,Skalhamn,SE,O,AI,,
SESKM,Skärhamn,Skarhamn,SE,O,AA,5759N 01133E,
SESKN,Skuthamn,Skuthamn,SE,BD,AF,,
SESKO,Skoghall,Skoghall,SE,S,AA,5920N 01326E,
SESKR,Skredsvik,Skredsvik,SE,O,RL,,
SESKT,Skattkärr,Skattkarr,SE,S,AA,5925N 01338E,
SESLI,Slite,Slite,SE,I,AA,5743N 01848E,
SESMD,Strömstad,Stromstad,SE,O,AA,5856N 01111E,
SESMN,Storuman,Storuman,SE,AC,RL,6506N 01706E,
SESMO,Smögen,Smogen,SE,O,RL,,
SESMS,Salmis,Salmis,SE,BD,RL,,
SESND,Svanesund,Svanesund,SE,O,RL,5808N 01150E,
SESNR,Skanör,Skanor,SE,M,RL,5525N 01251E,
SESOE,Södertälje,Sodertalje,SE,AB,AA,5912N 01737E,
SESOG,Söderköping,Soderkoping,SE,E,AF,,
SESOL,Sölvesborg,Solvesborg,SE,K,AA,5603N 01433E,
SESOO,Söderhamn,Soderhamn,SE,X,AI,,
SESOR,Söråker,Soraker,SE,Y,AA,6230N 01730E,
SESPP,Simpevarp,Simpevarp,SE,H,AA,5725N 01640E,
SESPR,Sprängsviken,Sprangsviken,SE,Y,AF,,
SESSR,Skutskär,Skutskar,SE,C,AA,6038N 01725E,
SESTA,Stocka,Stocka,SE,X,AA,6153N 01720E,
SESTE,Stenungsund,Stenungsund,SE,O,AA,5845N 01149E,
SESTG,Stigtomta,Stigtomta,SE,D,RL,5848N 01647E,
SESTJ,Stavsjö,Stavsjo,SE,G,RL,5650N 01348E,
SESTK,Stockviksverken,Stockviksverken,SE,Y,AA,6220N 01721E,
SESTL,Saltkällan,Saltkallan,SE,O,RL,,
SESTO,Stockholm,Stockholm,SE,AB,AA,5920N 01803E,
SESTQ,Strängnäs,Strangnas,SE,D,AA,5923N 01702E,
SESTR,"Sandvik, Styrsö","Sandvik, Styrso",SE,O,RL,5737N 01146E,
SESTU,Stugsund,Stugsund,SE,X,AA,6118N 01703E,
SESTV,Stora Vika,Stora Vika,SE,AB,AF,5856N 01748E,
SESUD,Stocksund,Stocksund,SE,AB,AF,,
SESUG,Sundbyberg,Sundbyberg,SE,AB,AF,,
SESUN,Sund,Sund,SE,,AF,,
SESUR,Surte,Surte,SE,O,AA,5749N 01201E,
SESUS,Storugns,Storugns,SE,I,AA,5745N 01849E,
SESVK,Svartvik,Svartvik,SE,X,AF,,
SESVX,Svanö,Svano,SE,Y,AF,,
SETHN,Trollhättan,Trollhattan,SE,O,AA,5816N 01218E,
SETOA,Torshälla,Torshalla,SE,D,AI,5925N 01627E,
SETOE,Töre,Tore,SE,BD,AA,6554N 02239E,
SETOV,Torekov,Torekov,SE,M,AI,,
SETRG,Trelleborg,Trelleborg,SE,M,AA,5522N 01310E,
SETSL,Träslövsläge,Traslovslage,SE,N,AA,5703N 01216E,
SETTD,Tomtbod,Tomtbod,SE,I,RL,5711N 01832E,
SETUN,Tunadal,Tunadal,SE,Y,AA,6224N 01722E,
SEUDD,Uddevalla,Uddevalla,SE,O,AA,5822N 01156E,
SEUGN,Ulebergshamn,Ulebergshamn,SE,O,RL,,
SEULF,Ulfvik,Ulfvik,SE,,AF,,
SEUME,Umeå,Umea,SE,AC,AI,6350N 02015E,
SEUND,Underås,Underas,SE,AB,AA,5916N 01732E,
SEUPP,Uppsala,Uppsala,SE,C,AI,5952N 01738E,
SEURS,Ursviken,Ursviken,SE,AC,AF,,
SEUTA,Utansjö,Utansjo,SE,Y,AA,,
SEVAA,Vålberg,Valberg,SE,S,AA,5924N 01310E,
SEVAG,Varberg,Varberg,SE,N,AA,,
SEVAJ,Väja,Vaja,SE,Y,AI,,
SEVAK,Valdemarsvik,Valdemarsvik,SE,E,AI,,
SEVAL,Vallvik,Vallvik,SE,X,AA,6111N 01711E,
SEVAN,Vänersborg,Vanersborg,SE,O,AA,5822N 01219E,
SEVBY,Visby,Visby,SE,I,AA,5738N 01818E,
SEVER,Verkebäck,Verkeback,SE,H,AI,,
SEVGN,Vargön,Vargon,SE,O,AA,5822N 01222E,
SEVGO,Vrångö,Vrango,SE,O,RL,5734N 01147E,
SEVIV,Vivstavarv,Vivstavarv,SE,X,AI,,
SEVRB,Vårby,Varby,SE,AB,AA,5915N 01752E,
SEVST,Västerås,Vasteras,SE,U,AA,5937N 01633E,
SEVVK,Västervik,Vastervik,SE,H,AA,5745N 01638E,
SEVXH,Vaxholm,Vaxholm,SE,AB,RL,5924N 01820E,
SEWAL,Wallhamn,Wallhamn,SE,O,AA,5801N 01142E,
SEYST,Ystad,Ystad,SE,M,AA,5525N 01349E,
SGAYC,Pulau Ayer Chawan,Pulau Ayer Chawan,SG,05,AS,0116N 10342E,
SGCHG,Changi,Changi,SG,04,AS,0121N 10359E,
SGJUR,Jurong,Jurong,SG,05,AS,0120N 10342E,
SGKEP,Keppel,Keppel,SG,01,AS,0116N 10350E,
SGPAP,Pasir Panjang,Pasir Panjang,SG,05,AS,0116N 10347E,
SGPPT,PASIR PANJANG Terminal,PASIR PANJANG Terminal,SG,05,RL,0117N 10346E,
SGPUB,Pulau Bukom,Pulau Bukom,SG,05,AS,0114N 10346E,
SGSCT,Singapore Container Terminal,Singapore Container Terminal,SG,,QQ,,
SGSEB,Pulau Sebarok,Pulau Sebarok,SG,05,AS,0112N 10348E,
SGSEM,Sembawang,Sembawang,SG,03,AS,0127N 10349E,
SGSIN,Singapore,Singapore,SG,,AI,0117N 10351E,
SGSLT,Seletar,Seletar,SG,01,AS,0124N 10352E,
SGTPG,Tanjong Pagar,Tanjong Pagar,SG,01,AS,0116N 10351E,
SGTPN,Tanjong Penjuru,Tanjong Penjuru,SG,05,AS,0119N 10344E,
SGTUA,Tuas,Tuas,SG,05,AS,0119N 10339E,
SHASC,Ascension,Ascension,SH,,RL,0757S 01421W,
SHASI,Georgetown,Georgetown,SH,,AI,,
SHRPT,Rupert's Bay,Rupert's Bay,SH,HL,AA,1555S 00542W,
SHSHN,Jamestown,Jamestown,SH,,QQ,,
SHTDC,Tristan da Cunha,Tristan da Cunha,SH,,AI,,
SIDBO,Dobrovo,Dobrovo,SI,007,RL,4559N 13315E,
SIIZO,Izola,Izola,SI,,RL,,
SIJAR,Jarenina,Jarenina,SI,001,RL,,
SIJCE,Jesenice,Jesenice,SI,041,RL,4625N 01404E,
SIKOP,Koper,Koper,SI,,RL,,
SILU6,Trojane,Trojane,SI,068,RL,4611N 01452E,
SIPIR,Piran,Piran,SI,,RL,,
SIPOW,Portoroz,Portoroz,SI,,AI,,
SIROG,Rogasovci,Rogasovci,SI,105,RL,4648N 01602E,
SIS8L,Selca,Selca,SI,146,RL,4613N 01412E,
SISEC,Secovlje,Secovlje,SI,090,RL,4528N 01337E,
SISLV,Lukovica pri Domzalah,Lukovica pri Domzalah,SI,,RL,4610N 14420W,
SISML,Mala Nedelja,Mala Nedelja,SI,063,RL,4631N 01603E,
SITOL,Tolmin,Tolmin,SI,128,RL,4610N 01343E,
SIVB9,Vremski Britof,Vremski Britof,SI,019,RL,4539N 01401E,
SIVOJ,Vojnik,Vojnik,SI,139,RL,4617N 01518E,
SIVRA,Vransko,Vransko,SI,190,RL,4614N 01457E,
SIVUH,Vuhred,Vuhred,SI,101,RL,4635N 01514E,
SIXZA,Zgornji Jakobski Dol,Zgornji Jakobski Dol,SI,089,RL,4638N 01545E,
SIZ35,Zgornji Leskovec,Zgornji Leskovec,SI,135,RL,4619N 01556E,
SIZ42,Zagorje ob Savi,Zagorje ob Savi,SI,142,RL,4608N 01500E,
SIZ95,Zgornje Jezersko,Zgornje Jezersko,SI,095,RL,4623N 01428E,
SIZAB,Zabnica,Zabnica,SI,052,RL,4611N 01419E,
SIZAG,Zagradec,Zagradec,SI,039,RL,4551N 01450E,
SIZAV,Zavrc,Zavrc,SI,028,RL,4623N 01602E,
SIZBU,Zabukovje nad Sevnico,Zabukovje nad Sevnico,SI,110,RL,4603N 01522E,
SIZDO,Zdole,Zdole,SI,054,RL,4558N 01532E,
SIZET,Zetale,Zetale,SI,069,RL,4616N 01547E,
SIZGB,Zgornja Besnica,Zgornja Besnica,SI,052,RL,4616N 01417E,
SIZGK,Zgornja Korena,Zgornja Korena,SI,026,RL,4631N 01545E,
SIZGL,Zgornja Loznica,Zgornja Loznica,SI,113,RL,4620N 01539E,
SIZGP,Zgornja Polskava,Zgornja Polskava,SI,113,RL,4625N 01536E,
SIZGV,Zgornja Velka,Zgornja Velka,SI,118,RL,4640N 01546E,
SIZID,Zidani Most,Zidani Most,SI,057,RL,4605N 01510E,
SIZIR,Zirovnica,Zirovnica,SI,041,RL,4624N 01408E,
SIZUZ,Zuzemberk,Zuzemberk,SI,085,RL,4550N 01455E,
SJBAR,Barentsburg,Barentsburg,SJ,,AA,7804N 01412E,
SJLYR,Longyearbyen,Longyearbyen,SJ,,AI,7813N 01538E,
SJNYA,Ny-Ålesund,Ny-Alesund,SJ,,AF,7856N 01157E,
SJSVE,Sveagruva,Sveagruva,SJ,,AA,7751N 01639E,
SKBAB,Bratislava Port,Bratislava Port,SK,BL,AF,,
SKBCK,Beckov,Beckov,SK,TA,RL,,
SKDF4,Spisský Stiavnik,Spissky Stiavnik,SK,PV,RL,4900N 02022E,
SKDVO,Dvorniky,Dvorniky,SK,KI,RL,4836N 02050E,
SKDXZ,Valaska,Valaska,SK,BC,RL,4849N 01935E,
SKFD3,Krásno,Krasno,SK,TC,RL,4836N 01819E,
SKGLT,Galanta,Galanta,SK,TA,RL,4812N 01743E,
SKHIL,Mojmírovce,Mojmirovce,SK,NI,RL,4813N 01804E,
SKK87,Sady nad Torysou,Sady nad Torysou,SK,KI,RL,4842N 02120E,
SKKAO,Kolárovo,Kolarovo,SK,NI,RL,4754N 01759E,
SKKNP,Komarno Port,Komarno Port,SK,NI,AF,,
SKKVE,Kvetoslavov,Kvetoslavov,SK,TA,RL,4803N 01721E,
SKMAT,Martovce,Martovce,SK,,RL,4751N 01807E,
SKMOD,Modra,Modra,SK,,RL,4820N 01719E,
SKPLB,Praha,Praha,SK,BC,RL,4822N 01931E,
SKPOP,Poprad,Poprad,SK,PV,RL,4903N 02018E,
SKSLK,Siladice,Siladice,SK,TA,RL,4822N 01745E,
SKTBE,Trencianske Bohuslavice,Trencianske Bohuslavice,SK,TC,RL,,
SKTEP,Teplicka nad Vahom,Teplicka nad Vahom,SK,ZI,RL,4914N 01848E,
SKTLM,Tlmace,Tlmace,SK,,RL,4817N 01832E,
SKTNA,Trnava,Trnava,SK,TA,RL,4822N 01735E,
SKTUT,Turcianske Teplice,Turcianske Teplice,SK,ZI,RL,4852N 01852E,
SKVZK,Vel'ké Zlievce,Vel'ke Zlievce,SK,BC,RL,4812N 01927E,
SKXCV,Malá Trna,Mala Trna,SK,KI,RL,4827N 02141E,
SKXXX,RIS Inland waterways,RIS Inland waterways,SK,,AI,,
SKZIA,Ziar nad Hronom,Ziar nad Hronom,SK,,RL,4835N 01852E,
SLBTE,Bonthe,Bonthe,SL,,AI,,
SLFNA,Freetown,Freetown,SL,,AI,,
SLKSY,Kissy,Kissy,SL,W,AM,0828N 01311W,
SLNIT,Nitti,Nitti,SL,,QQ,,
SLPEP,Pepel,Pepel,SL,,QQ,,
SLSBO,Sherbro,Sherbro,SL,,QQ,,
SMAQ8,Gualdicciolo,Gualdicciolo,SM,01,RL,4357N 01224E,
SNDKR,Dakar,Dakar,SN,,AI,,
SNFOU,Foundiougne,Foundiougne,SN,,RL,,
SNKLC,Kaolack,Kaolack,SN,,AI,,
SNLYN,Lyndiane,Lyndiane,SN,,RL,,
SNMBA,M'bao Terminal,M'bao Terminal,SN,,RL,,
SNXLS,Saint Louis,Saint Louis,SN,SL,AI,1602N 01630W,
SNZIG,Ziguinchor,Ziguinchor,SN,,AI,,
SOBBO,Berbera,Berbera,SO,,AI,,
SOELM,El Maan,El Maan,SO,,RL,0210N 04536E,
SOGHR,Giohar,Giohar,SO,,RL,0246N 04531E,
SOGRC,Garacad,Garacad,SO,MU,RL,0656N 04919E,
SOKMU,Kismayu,Kismayu,SO,,AI,,
SOMER,Merca,Merca,SO,,QQ,,
SOMGQ,Mogadishu,Mogadishu,SO,,AI,,
SRABN,Albina,Albina,SR,,AI,,
SRAGI,Wageningen,Wageningen,SR,,AI,,
SRICK,Nieuw Nickerie,Nieuw Nickerie,SR,,AI,,
SRLLW,Lelydorp,Lelydorp,SR,WA,RL,0542N 05514W,
SRMOJ,Moengo,Moengo,SR,,AI,,
SRPBM,Paramaribo,Paramaribo,SR,,AI,,
SRPRM,Paranam,Paranam,SR,,AI,,
SRSMA,Smalkalden,Smalkalden,SR,,AI,,
STPCP,Principe,Principe,ST,,AI,,
STSAA,Santo Antonio,Santo Antonio,ST,,RL,,
STTMS,Sao Tome Island,Sao Tome Island,ST,,AI,,
SVAPO,Apopa,Apopa,SV,SS,RL,1348N 08910W,
SVAQJ,Acajutla,Acajutla,SV,,AI,,
SVBEL,Belfast,Belfast,SV,SM,RL,,
SVLLD,La Libertad,La Libertad,SV,LI,RL,1329N 08919W,
SVLUN,La Union,La Union,SV,,AI,,
SVMAN,El Manzanillo,El Manzanillo,SV,SM,RL,,
SVMIR,Miramar,Miramar,SV,AH,RL,,
SVNCU,Nuevo Cuscatlan,Nuevo Cuscatlan,SV,LI,RL,1338N 08915W,
SVNHZ,Nahuizalco,Nahuizalco,SV,SO,RL,,
SVSAL,San Salvador,San Salvador,SV,,AI,,
SVSSO,Armenia,Armenia,SV,SO,RL,1344N 08929E,
SVTUE,Moncagua,Moncagua,SV,AH,RL,,
SXGES,Gallis Bay,Gallis Bay,SX,,RL,1801N 06304W,
SXMAR,Marigot,Marigot,SX,,RL,1804N 06304W,
SXPHI,Philipsburg,Philipsburg,SX,,RL,1801N 06302W,
SXSXM,Sint-Maarten Apt,Sint-Maarten Apt,SX,,AI,1803N 06307W,
SYALD,Al Ladhiqiyah,Al Ladhiqiyah,SY,,RL,3531N 03547E,
SYARW,Arwad,Arwad,SY,TA,AI,3451N 03551E,
SYBAN,Baniyas,Baniyas,SY,TA,RL,3511N 03557E,
SYBEN,Banghazi,Banghazi,SY,,RL,3207N 02004E,
SYDAM,Damascus (Damas),Damascus (Damas),SY,,AI,,
SYLTK,Latakia,Latakia,SY,,AI,3531N 03547E,
SYTAO,Tartus Oil Terminal,Tartus Oil Terminal,SY,TA,RL,3458N 03553E,
SYTTS,Tartus,Tartus,SY,TA,RL,3454N 03554E,
SZ7DS,Sidvokodvo,Sidvokodvo,SZ,MA,RL,2637S 03127E,
SZMAL,Malkerns,Malkerns,SZ,LU,RL,2634S 03111E,
SZNHL,Nhlangano,Nhlangano,SZ,,RL,2707S 03112E,
TC9CB,Cockburn Harbour,Cockburn Harbour,TC,,RL,2129N 07132W,
TCGDT,Grand Turk Island,Grand Turk Island,TC,,AI,,
TCNCA,North Caicos,North Caicos,TC,,AI,,
TCPLS,Providenciales,Providenciales,TC,,RL,,
TCSLX,Salt Cay,Salt Cay,TC,,AI,,
TCXSC,South Caicos,South Caicos,TC,,AI,,
TFPFR,Port-aux-Français,Port-aux-Francais,TF,,AA,4920S 07013E,
TGANE,Aného,Aneho,TG,,RL,0614N 00136E,
TGKPE,Kpeme,Kpeme,TG,,QQ,,
TGLFW,Lome,Lome,TG,,AI,,
THBAI,Bangpoomai,Bangpoomai,TH,11,RL,1332N 10040E,
THBEN,Benchamas,Benchamas,TH,,RL,1031N 10119E,
THBKK,Bangkok,Bangkok,TH,10,AI,1345N 10031E,
THBMT,Bangkok Modern Terminals/Bangkok,Bangkok Modern Terminals/Bangkok,TH,,RL,1336N 10035E,
THBND,Ban Don,Ban Don,TH,84,AA,0911N 09922E,
THBNG,Bangnara,Bangnara,TH,96,AA,0626N 10150E,
THBNK,Ban Kantang,Ban Kantang,TH,92,AA,0725N 09930E,
THBNL,Ban Laem,Ban Laem,TH,76,AA,1307N 10007E,
THBPG,Ban Pong,Ban Pong,TH,,RL,1348N 09952E,
THBPK,Ban Prakop Customs House,Ban Prakop Customs House,TH,90,AA,0628N 10043E,
THBSP,Bang Saphan,Bang Saphan,TH,,RL,1112N 09931E,
THBTC,Bangpakong Terminal,Bangpakong Terminal,TH,24,AA,1328N 10059E,
THBTP,Ban Talat Takua Pa,Ban Talat Takua Pa,TH,82,RL,0850N 09822E,
THCHA,Chanthaburi,Chanthaburi,TH,22,AA,1218N 10214E,
THCHS,Chiang Saen Customs House,Chiang Saen Customs House,TH,57,AA,2019N 10004E,
THCHU,Chumphon,Chumphon,TH,86,AA,1026N 09916E,
THECT,Ekachai Container Terminal,Ekachai Container Terminal,TH,74,AA,1335N 10019E,
THERA,Erawan,Erawan,TH,,RL,0904N 10124E,
THHOP,Hoping,Hoping,TH,,RL,2416N 12144E,
THI6C,T S Transport and Logistics,T S Transport and Logistics,TH,11,AA,1339N 10034E,
THKAN,Kantang,Kantang,TH,92,AA,0724N 09931E,
THKHA,Khanom,Khanom,TH,80,AA,0912N 09953E,
THKLA,Ko Lanta,Ko Lanta,TH,81,AA,0803N 09854E,
THKLY,Khlong Yai,Khlong Yai,TH,23,AA,1146N 10254E,
THKPT,Kamphaeng Phet,Kamphaeng Phet,TH,62,RL,1628N 09931E,
THKRU,Phra Khanong,Phra Khanong,TH,10,RL,1342N 10036E,
THKRV,Krabi,Krabi,TH,81,AA,0804N 09844E,
THKSI,Ko Sichang,Ko Sichang,TH,20,AA,1308N 10049E,
THKSM,Ko Samui,Ko Samui,TH,84,AA,0932N 09956E,
THKYO,Ko Yao,Ko Yao,TH,82,AA,0754N 09836E,
THLAS,Lang Suan,Lang Suan,TH,86,AA,0957N 09909E,
THLCH,Laem Chabang,Laem Chabang,TH,20,RL,1305N 10053E,
THMAT,Map Ta Phut,Map Ta Phut,TH,21,AA,1239N 10118E,
THMEK,Mae Klong,Mae Klong,TH,75,AA,1322N 09959E,
THNHP,NH Prosperity,NH Prosperity,TH,10,AA,1311N 10048E,
THNIM,Nim Port,Nim Port,TH,11,AA,1336N 10034E,
THNKT,Nakhon Si Thammarat,Nakhon Si Thammarat,TH,80,AA,0914N 09952E,
THNRW,Narathiwat,Narathiwat,TH,96,AA,0625N 10149E,
THPHA,Phang-Nga,Phang-Nga,TH,82,AA,0824N 09831E,
THPKB,Pakbara,Pakbara,TH,91,AA,0652N 09943E,
THPKN,Pak Nam,Pak Nam,TH,11,AA,1336N 10034E,
THPKP,Pak Phanang,Pak Phanang,TH,80,AA,0912N 09953E,
THPKT,Phuket Port,Phuket Port,TH,83,AA,0749N 09824E,
THPLA,Platong,Platong,TH,,RL,0939N 10128E,
THPPA,Phra Pradaeng,Phra Pradaeng,TH,11,AA,1337N 10033E,
THPPC,Prachuap Port,Prachuap Port,TH,77,AA,1112N 09935E,
THPTN,Pattani,Pattani,TH,94,AA,0653N 10116E,
THPTR,Photharam,Photharam,TH,70,RL,1341N 09951E,
THPYT,Phahon Yothin Customs House,Phahon Yothin Customs House,TH,10,AA,1348N 10032E,
THRNN,Ranong,Ranong,TH,85,AA,0958N 09838E,
THSAP,Samut Prakan,Samut Prakan,TH,11,RL,1336N 10036E,
THSAT,Sattahip,Sattahip,TH,20,AA,1238N 10055E,
THSCS,Sahathai Coastal Seaport,Sahathai Coastal Seaport,TH,11,RL,1339N 10032E,
THSGK,Songkhla,Songkhla,TH,90,AA,0714N 10034E,
THSHT,Actu-lum,Actu-lum,TH,11,AA,1339N 10033E,
THSIC,Sichon,Sichon,TH,80,AA,0901N 09955E,
THSNT,Satun,Satun,TH,91,AA,0637N 10004E,
THSRI,Si Racha,Si Racha,TH,20,AA,1310N 10053E,
THSSW,Siamgas and Petrochemicals,Siamgas and Petrochemicals,TH,11,AA,1338N 10033E,
THTAB,Tak Bai Customs House,Tak Bai Customs House,TH,96,AA,0615N 10203E,
THTAC,Tha Chaleap,Tha Chaleap,TH,22,AA,1235N 10153E,
THTHA,Tha Sala,Tha Sala,TH,80,AA,0840N 09957E,
THTPP,Tungprong Pt,Tungprong Pt,TH,20,RL,1242N 10050E,
THTRG,Trang,Trang,TH,92,AA,0733N 09936E,
THUCT,Unithai Container Terminal,Unithai Container Terminal,TH,11,AA,1335N 10035E,
THURT,Surat Thani,Surat Thani,TH,84,AA,0908N 09908E,
TKAFU,Atafu,Atafu,TK,,AF,0832S 17231W,
TKFKO,Fakaofo,Fakaofo,TK,,AF,0922S 17115W,
TKNKU,Nukunonu,Nukunonu,TK,,AF,0910S 17151W,
TLDIL,Dili,Dili,TL,DI,RL,0833S 12534E,
TMALT,Altyn Asyr,Altyn Asyr,TM,,RL,3753N 05822E,
TMCHE,Cheleken,Cheleken,TM,B,RL,3924N 05308E,
TMHAL,Halach,Halach,TM,,RL,3804N 06453E,
TMKRA,Krasnovodsk,Krasnovodsk,TM,B,RL,4001N 05258E,
TMKRW,Turkmenbashi,Turkmenbashi,TM,B,AI,4001N 05258E,
TMTMZ,Termez,Termez,TM,,AI,,
TNARI,Ariana,Ariana,TN,11,RL,3651N 01011E,
TNASH,Ashtart Terminal,Ashtart Terminal,TN,,RL,,
TNBIZ,Bizerte,Bizerte,TN,,QQ,,
TNBJC,Borj Cedria,Borj Cedria,TN,21,RL,3642N 01024E,
TNCHB,Chebba,Chebba,TN,53,RL,3514N 01106E,
TNDID,Didon,Didon,TN,,RL,3346N 01154E,
TNDJE,Djerba,Djerba,TN,,AI,,
TNGAE,Gabès,Gabes,TN,,AI,3353N 01007E,
TNHMM,Al Hammamat,Al Hammamat,TN,,RL,3624N 01037E,
TNJAR,Jarjis,Jarjis,TN,,RL,3330N 01106W,
TNKEB,Kebili,Kebili,TN,73,RL,3342N 00858E,
TNKEM,Ksibet el Médiouni,Ksibet el Mediouni,TN,52,RL,3540N 01050E,
TNLGN,La Goulette Nord (Halqueloued),La Goulette Nord (Halqueloued),TN,,QQ,,
TNLSK,La Skhirra,La Skhirra,TN,,QQ,,
TNMAD,Mahdia,Mahdia,TN,53,RL,3530N 01103E,
TNMBA,Menzel Bourguiba,Menzel Bourguiba,TN,,QQ,,
TNOUD,Oudna,Oudna,TN,,RL,3616N 01139E,
TNRDS,Radès,Rades,TN,11,RL,3646N 01016E,
TNSFA,Sfax,Sfax,TN,,AI,,
TNSLN,Soliman,Soliman,TN,21,RL,3641N 01029E,
TNSUS,Sousse,Sousse,TN,,QQ,,
TNTAT,Tazerka Terminal,Tazerka Terminal,TN,,RL,3636N 01141E,
TNTUN,Tunis,Tunis,TN,,AI,,
TNTZE,Al Marsá,Al Marsa,TN,11,RL,3653N 01020E,
TNZRZ,Zarzis,Zarzis,TN,82,RL,3330N 01107E,
TOHPA,Ha'apai,Ha'apai,TO,,AI,,
TONEI,Neiafu,Neiafu,TO,,QQ,,
TOPAN,Pangai,Pangai,TO,,RL,,
TOTBU,Nuku'alofa,Nuku'alofa,TO,,AI,2108S 17512W,
TR9AK,Pasaköy,Pasakoy,TR,34,RL,4101N 02916E,
TRADA,Adana,Adana,TR,01,AI,,
TRADY,Yumurtalik,Yumurtalik,TR,01,RL,3646N 03547E,
TRAKB,Akçaabat,Akcaabat,TR,61,RL,4101N 03934E,
TRAKC,Akcansa,Akcansa,TR,17,RL,4006N 02623E,
TRAKD,Akdeniz,Akdeniz,TR,,RL,3652N 03442E,
TRAKY,Akçay,Akcay,TR,10,RL,3935N 02656E,
TRALA,Alanya,Alanya,TR,07,RL,3632N 03159E,
TRALI,Aliaga,Aliaga,TR,35,RL,,
TRAMA,Amasra,Amasra,TR,67,RL,,
TRAMR,Ambarli,Ambarli,TR,34,RL,4058N 02842E,
TRANA,Anamur,Anamur,TR,33,RL,3604N 03251E,
TRAUT,Yeniköy-Autoport,Yenikoy-Autoport,TR,41,RL,4043N 02952E,
TRAYA,Ayancik,Ayancik,TR,57,RL,4156N 03435E,
TRAYD,Altinkum,Altinkum,TR,09,RL,,
TRAYT,Antalya,Antalya,TR,07,AI,3650N 03036E,
TRAYV,Ayvalik,Ayvalik,TR,10,RL,3919N 02641E,
TRBBI,Beylerbeyi,Beylerbeyi,TR,34,RL,4103N 02903E,
TRBBP,Baba Point,Baba Point,TR,17,RL,3928N 02604E,
TRBDM,Bandirma,Bandirma,TR,10,AI,4021N 02758E,
TRBEY,Beykoz,Beykoz,TR,34,RN,,
TRBHN,Burhaniye,Burhaniye,TR,10,RN,,
TRBOG,Bogazagzi,Bogazagzi,TR,67,QQ,,
TRBOL,Bolu,Bolu,TR,14,RN,,
TRBOT,Botas,Botas,TR,01,AI,3649N 03610E,
TRBTS,Besiktas,Besiktas,TR,34,RL,4103N 02901E,
TRBUY,Büyükçukur,Buyukcukur,TR,16,RL,4104N 03558E,
TRBXN,Bodrum,Bodrum,TR,48,AI,3702N 02725E,
TRBZB,Bozburun,Bozburun,TR,48,QQ,,
TRBZC,Bozcaada,Bozcaada,TR,17,RL,3950N 02604E,
TRBZI,Balikesir,Balikesir,TR,10,AI,,
TRCAM,Çamalti,Camalti,TR,35,RL,4139N 03223E,
TRCES,Çesme,Cesme,TR,35,RL,3819N 02618E,
TRCID,Cide,Cide,TR,37,RL,4154N 03259E,
TRCKZ,Çanakkale,Canakkale,TR,17,AI,4009N 02624E,
TRCUB,Cubuklu,Cubuklu,TR,34,QQ,,
TRDAR,Darica,Darica,TR,41,RL,,
TRDAT,Datça,Datca,TR,48,RL,3645N 02740E,
TRDIK,Dikili,Dikili,TR,35,RL,3904N 02653E,
TRDIL,Diliskelesi,Diliskelesi,TR,41,RN,,
TRDRC,Derince,Derince,TR,41,QQ,,
TRDYL,Dörtyol,Dortyol,TR,31,RN,3652N 03612E,
TREDI,Edirne,Edirne,TR,22,RL,,
TREDO,Edremit,Edremit,TR,10,AI,3935N 02701E,
TRENE,Enez,Enez,TR,22,RL,4043N 02604E,
TRERE,Eregli,Eregli,TR,67,RL,4117N 03124E,
TRERK,Erdek,Erdek,TR,10,RL,4023N 02747E,
TREYP,Evyap Port /Kocaeli,Evyap Port /Kocaeli,TR,41,RL,4046N 02942E,
TRFAS,Fatsa,Fatsa,TR,52,RL,4102N 03729E,
TRFET,Fethiye,Fethiye,TR,48,RL,3637N 02906E,
TRFIN,Finike,Finike,TR,07,RL,3617N 03008E,
TRFOC,Foça,Foca,TR,35,RL,3840N 02645E,
TRFRZ,Firuzköy,Firuzkoy,TR,34,RL,4100N 02842E,
TRGCA,Gokceada,Gokceada,TR,17,RL,4011N 02555E,
TRGCK,Gocek,Gocek,TR,48,RL,3645N 02856E,
TRGEB,Gebze,Gebze,TR,41,RL,4047N 02925E,
TRGEL,Gelibolu,Gelibolu,TR,17,QQ,,
TRGEM,Gemlik,Gemlik,TR,16,RL,4025N 02909E,
TRGIR,Giresun,Giresun,TR,28,RL,4055N 03823E,
TRGKV,Akçapinar,Akcapinar,TR,48,RL,3701N 02822E,
TRGOR,Görele,Gorele,TR,28,RL,4102N 03900E,
TRGTA,Galata,Galata,TR,34,RL,,
TRGUL,Güllük,Gulluk,TR,48,RL,3714N 02736E,
TRGZE,Gerze,Gerze,TR,57,AI,4138N 03611E,
TRHAR,Haramidere,Haramidere,TR,34,QQ,,
TRHAS,Hasköy,Haskoy,TR,34,RN,4102N 02858E,
TRHAY,Haydarpasa,Haydarpasa,TR,34,QQ,,
TRHER,Hereke,Hereke,TR,41,QQ,,
TRHIS,Hisarönü,Hisaronu,TR,48,RL,3647N 02808E,
TRHOP,Hopa,Hopa,TR,08,RL,4124N 04125E,
TRIDM,Isdemir,Isdemir,TR,31,RL,3643N 03611E,
TRIDS,Icdas Jetty,Icdas Jetty,TR,17,RL,4027N 02718E,
TRIGN,Igneada,Igneada,TR,39,RL,4153N 02801E,
TRINE,Inebolu,Inebolu,TR,37,RL,4158N 03346E,
TRISK,Iskenderun,Iskenderun,TR,31,RL,3635N 03610E,
TRIST,Istanbul,Istanbul,TR,34,AI,4101N 02858E,
TRIZM,Izmir,Izmir,TR,35,AI,3825N 02709E,
TRIZT,Izmit,Izmit,TR,41,RL,4047N 02957E,
TRKAR,Kartal,Kartal,TR,34,QQ,,
TRKAS,Kas,Kas,TR,07,RL,3611N 02938E,
TRKBS,Kabatas,Kabatas,TR,,RL,4102N 02900E,
TRKBY,Karacabey,Karacabey,TR,16,RN,,
TRKFK,Kefken,Kefken,TR,41,AI,4112N 03015E,
TRKFZ,Körfez,Korfez,TR,41,RL,4047N 02944E,
TRKKY,Karaköy/Istambul,Karakoy/Istambul,TR,34,RL,4102N 02859E,
TRKMR,Kemer,Kemer,TR,07,RL,3635N 03033E,
TRKMX,Kumport,Kumport,TR,34,RL,4057N 02849E,
TRKN2,Konak,Konak,TR,35,AA,3824N 02706E,
TRKOC,Kusukkuyu,Kusukkuyu,TR,10,RL,,
TRKPE,Kartepe,Kartepe,TR,41,RL,4044N 02958E,
TRKRB,Karabiga,Karabiga,TR,17,RL,4024N 02718E,
TRKRS,Karasu,Karasu,TR,54,RL,4104N 03047E,
TRKRT,Karatas,Karatas,TR,01,RL,3633N 03523E,
TRKSP,Port of Karasu,Port of Karasu,TR,54,RL,4107N 03040E,
TRKUS,Kusadasi,Kusadasi,TR,09,RL,3751N 02715E,
TRLMA,Limas,Limas,TR,41,RL,4043N 02953E,
TRM47,Nusaybin,Nusaybin,TR,47,RL,3704N 04113E,
TRMAD,Mardas,Mardas,TR,34,RL,4101N 02857E,
TRMAL,Maltepe,Maltepe,TR,34,RN,,
TRMER,Mersin,Mersin,TR,33,RL,3643N 03438E,
TRMFZ,Mersin-Free Zone,Mersin-Free Zone,TR,33,RL,3648N 03438E,
TRMIM,Mimarsinan,Mimarsinan,TR,34,RL,4101N 02833E,
TRMPT,Marport,Marport,TR,34,RL,,
TRMRA,Marmara Adasi,Marmara Adasi,TR,10,RL,4035N 02733E,
TRMRM,Marmaris,Marmaris,TR,48,RL,3651N 02816E,
TRMUD,Mudanya,Mudanya,TR,16,RL,4022N 02853E,
TRMVG,Manavgat,Manavgat,TR,07,RL,3646N 03127E,
TRNEM,Nemrut Bay,Nemrut Bay,TR,35,RL,,
TRODU,Odunluk,Odunluk,TR,17,QQ,,
TRORD,Ordu,Ordu,TR,52,RL,4059N 03752E,
TRPEN,Pendik,Pendik,TR,34,AI,,
TRPLP,Poliport,Poliport,TR,41,RL,3759N 04203E,
TRPZR,Pazar,Pazar,TR,53,AI,4110N 04053E,
TRRIZ,Rize,Rize,TR,53,RL,4102N 04029E,
TRRZY,Rota-Izmit Bay,Rota-Izmit Bay,TR,35,RL,2943N 04046E,
TRSER,Serviburun,Serviburun,TR,34,QQ,,
TRSIC,Sinop,Sinop,TR,57,AI,4201N 03508E,
TRSIL,Silivri,Silivri,TR,34,RL,4104N 02815E,
TRSLE,Sile,Sile,TR,34,AI,4110N 02936E,
TRSRL,Saraylar,Saraylar,TR,10,RL,4040N 02740E,
TRSRS,Sariseki,Sariseki,TR,31,RL,3640N 03613E,
TRSSX,Samsun,Samsun,TR,55,AI,4117N 03620E,
TRSUR,Surmene,Surmene,TR,61,RL,4054N 04007E,
TRSUT,Sutluce,Sutluce,TR,34,RN,,
TRTAS,Tasucu,Tasucu,TR,33,RL,3619N 03352E,
TRTEK,Tekirdag,Tekirdag,TR,59,AI,4058N 02731E,
TRTGT,"Toros Gubre Terminal, Gubre","Toros Gubre Terminal, Gubre",TR,31,RL,3655N 03559E,
TRTIR,Tirebolu,Tirebolu,TR,28,RL,4100N 03848E,
TRTUR,Turan,Turan,TR,35,QQ,,
TRTUT,Tutunciftlik,Tutunciftlik,TR,41,QQ,,
TRTUZ,Tuzla,Tuzla,TR,34,RL,4050N 02915E,
TRTZX,Trabzon,Trabzon,TR,61,AI,4100N 03944E,
TRUNY,Ünye,Unye,TR,52,RL,4108N 03717E,
TRURL,Urla,Urla,TR,35,RN,,
TRUSK,Üsküdar,Uskudar,TR,34,RN,4101N 02903E,
TRVAK,Vakfikebir,Vakfikebir,TR,61,AI,4102N 03916E,
TRYAL,Yalova,Yalova,TR,77,RL,4039N 02916E,
TRYAR,Yarimca,Yarimca,TR,41,QQ,,
TRYIK,Yesilovacik,Yesilovacik,TR,33,RL,3612N 03340E,
TRYPO,Yilport,Yilport,TR,41,RL,4046N 02932E,
TRZEY,Zeytinburnu,Zeytinburnu,TR,34,RN,,
TRZON,Zonguldak,Zonguldak,TR,67,RL,4127N 03147E,
TTCHA,Chaguaramas,Chaguaramas,TT,,QQ,,
TTCHV,Charlotteville,Charlotteville,TT,ETO,RL,1119N 06033W,
TTCLA,Claxton Bay,Claxton Bay,TT,CTT,RL,1021N 06128W,
TTCRN,Carenage,Carenage,TT,,RL,1041N 06136W,
TTCVA,Couva,Couva,TT,,RL,1025N 06127W,
TTFPT,Saint Mary's,Saint Mary's,TT,CTT,RL,1013N 06132W,
TTFRE,Freeport,Freeport,TT,CTT,AM,1027N 06125W,
TTGUA,Guayaguayare,Guayaguayare,TT,,RL,1008N 06102W,
TTLAB,La Brea (Brighton),La Brea (Brighton),TT,,AI,,
TTPLY,Plymouth,Plymouth,TT,,RL,,
TTPOS,Port-of-Spain,Port-of-Spain,TT,POS,AI,1039N 06131W,
TTPTF,Point Fortin,Point Fortin,TT,,QQ,,
TTPTG,Point Galeota,Point Galeota,TT,,QQ,,
TTPTP,Pointe a Pierre,Pointe a Pierre,TT,,QQ,,
TTPTS,Point Lisas,Point Lisas,TT,,AI,,
TTSCA,Scarborough/Tobago,Scarborough/Tobago,TT,,QQ,,
TTSFE,San Fernando,San Fernando,TT,,QQ,,
TTTEM,Tembladora,Tembladora,TT,,QQ,,
TVFUN,Funafuti,Funafuti,TV,,AI,,
TWAPG,An Ping,An Ping,TW,,RL,,
TWBAL,Bali,Bali,TW,,RL,2509N 12124E,
TWBDA,Budai,Budai,TW,,AA,2322N 12006E,
TWHOP,Hoping,Hoping,TW,HUA,RL,,
TWHTC,Hsin-t'ien,Hsin-t'ien,TW,TPE,RL,,
TWHUK,Hukou,Hukou,TW,HSQ,RL,2454N 12103E,
TWHUN,Hualien,Hualien,TW,,AI,,
TWKEL,Keelung (Chilung),Keelung (Chilung),TW,,QQ,,
TWKHH,Kaohsiung,Kaohsiung,TW,,AI,,
TWLGM,Lung-men,Lung-men,TW,,RL,2334N 11940E,
TWMAL,Mai-Liai,Mai-Liai,TW,,RL,2345N 12015E,
TWMLI,Mai-liao,Mai-liao,TW,,RL,2306N 12008E,
TWNAN,Nantou,Nantou,TW,,RL,2354N 12041E,
TWSHL,Sha-lun,Sha-lun,TW,,RL,2506N 12113E,
TWSUO,Suao,Suao,TW,,QQ,,
TWTNN,Tainan,Tainan,TW,,AI,,
TWTPE,Taipei,Taipei,TW,TPE,AI,2502N 12131E,
TWTTT,Taitung,Taitung,TW,,AI,,
TWTXG,Taichung,Taichung,TW,TXG,AI,,
TWTYN,Taoyuan,Taoyuan,TW,,RL,,
TWWTU,Wu-tu,Wu-tu,TW,,RL,2505N 12140E,
TWYGE,Ying-Ge,Ying-Ge,TW,TPE,RL,,
TWYLN,Yunlin,Yunlin,TW,YUN,RL,,
TZDAR,Dar es Salaam,Dar es Salaam,TZ,,AI,0648S 03917E,
TZIKW,Ikwiriri,Ikwiriri,TZ,,RL,0759S 03901E,
TZKAG,Kagera,Kagera,TZ,,RL,0439S 03040E,
TZKIK,Kilwa Kivinje,Kilwa Kivinje,TZ,,QQ,,
TZKIM,Kilwa Masoko,Kilwa Masoko,TZ,,QQ,,
TZLDI,Lindi,Lindi,TZ,,AI,,
TZMIC,Michiuja,Michiuja,TZ,,QQ,,
TZMIK,Mikindani,Mikindani,TZ,,QQ,,
TZMKO,"Mkokotoni, Zanzibar","Mkokotoni, Zanzibar",TZ,,QQ,,
TZMOH,Mohoro,Mohoro,TZ,,QQ,,
TZMTS,Mtsora,Mtsora,TZ,,QQ,,
TZMWZ,Mwanza,Mwanza,TZ,18,AI,0231S 03254E,
TZMYW,Mtwara,Mtwara,TZ,,AI,,
TZPAN,Pangani,Pangani,TZ,,QQ,,
TZPMA,Pemba,Pemba,TZ,,AI,,
TZRIJ,Rijiju,Rijiju,TZ,,QQ,,
TZSAM,Samanga,Samanga,TZ,,QQ,,
TZTGT,Tanga,Tanga,TZ,,AI,,
TZTKQ,Kigoma,Kigoma,TZ,,AI,,
TZZNZ,Zanzibar,Zanzibar,TZ,,AI,,
UABGD,Bilhorod-Dnistrovskyi,Bilhorod-Dnistrovskyi,UA,51,AA,4611N 03022E,
UADSK,Svitlovodsk,Svitlovodsk,UA,35,AA,4903N 03314E,
UAERD,Berdiansk,Berdiansk,UA,23,AA,4645N 03646E,
UAILK,Chornomorsk,Chornomorsk,UA,51,AA,4619N 03040E,
UAIZM,Izmail,Izmail,UA,51,AA,4519N 02851E,
UAKHE,Kherson,Kherson,UA,65,AA,4637N 03237E,
UAKIA,Kiliia,Kiliia,UA,,AA,4526N 02916E,
UAMPW,Mariupol,Mariupol,UA,14,AA,4703N 03730E,
UANLV,Mykolaiv,Mykolaiv,UA,48,AA,4656N 03200E,
UAOCH,Ochakiv,Ochakiv,UA,48,AM,4636N 03134E,
UAOCT,Olviia,Olviia,UA,48,AA,4650N 03157E,
UAODS,Odesa,Odesa,UA,51,AA,4630N 03045E,
UARNI,Reni,Reni,UA,51,AA,4525N 02817E,
UASKD,Skadovsk,Skadovsk,UA,65,AA,4606N 03254E,
UAUDY,Ust-Dunaisk/Vylkove,Ust-Dunaisk/Vylkove,UA,51,AA,4528N 02942E,
UAVYL,Vylkove,Vylkove,UA,51,RL,4524N 02935E,
UAYUZ,Pivdennyi,Pivdennyi,UA,51,AA,4636N 03101E,
UAZPR,Zaporizhzhia,Zaporizhzhia,UA,23,AA,4749N 03510E,
UGJIN,Jinja,Jinja,UG,,AI,,
UGMKN,Galiraya,Galiraya,UG,108,RL,0118N 03252E,
UGYMB,Yumbe,Yumbe,UG,303,RL,,
UMAWK,Wake Island,Wake Island,UM,79,AI,,
UMJON,Johnston Atoll,Johnston Atoll,UM,67,AI,,
UMMDY,Midway Islands,Midway Islands,UM,71,AI,,
US2BY,Ballston Lake,Ballston Lake,US,NY,RL,4254N 07352W,
US2OG,South Ogden,South Ogden,US,UT,RL,4111N 11158W,
US2PA,Clearville,Clearville,US,PA,RL,3955N 07823W,
US2SI,Sinton,Sinton,US,TX,RL,2802N 09730W,
US2TO,Clifford Township,Clifford Township,US,PA,RL,4140N 07533W,
US2TT,Cottrellville,Cottrellville,US,MI,RL,4241N 08232W,
US3BR,Berry Creek,Berry Creek,US,CA,RL,3938N 12124W,
US3DC,Westwood,Westwood,US,CA,RL,3403N 11825W,
US3DU,Victor,Victor,US,CA,RL,3808N 12112W,
US3DV,Ulupalakua,Ulupalakua,US,HI,RL,2039N 15623W,
US3OL,Wellfleet,Wellfleet,US,MA,RL,4156N 07002W,
US3SD,Mabscott,Mabscott,US,WV,RL,3746N 08112W,
US3TR,Vineburg,Vineburg,US,CA,RL,3816N 12226W,
US3TU,West Newton,West Newton,US,MA,RL,4221N 07114W,
US3VC,Outlook,Outlook,US,WA,RL,4619N 12005W,
US3WA,Lyle,Lyle,US,WA,RL,4541N 12117W,
US4CP,Captiva,Captiva,US,FL,RL,2631N 08211W,
US4HE,East Fairfield,East Fairfield,US,OH,RL,4049N 08038W,
US4NJ,New Era,New Era,US,MI,RL,4333N 08620W,
US4NM,Ponce de Leon,Ponce de Leon,US,FL,RL,3043N 08556W,
US4TP,Ulm,Ulm,US,AR,RL,3434N 09127W,
US4WR,West Glocester,West Glocester,US,RI,RL,4155N 07147W,
US5BL,Laurence Harbor,Laurence Harbor,US,NJ,RL,4027N 07414W,
US5MN,Hardwick,Hardwick,US,MN,RL,4346N 09611W,
US6ER,Lake Saint Louis,Lake Saint Louis,US,MO,RL,3847N 09047W,
US6TT,Saint Pete Beach,Saint Pete Beach,US,FL,RL,2743N 08244W,
US7AL,Detroit,Detroit,US,AL,RL,3401N 08810W,
US7BA,Speedwell,Speedwell,US,TN,RL,3627N 08352W,
US7CA,Penn Valley,Penn Valley,US,CA,RL,3911N 12111W,
US7OL,Sea Cliff,Sea Cliff,US,NY,RL,4050N 07338W,
US7SD,Lowden,Lowden,US,WA,RL,4603N 11835W,
US7YT,Lynnfield,Lynnfield,US,MA,RL,4232N 07102W,
US8DC,Woodacre,Woodacre,US,CA,RL,3800N 12238W,
US8DD,Ranchos de Taos,Ranchos de Taos,US,NM,RL,3621N 10536W,
US8MN,Orcutt,Orcutt,US,CA,RL,3451N 12026W,
US8PR,Zamora,Zamora,US,CA,RL,3847N 12152W,
US8QA,Vallecito,Vallecito,US,CA,RL,3805N 12028W,
US8TT,Woodbury,Woodbury,US,NY,RL,4121N 07406W,
US8UY,Waldo,Waldo,US,OH,RL,4027N 08304W,
US8XC,Woodmere,Woodmere,US,NY,RL,4037N 07342W,
US8XD,Woodmere,Woodmere,US,OH,RL,4127N 08128W,
US8YI,Tres Pinos,Tres Pinos,US,CA,RL,3647N 12119W,
US999,Waterville,Waterville,US,PA,RL,4113N 07622W,
US99W,East Windsor,East Windsor,US,CT,RL,4155N 07233W,
US9AI,Waianae,Waianae,US,HI,RL,2126N 15811W,
US9CP,Chapman,Chapman,US,KS,RL,3858N 09701W,
US9DK,Penngrove,Penngrove,US,CA,RL,3817N 12239W,
US9IU,Point Reyes Station,Point Reyes Station,US,CA,RL,3804N 12248W,
US9OH,Moreland Hills,Moreland Hills,US,OH,RL,4126N 08125W,
US9QA,Umpqua,Umpqua,US,OR,RL,4321N 12328W,
US9WA,Hoodsport,Hoodsport,US,WA,RL,4724N 12308W,
USA22,Ashville,Ashville,US,PA,RL,4033N 07832W,
USA8C,Accord,Accord,US,MA,RL,4210N 07053W,
USAA2,Alabama Pt.,Alabama Pt.,US,AL,RL,3021N 08806W,
USAA9,South Mills,South Mills,US,NC,RL,3626N 07619W,
USAAF,Apalachicola,Apalachicola,US,FL,AI,,
USAB3,Aberdeen,Aberdeen,US,NJ,RL,4023N 07415W,
USABC,Port Hadlock,Port Hadlock,US,WA,RL,4801N 12245W,
USACC,Raymond,Raymond,US,WA,RL,4641N 12343W,
USACJ,South Bend,South Bend,US,WA,RN,,
USACQ,Ancram,Ancram,US,NY,RL,4203N 07338W,
USADQ,Kodiak,Kodiak,US,AK,AS,5748N 15223W,
USAEK,Aberdeen,Aberdeen,US,MS,RL,3349N 08833W,
USAEO,Calverton,Calverton,US,VA,RL,3837N 07740W,
USAEZ,Armstrong,Armstrong,US,IA,RL,4323N 09428W,
USAF5,Afton,Afton,US,IA,RL,4101N 09411W,
USAFA,Alstead,Alstead,US,NH,RL,4309N 07222W,
USAFH,Bath,Bath,US,NC,RL,3528N 07648W,
USAFK,Afognak,Afognak,US,AK,RL,5800N 15246W,
USAFM,Bingham,Bingham,US,ME,RL,4504N 06953W,
USAFV,Battenville,Battenville,US,NY,RL,4306N 07326W,
USAFW,"Webster, Harris","Webster, Harris",US,TX,RL,2932N 09507W,
USAGQ,Algonquin,Algonquin,US,IL,RL,4210N 08818W,
USAGV,Autaugaville,Autaugaville,US,AL,RL,3226N 08639W,
USAHU,Alachua,Alachua,US,FL,RL,2947N 08229W,
USAHZ,Atlantic Highlands,Atlantic Highlands,US,NJ,RL,4024N 07402W,
USAKJ,Oak Grove,Oak Grove,US,VA,RL,3859N 07724W,
USAL3,Alliance,Alliance,US,LA,RL,3131N 09339W,
USAL5,Delta,Delta,US,AL,RL,3326N 08541W,
USAL7,Aldie,Aldie,US,VA,RL,3858N 07738W,
USALB,Albany,Albany,US,NY,AI,,
USALC,Amelia City,Amelia City,US,FL,RL,3035N 08127W,
USAMF,Amagansett,Amagansett,US,NY,RL,4058N 07209W,
USAMG,Cambridge,Cambridge,US,WI,RL,4300N 08900W,
USANC,Anchorage,Anchorage,US,AK,AI,,
USANP,Annapolis,Annapolis,US,MD,AI,,
USANW,Avon,Avon,US,CO,RL,3938N 10631W,
USAOU,Avalon,Avalon,US,CA,RL,3320N 11819W,
USAPY,Alpine,Alpine,US,NJ,RL,4057N 07356W,
USAQJ,Maltby,Maltby,US,WA,RL,4748N 12206W,
USAQQ,Camden,Camden,US,ME,RL,4412N 06903W,
USAQW,Abbottstown,Abbottstown,US,PA,RL,3953N 07659W,
USAR5,Damascus,Damascus,US,AR,RL,3522N 09224W,
USARB,Ann Arbor,Ann Arbor,US,MI,AI,,
USASF,Ashtabula,Ashtabula,US,OH,RN,,
USASS,Ware Shoals,Ware Shoals,US,SC,RL,3423N 08214W,
USAST,Astoria,Astoria,US,OR,AI,,
USASX,Ashland,Ashland,US,WI,AI,,
USASZ,Sumiton,Sumiton,US,AL,RL,3345N 08703W,
USATR,Atreco,Atreco,US,TX,RL,2958N 09352W,
USATW,Appleton,Appleton,US,WI,AI,,
USATX,Allenstown,Allenstown,US,NH,RL,4308N 07127W,
USAV9,Averill Park,Averill Park,US,NY,RL,4238N 07333W,
USAVD,Avondale,Avondale,US,LA,RN,,
USAWS,Newcastle,Newcastle,US,ME,RL,4402N 06932W,
USAWY,Gallaway,Gallaway,US,TN,RL,3519N 08936W,
USAXR,Alexandria,Alexandria,US,VA,RL,3848N 07702W,
USAXZ,Andover,Andover,US,KS,RL,3742N 09708W,
USAY5,Laytonville,Laytonville,US,CA,RL,3941N 12328W,
USAY7,Mayville,Mayville,US,NY,RL,4215N 07930W,
USAZL,Azle,Azle,US,TX,RL,3253N 09732W,
USB27,Bolinas,Bolinas,US,CA,RL,3754N 12241W,
USB2N,Brinnon,Brinnon,US,WA,RL,4740N 12253W,
USB2V,Buena Vista,Buena Vista,US,GA,RL,3219N 08431W,
USB44,Bellbrook,Bellbrook,US,OH,RL,3938N 08404W,
USB7S,Bridgewater,Bridgewater,US,SD,RL,4333N 09730W,
USBA3,Belfair,Belfair,US,WA,RL,4741N 12284W,
USBA7,Balmorhea,Balmorhea,US,TX,RL,3059N 10344W,
USBAL,Baltimore,Baltimore,US,MD,RL,3917N 07637W,
USBAY,Bayonne,Bayonne,US,NJ,RN,,
USBB8,Broad Brook,Broad Brook,US,CT,RL,4154N 07232W,
USBBA,Bethany Beach,Bethany Beach,US,DE,RL,3832N 07503W,
USBCG,Boca Grande,Boca Grande,US,FL,RL,2644N 08215W,
USBCH,Brushvale,Brushvale,US,MN,RL,4622N 09639W,
USBCI,Berlin,Berlin,US,MD,RL,3819N 07513W,
USBCL,Beulaville,Beulaville,US,NC,RL,3455N 07746W,
USBCM,Bruceton Mills,Bruceton Mills,US,WV,RL,3940N 07938W,
USBCW,Brewster,Brewster,US,MA,RL,4146N 07005W,
USBD3,Beaver Dam,Beaver Dam,US,KY,RL,3724N 08453W,
USBDB,Bridgeport,Bridgeport,US,NY,RL,4309N 07558W,
USBDE,Baudette,Baudette,US,MN,AI,,
USBDR,Bridgeport,Bridgeport,US,CT,AI,,
USBDS,Biscoe,Biscoe,US,NC,RL,3522N 07947W,
USBE8,Belle Harbor,Belle Harbor,US,NY,RL,4034N 07350W,
USBEL,Belfast,Belfast,US,ME,RN,,
USBEX,Bethlehem,Bethlehem,US,PA,RL,4037N 07522W,
USBF6,Bonners Ferry,Bonners Ferry,US,ID,RL,4841N 11619W,
USBFJ,Briarcliff Manor,Briarcliff Manor,US,NY,RL,4109N 07349W,
USBFO,Beaufort,Beaufort,US,NC,RN,,
USBFY,Buckeye Lake,Buckeye Lake,US,OH,RL,3956N 08228W,
USBG7,Barnegat,Barnegat,US,NJ,RL,3945N 07413W,
USBGR,Bangor,Bangor,US,ME,AI,,
USBHB,Bar Harbor,Bar Harbor,US,ME,AI,,
USBHC,Bridgehampton,Bridgehampton,US,NY,RL,4056N 07218W,
USBHF,Brandon,Brandon,US,MS,RL,3216N 08959W,
USBHI,Bruce,Bruce,US,WI,RL,4527N 09116W,
USBHJ,Burlington,Burlington,US,KY,RL,3902N 08443W,
USBI2,Beaver Island,Beaver Island,US,MI,RL,4539N 08533W,
USBI8,Blount Island,Blount Island,US,FL,RL,3024N 08131W,
USBKO,Becker,Becker,US,MN,RL,4523N 09352W,
USBKQ,Brooksville,Brooksville,US,IN,RL,3925N 08500W,
USBLI,Bellingham,Bellingham,US,WA,AI,,
USBM3,Bromley,Bromley,US,KY,RL,3838N 08450W,
USBM4,Brevort,Brevort,US,MI,RL,4601N 08502W,
USBMH,Sandoval,Sandoval,US,IL,RL,3837N 08907W,
USBN9,Battle Ground,Battle Ground,US,IN,RL,4030N 08650W,
USBNA,Nashville,Nashville,US,TN,AI,,
USBNB,Burns Harbor,Burns Harbor,US,IN,RL,4137N 08708W,
USBNC,Benicia,Benicia,US,CA,RL,3803N 12209W,
USBNH,Burnham,Burnham,US,ME,RL,4441N 06926W,
USBNI,Burnsville,Burnsville,US,NC,RL,3555N 08218W,
USBNP,Brayton Point,Brayton Point,US,MA,RL,4142N 07111W,
USBOC,Brooklyn,Brooklyn,US,CT,RL,4147N 07157W,
USBOS,Boston,Boston,US,MA,AI,,
USBOY,Brooklyn/New York,Brooklyn/New York,US,NY,RL,4044N 07356W,
USBPT,Beaumont,Beaumont,US,TX,AI,,
USBPV,Belhaven,Belhaven,US,NC,RL,3532N 07637W,
USBRA,Bradwood,Bradwood,US,OR,RL,4611N 12326W,
USBRO,Brownsville,Brownsville,US,TX,AI,2554N 09729W,
USBS9,Bushkill,Bushkill,US,PA,RL,4105N 07500W,
USBSM,Big Sandy,Big Sandy,US,MT,RL,4811N 11007W,
USBTH,Bath,Bath,US,ME,RL,4354N 06949W,
USBTR,Baton Rouge,Baton Rouge,US,LA,AI,3027N 09108W,
USBTV,Burlington,Burlington,US,VT,AI,,
USBU2,Butte Meadows,Butte Meadows,US,CA,RL,4004N 12133W,
USBUF,Buffalo,Buffalo,US,NY,AI,,
USBUI,Butler,Butler,US,IN,RL,4125N 08452W,
USBUJ,Butler,Butler,US,KY,RL,3847N 08422W,
USBUP,Bucksport,Bucksport,US,ME,RN,,
USBV6,Blairesville,Blairesville,US,GA,RL,3451N 08356W,
USBV8,Brownsville,Brownsville,US,PA,RL,4001N 07953W,
USBVV,Berryville,Berryville,US,AR,RL,3622N 09334W,
USBW5,New Brockton,New Brockton,US,AL,RL,3123N 08555W,
USBWB,Brownsburg,Brownsburg,US,IN,RL,3950N 08623W,
USBWH,Bigelow,Bigelow,US,AR,RL,3500N 09237W,
USBYZ,Boyne City,Boyne City,US,MI,RL,4513N 08500W,
USBZJ,Bethel,Bethel,US,NY,RL,,
USBZZ,Blacklick,Blacklick,US,OH,RL,3959N 08248W,
USC25,Connelly Springs,Connelly Springs,US,NC,RL,3544N 08130W,
USC35,Cornville,Cornville,US,AZ,RL,3443N 11155W,
USC3A,Kensington,Kensington,US,CA,RL,3754N 12216W,
USC3B,Cedar Bluffs,Cedar Bluffs,US,NE,RL,4123N 09636W,
USC4H,Castle Hills,Castle Hills,US,TX,RL,2931N 09830W,
USC4N,Clinton,Clinton,US,LA,RL,3051N 09100W,
USC55,Cochise,Cochise,US,AZ,RL,3206N 10955W,
USC74,Crimora,Crimora,US,VA,RL,3809N 07851W,
USC8T,Creston,Creston,US,CA,RL,3531N 12031W,
USCA3,Chatham,Chatham,US,MA,RL,4140N 06956W,
USCAP,Capitan,Capitan,US,CA,RL,3427N 12002W,
USCBD,Cambridge,Cambridge,US,MN,RL,4534N 09313W,
USCBS,Centerburg,Centerburg,US,OH,RL,4018N 08242W,
USCBT,Clinton,Clinton,US,MO,RL,3822N 09347W,
USCC2,Cape Coral,Cape Coral,US,FL,RL,2634N 08157W,
USCC8,Chesapeake City,Chesapeake City,US,MD,RL,3931N 07548W,
USCCJ,Cape Charles,Cape Charles,US,VA,RN,,
USCCS,Cave City,Cave City,US,KY,RL,3708N 08558W,
USCCT,Calvert City,Calvert City,US,KY,RL,,
USCD4,Coronado,Coronado,US,CA,RL,3241N 11710W,
USCDD,Camden,Camden,US,AL,RL,3159N 08717W,
USCDE,Camden,Camden,US,NJ,RN,,
USCDF,Candler,Candler,US,NC,RL,3532N 08242W,
USCDU,Cedar Lake,Cedar Lake,US,MI,RL,4324N 08458W,
USCDV,Cordova,Cordova,US,AK,AI,,
USCDY,Conneaut,Conneaut,US,OH,RN,,
USCDZ,Caledonia,Caledonia,US,MI,RL,4247N 08531W,
USCEC,Crescent City,Crescent City,US,CA,AI,,
USCFF,Cherryfield,Cherryfield,US,ME,RL,4436N 06755W,
USCFG,Chesterfield,Chesterfield,US,NH,RL,4253N 07228W,
USCG4,Clarksburg,Clarksburg,US,NJ,RL,4050N 07459W,
USCGE,Cambridge,Cambridge,US,MD,RN,,
USCGF,Cape May,Cape May,US,NJ,RL,3856N 07455W,
USCGJ,Cerro Gordo,Cerro Gordo,US,IL,RL,3953N 08844W,
USCGP,Capitola,Capitola,US,CA,RL,3658N 12157W,
USCGW,Chickasaw,Chickasaw,US,AL,RL,3046N 08804W,
USCGX,Carthage,Carthage,US,TN,RL,3615N 08557W,
USCHI,Chicago,Chicago,US,IL,AI,,
USCHS,Charleston,Charleston,US,SC,AI,,
USCHT,Chester,Chester,US,PA,RN,,
USCI6,Chimayo,Chimayo,US,NM,RL,3600N 10556W,
USCIB,Casselberry,Casselberry,US,FL,RL,2841N 08120W,
USCJ8,Cortland,Cortland,US,IN,RL,3858N 08557W,
USCJC,Chinook,Chinook,US,WA,RL,4616N 12356W,
USCJO,Caro,Caro,US,MI,RL,4329N 08324W,
USCK2,Cobbs Creek,Cobbs Creek,US,VA,RL,3730N 07623W,
USCK9,Cockrell Hill,Cockrell Hill,US,TX,RL,3244N 09653W,
USCKG,Cherokee,Cherokee,US,AL,RL,3445N 08758W,
USCKI,Catalina Island,Catalina Island,US,CA,RL,3323N 11825W,
USCLA,Claymont,Claymont,US,DE,RN,,
USCLE,Cleveland,Cleveland,US,OH,AI,4130N 08140W,
USCLM,Port Angeles,Port Angeles,US,WA,AI,,
USCLQ,Chalmette,Chalmette,US,LA,RN,,
USCLY,Clayton,Clayton,US,NY,RN,,
USCM9,Carrier Mills,Carrier Mills,US,IL,RL,3741N 08837W,
USCMU,Cameron,Cameron,US,NC,RL,3520N 07915W,
USCN3,Clayton,Clayton,US,GA,RL,3452N 08324W,
USCNM,Carlsbad,Carlsbad,US,NM,AI,3225N 10413W,
USCO3,Claremont,Claremont,US,VA,RL,3716N 07658W,
USCO9,Copper Canyon,Copper Canyon,US,TX,RL,3310N 09709W,
USCOB,Coos Bay,Coos Bay,US,OR,RN,,
USCOJ,Cochranton,Cochranton,US,PA,RL,4131N 08003W,
USCP6,Cove Point,Cove Point,US,MD,RL,3822N 07623W,
USCPT,Carpinteria,Carpinteria,US,CA,RN,,
USCR5,Chester,Chester,US,WV,RL,4037N 08034W,
USCRB,Carrabelle,Carrabelle,US,FL,RN,,
USCRM,Crockett,Crockett,US,CA,RN,,
USCRP,Corpus Christi,Corpus Christi,US,TX,AI,,
USCRW,Charleston,Charleston,US,WV,AI,,
USCS4,Saint Clair Shores,Saint Clair Shores,US,MI,RL,4229N 08253W,
USCS6,"Coxsackie, Greene","Coxsackie, Greene",US,NY,RL,4221N 07348W,
USCSF,Carteret,Carteret,US,NJ,RN,,
USCSJ,Carlisle,Carlisle,US,MA,RL,4232N 07121W,
USCU2,Clute,Clute,US,TX,RL,2901N 09524W,
USCU6,Colesburg,Colesburg,US,IA,RL,4238N 09112W,
USCUM,Canaan,Canaan,US,CT,RL,4201N 07320W,
USCUQ,Caney,Caney,US,KS,RL,3701N 09556W,
USCUU,Cannelton,Cannelton,US,IN,RL,3755N 08645W,
USCUZ,Carlisle,Carlisle,US,AR,RL,3447N 09145W,
USCVG,Cincinnati,Cincinnati,US,OH,AI,,
USCVI,Cape Vincent,Cape Vincent,US,NY,RN,,
USCWF,Centerville,Centerville,US,MN,RL,4509N 09303W,
USCWQ,Center Valley,Center Valley,US,PA,RL,4032N 07524W,
USCWU,Carroll,Carroll,US,OH,RL,3948N 08242W,
USCWW,Clarkesville,Clarkesville,US,GA,RL,3437N 08332W,
USCWX,Cleveland,Cleveland,US,MO,RL,3841N 09436W,
USCWZ,Clinton,Clinton,US,WI,RL,4233N 08852W,
USCXV,Clover,Clover,US,SC,RL,3507N 08114W,
USCY2,The Colony,The Colony,US,TX,RL,3305N 09653W,
USCYI,Cloverdale,Cloverdale,US,CA,RL,3848N 12301W,
USCZI,Cassopolis,Cassopolis,US,MI,RL,4154N 08600W,
USD5W,Dagsboro,Dagsboro,US,DE,RL,3832N 07514W,
USDA8,Dauphin,Dauphin,US,PA,RL,4022N 07655W,
USDAV,Davenport,Davenport,US,CA,RN,,
USDBQ,Dubuque,Dubuque,US,IA,AI,,
USDC6,Dallas Center,Dallas Center,US,IA,RL,4141N 09357W,
USDCB,DeKalb,DeKalb,US,IL,RL,4155N 08845W,
USDCI,Delaware City,Delaware City,US,DE,RL,3934N 07535W,
USDCY,Dill City,Dill City,US,OK,RL,3517N 09908W,
USDD6,Linden Hill,Linden Hill,US,NY,RL,4042N 07355W,
USDDR,Darien,Darien,US,WI,RL,4236N 08842W,
USDE3,Deridder,Deridder,US,LA,RL,,
USDE5,Depue,Depue,US,IL,RL,4119N 08918W,
USDEC,Decatur,Decatur,US,IL,AI,,
USDET,Detroit,Detroit,US,MI,AI,4219N 08302W,
USDFU,Dunnellon,Dunnellon,US,FL,RL,2902N 08227W,
USDGE,Chenango Bridge,Chenango Bridge,US,NY,RL,4210N 07552W,
USDHA,Daphne,Daphne,US,AL,RL,3036N 08754W,
USDHB,Bodega Bay,Bodega Bay,US,CA,RL,3820N 12303W,
USDIA,Adrian,Adrian,US,WI,RL,4356N 09036W,
USDIJ,Delhi,Delhi,US,OH,RL,3906N 08436W,
USDIV,Cedar River,Cedar River,US,MI,RL,4524N 08721W,
USDKH,Old Rock Hill,Old Rock Hill,US,GA,RL,3100N 08334W,
USDKK,Dunkirk,Dunkirk,US,NY,AI,4229N 07916W,
USDLH,Duluth,Duluth,US,MN,AI,,
USDM4,Diamondville,Diamondville,US,WY,RL,4146N 11032W,
USDN2,Del Norte,Del Norte,US,CO,RL,3741N 10621W,
USDNE,Dane,Dane,US,WI,RL,4315N 08930W,
USDOG,"Douglas, Allegan","Douglas, Allegan",US,MI,RL,4238N 08612W,
USDP5,Deer Park,Deer Park,US,CA,RL,3831N 12228W,
USDPH,Doniphan,Doniphan,US,MO,RL,3637N 09049W,
USDR3,Drytown,Drytown,US,CA,RL,3826N 12051W,
USDRW,De Pere,De Pere,US,WI,RL,4427N 08803W,
USDSH,Deshler,Deshler,US,OH,RL,4112N 08353W,
USDSL,Donalsonville,Donalsonville,US,GA,RL,3102N 08452W,
USDSM,Des Moines,Des Moines,US,IA,AI,,
USDSR,Deshler,Deshler,US,NE,RL,4008N 09743W,
USDST,Adamston,Adamston,US,WV,RL,3917N 08021W,
USDT4,De Tour Village,De Tour Village,US,MI,RL,4559N 08354W,
USDTC,Delta,Delta,US,CO,RL,3845N 10804W,
USDTP,Portland,Portland,US,TX,RL,2752N 09719W,
USDTT,Detroit,Detroit,US,IL,RL,,
USDU3,Dunmore,Dunmore,US,WV,RL,3821N 07952W,
USDU5,De Funiak Springs,De Funiak Springs,US,FL,RL,3043N 08606W,
USDUH,Duxbury,Duxbury,US,MA,RL,4203N 07040W,
USDUP,Dupo,Dupo,US,IL,RL,3830N 09012W,
USDUT,Dutch Harbor,Dutch Harbor,US,AK,AI,,
USDVA,Delevan,Delevan,US,NY,RL,4229N 07829W,
USDVN,Davenport,Davenport,US,IA,AI,,
USDVQ,Delmont,Delmont,US,PA,RL,4024N 07934W,
USDVT,Davant,Davant,US,LA,RN,,
USDVV,Davisville,Davisville,US,RI,RN,,
USDWD,Deerwood,Deerwood,US,MN,RL,4628N 09353W,
USDWQ,Downsville,Downsville,US,NY,RL,4204N 07459W,
USDWX,De Witt,De Witt,US,NE,RL,4023N 09655W,
USDXX,Old Brookville,Old Brookville,US,NY,RL,4049N 07336W,
USDY2,Dayton,Dayton,US,KY,RL,3907N 08428W,
USDZM,Dorchester,Dorchester,US,MA,RL,4217N 07104W,
USE2D,Eddington,Eddington,US,ME,RL,4449N 06841W,
USE2L,East Lake,East Lake,US,OH,RL,4139N 08127W,
USE2T,Etna,Etna,US,CA,RL,,
USE3K,Elk Horn,Elk Horn,US,KY,RL,3718N 08517W,
USE5P,Deep Gap,Deep Gap,US,NC,RL,3614N 08130W,
USEAZ,Mechanic Falls,Mechanic Falls,US,ME,RL,4406N 07023W,
USEB4,Elbert,Elbert,US,CO,RL,3913N 10432W,
USEBZ,Ellabell,Ellabell,US,GA,RL,3207N 08129W,
USECH,East Chicago,East Chicago,US,IN,RN,,
USECP,El Campo,El Campo,US,TX,RL,2911N 09616W,
USECR,Spencer,Spencer,US,NC,RL,3541N 08026W,
USEDL,Allendale,Allendale,US,SC,RL,3300N 08118W,
USEDV,Eddyville,Eddyville,US,KY,RL,3705N 08804W,
USEE8,Freeport,Freeport,US,PA,RL,4040N 07941W,
USEFN,East Freetown,East Freetown,US,MA,RL,4146N 07057W,
USEFS,Etiwanda,Etiwanda,US,CA,RL,3407N 11731W,
USEGH,Effingham,Effingham,US,SC,RL,3403N 07945W,
USEHI,El Dorado Hills,El Dorado Hills,US,CA,RL,3840N 12104W,
USEHL,Bethlehem,Bethlehem,US,GA,RL,3356N 08343W,
USEIE,Bernie,Bernie,US,MO,RL,3640N 08958W,
USEIF,Madeira Beach,Madeira Beach,US,FL,RL,2747N 08247W,
USEJK,Macks Creek,Macks Creek,US,MO,RL,3757N 09258W,
USEKA,Eureka,Eureka,US,CA,AI,,
USEKB,East Keansburg,East Keansburg,US,NJ,RL,4026N 07407W,
USEKI,Elkhart,Elkhart,US,IN,AI,,
USEKT,Elkton,Elkton,US,KY,RL,3648N 08709W,
USEKZ,Elkton,Elkton,US,SD,RL,4414N 09629W,
USEL3,Ellwood,Ellwood,US,CA,RL,3425N 11953W,
USEL4,Elmer,Elmer,US,NJ,RL,3935N 07510W,
USELS,El Segundo,El Segundo,US,CA,RN,,
USEM4,Emigrant Gap,Emigrant Gap,US,CA,RL,3917N 12040W,
USEM7,East Machias,East Machias,US,ME,RL,4444N 06723W,
USEMG,Emmetsburg,Emmetsburg,US,IA,RL,4307N 09441W,
USEMY,Emery,Emery,US,SD,RL,4336N 09737W,
USEN5,Ennice,Ennice,US,NC,RL,3652N 08096W,
USENW,Kenosha,Kenosha,US,WI,AI,,
USEOG,East Orange,East Orange,US,NJ,RL,4046N 07412W,
USEOM,Welcome,Welcome,US,LA,RL,3003N 09052W,
USEOW,Edmonds,Edmonds,US,WA,RN,,
USEOY,Eloy,Eloy,US,AZ,RL,3245N 11133W,
USEPA,Earl Park,Earl Park,US,IN,RL,4040N 08724W,
USEPE,Empire,Empire,US,LA,RL,2923N 08936W,
USEPM,Eastport,Eastport,US,ME,RL,4454N 06659W,
USEPY,East Point,East Point,US,KY,RL,3745N 08247W,
USEQ4,East Lansing,East Lansing,US,MI,RL,4244N 08429W,
USEQE,East Dubuque,East Dubuque,US,IL,RL,4229N 09038W,
USEQW,Elwood,Elwood,US,CA,RL,3426N 11953W,
USEQZ,Ellport,Ellport,US,PA,RL,4051N 08015W,
USER2,Elk River,Elk River,US,MN,RL,4518N 09334W,
USERE,Earl,Earl,US,NC,RL,3511N 08132W,
USERI,Erie,Erie,US,PA,AI,,
USERN,Clermont,Clermont,US,IA,RL,4300N 09139W,
USERY,Elroy,Elroy,US,WI,RL,4344N 09016W,
USESC,Escanaba,Escanaba,US,MI,AI,,
USESG,Estero,Estero,US,FL,RL,2626N 08149W,
USETI,Centerville,Centerville,US,UT,RL,4055N 11152W,
USETT,Etter,Etter,US,TX,RL,3601N 10159W,
USETW,Edgartown,Edgartown,US,MA,RL,4123N 07031W,
USEU3,Leucadia,Leucadia,US,CA,RL,3304N 11718W,
USEUD,Eudora,Eudora,US,AR,RL,3306N 09115W,
USEUU,Placida,Placida,US,FL,RL,2650N 08216W,
USEV6,Eden,Eden,US,VT,RL,4442N 07232W,
USEV7,Evendale,Evendale,US,OH,RL,3915N 08425W,
USEVV,Evansville,Evansville,US,IN,AI,3758N 08733W,
USEWB,Fall River-New Bedford Apt,Fall River-New Bedford Apt,US,MA,AI,,New Bedford-Fall River Apt
USEWG,Clearwater,Clearwater,US,MN,RL,4525N 09403W,
USEWO,Bellwood,Bellwood,US,PA,RL,4036N 07820W,
USEWR,Newark,Newark,US,NJ,AI,4044N 07410W,
USEYW,Key West,Key West,US,FL,AI,,
USF2S,Fawnskin,Fawnskin,US,CA,RL,3416N 11656W,
USFA2,Felda,Felda,US,FL,RL,2632N 08126W,
USFA3,Farmington,Farmington,US,KY,RL,3640N 08831W,
USFAI,Fairbanks,Fairbanks,US,AK,AI,,
USFAU,Franklin Furnace,Franklin Furnace,US,OH,RL,3838N 08250W,
USFAV,Fall River,Fall River,US,MA,AI,4142N 07110W,
USFBF,Flagler Beach,Flagler Beach,US,FL,RL,2928N 08107W,
USFCC,Forest City,Forest City,US,IL,RL,4022N 08950W,
USFCV,Francesville,Francesville,US,IN,RL,4059N 08652W,
USFDE,Fredericksburg,Fredericksburg,US,OH,RL,4040N 05214W,
USFDF,Fairfield,Fairfield,US,NC,RL,3532N 07613W,
USFEB,Fernandina Beach,Fernandina Beach,US,FL,RL,3040N 08127W,
USFEL,Fellsmere,Fellsmere,US,FL,RL,2746N 08036W,
USFFO,Buffalo,Buffalo,US,WV,RL,3837N 08159W,
USFGQ,Farmingville,Farmingville,US,NY,RL,4049N 07301W,
USFGX,Fairfield,Fairfield,US,GA,RL,3335N 08349W,
USFH2,Fair Haven,Fair Haven,US,NJ,RL,4022N 07402W,
USFI3,Fiddletown,Fiddletown,US,CA,RL,3830N 12045W,
USFI7,Fleming Island,Fleming Island,US,FL,RL,3005N 08143W,
USFIK,Fishkill,Fishkill,US,NY,RL,4132N 07354W,
USFJY,Deer Park,Deer Park,US,IL,RL,4209N 08805W,
USFL8,Bal Harbour,Bal Harbour,US,FL,RL,2553N 08007W,
USFLL,Fort Lauderdale,Fort Lauderdale,US,FL,AI,2607N 08008W,
USFLZ,Florence,Florence,US,CO,RL,3823N 10508W,
USFMU,Fairmount,Fairmount,US,GA,RL,3426N 08442W,
USFMW,"Fairmont, Will","Fairmont, Will",US,IL,RL,4133N 08803W,
USFNB,Freeland,Freeland,US,WA,RL,4800N 12232W,
USFNE,Florence,Florence,US,AL,RL,3447N 08740W,
USFNF,Frankfort,Frankfort,US,MI,RL,4438N 08614W,
USFO9,Forestville,Forestville,US,CA,RL,3828N 12253W,
USFOB,Fort Bragg,Fort Bragg,US,CA,AI,,
USFOC,Port Fourchon,Port Fourchon,US,LA,RL,2906N 09011W,
USFPL,Fair Play,Fair Play,US,CA,RL,3835N 12039W,
USFPO,Freeport,Freeport,US,TX,RN,,
USFPR,Fort Pierce,Fort Pierce,US,FL,AI,,
USFPT,Fairport Harbor Village,Fairport Harbor Village,US,OH,RL,4145N 08116W,
USFR6,Four Oaks,Four Oaks,US,NC,RL,3526N 07825W,
USFSP,Friendship,Friendship,US,ME,RL,4359N 06920W,
USFSQ,Forest Dale,Forest Dale,US,VT,RL,4349N 07303W,
USFSY,Falls City,Falls City,US,NE,RL,4003N 09536W,
USFTA,Forest Park,Forest Park,US,AR,RL,3426N 09223W,
USFTC,Fort Calhoun,Fort Calhoun,US,NE,RL,4127N 09601W,
USFTM,Fort Monmouth,Fort Monmouth,US,NJ,RL,4019N 07402W,
USFU7,Sanford,Sanford,US,MI,RL,4340N 08422W,
USFVP,Fairview Park,Fairview Park,US,OH,RL,4126N 08151W,
USFVR,Fort Recovery,Fort Recovery,US,OH,RL,4024N 08446W,
USFW2,Floodwood,Floodwood,US,MN,RL,4656N 09254W,
USFWZ,Green Town,Green Town,US,IN,RL,,
USFZZ,Freedom,Freedom,US,PA,RL,4041N 08015W,
USG2H,Glendale Heights,Glendale Heights,US,IL,RL,4154N 08804W,
USG44,Garden Valley,Garden Valley,US,CA,RL,3851N 12051W,
USG77,Griswold,Griswold,US,CT,RL,4135N 07155W,
USG8Y,Guy,Guy,US,AR,RL,3519N 09220W,
USGA7,Garrison,Garrison,US,NY,RL,4123N 07356W,
USGAJ,Bagley,Bagley,US,MN,RL,4731N 09524W,
USGBC,Gibson City,Gibson City,US,IL,RL,4027N 08822W,
USGBV,Garberville,Garberville,US,CA,RL,4006N 12348E,
USGCA,Golconda,Golconda,US,NV,RL,4057N 11729W,
USGCL,Coolidge,Coolidge,US,GA,RL,3100N 08352W,
USGDJ,Guildhall,Guildhall,US,VT,RL,4434N 07134W,
USGDR,Gardiner,Gardiner,US,OR,RN,,
USGEB,Greenboro,Greenboro,US,NY,RL,4338N 07553W,
USGEZ,Gilbertville,Gilbertville,US,MA,RL,4219N 07212W,
USGG2,Gallatin Gateway,Gallatin Gateway,US,MT,RL,4536N 11113W,
USGGE,Georgetown,Georgetown,US,SC,AI,,
USGHC,Grays Harbor City,Grays Harbor City,US,WA,RL,4659N 12357W,
USGHE,Ghent,Ghent,US,KY,RL,3844N 08503W,
USGHN,Grand Haven,Grand Haven,US,MI,RN,,
USGID,Gideon,Gideon,US,MO,RL,3627N 08955W,
USGJQ,Glen Ridge,Glen Ridge,US,NJ,RL,4048N 07412W,
USGKX,Glenwood,Glenwood,US,GA,RL,3408N 08510W,
USGLA,Goldendale,Goldendale,US,WA,RL,4549N 12049W,
USGLC,Gloucester City,Gloucester City,US,NJ,RN,,
USGLH,Greenville,Greenville,US,MS,AI,,
USGLO,Gloucester,Gloucester,US,MA,RN,,
USGLS,Galveston,Galveston,US,TX,AI,,
USGM2,Gypsum,Gypsum,US,CO,RL,3939N 10657W,
USGME,Edgemere,Edgemere,US,MD,RL,3914N 07627W,
USGNC,Garner,Garner,US,NC,RL,3542N 07836W,
USGNR,Garner,Garner,US,IA,RL,4306N 09336W,
USGNS,"Greenwood, Guernsey","Greenwood, Guernsey",US,OH,RL,3955N 08128W,
USGOH,Goshen,Goshen,US,CT,RL,4151N 07314W,
USGON,Groton-New London Apt,Groton-New London Apt,US,CT,AI,,New London-Groton Apt
USGOP,Good Hope,Good Hope,US,LA,RL,2959N 09024W,
USGP2,Gosport,Gosport,US,IN,RL,3921N 08640W,
USGP4,Greenport,Greenport,US,NY,RL,4106N 07222W,
USGPT,Gulfport,Gulfport,US,MS,AI,,
USGPW,Grosse Point Woods,Grosse Point Woods,US,MI,RL,4226N 08254W,
USGQJ,Big Stone City,Big Stone City,US,SD,RL,4517N 09627W,
USGQQ,Galion,Galion,US,OH,AI,4044N 08247W,
USGRA,Grand Portage,Grand Portage,US,MN,RN,,
USGRB,Green Bay,Green Bay,US,WI,AI,4431N 08801W,
USGRR,Grand Rapids,Grand Rapids,US,MI,AI,,
USGRY,Gramercy,Gramercy,US,LA,RN,,
USGSF,Gales Ferry,Gales Ferry,US,CT,RL,4125N 07205W,
USGSQ,Gasport,Gasport,US,NY,RL,4311N 07834W,
USGT4,Gary,Gary,US,TX,RL,3201N 09422W,
USGT9,Gardendale,Gardendale,US,TX,RL,3201N 10222W,
USGTG,Grovetown,Grovetown,US,GA,RL,3327N 08209W,
USGUG,Guttenberg,Guttenberg,US,NJ,RL,4047N 07400W,
USGUM,Gulfmex Lightering Area,Gulfmex Lightering Area,US,,RL,2745N 09050W,
USGVA,Gore,Gore,US,VA,RL,3915N 07819W,
USGVB,Grover Beach,Grover Beach,US,CA,RL,3507N 12037W,
USGVR,Gansevoort,Gansevoort,US,NY,RL,4311N 07339W,
USGVZ,Gordonville,Gordonville,US,PA,RL,4001N 07608W,
USGXH,Sag Harbor,Sag Harbor,US,NY,RL,4101N 07218W,
USGXR,Gold River,Gold River,US,CA,RL,3836N 12116W,
USGYY,Gary,Gary,US,IN,AI,,
USGZB,Grabill,Grabill,US,IN,RL,4112N 08458W,
USGZI,Granite City,Granite City,US,IL,RL,3843N 09007W,
USH2N,Hancock,Hancock,US,MD,RL,3942N 07811W,
USH4H,Howland Hook,Howland Hook,US,NJ,RL,4038N 07411W,
USH8N,Hudson,Hudson,US,IN,RL,4131N 08504W,
USH99,Henderson,Henderson,US,MN,RL,4431N 09354W,
USH9R,Harris,Harris,US,IA,RL,4326N 09525W,
USH9S,Walnut Shade,Walnut Shade,US,MO,RL,3643N 09311W,
USHA7,Haleiwa,Haleiwa,US,HI,RL,2135N 15806W,
USHAH,Hahnville,Hahnville,US,LA,RN,,
USHB3,Harrisburg,Harrisburg,US,OR,RL,4416N 12310W,
USHB4,Harbor Beach,Harbor Beach,US,MI,RL,4351N 08239W,
USHBK,Hoboken,Hoboken,US,NJ,RN,,
USHCO,Hickory Creek,Hickory Creek,US,TX,RL,3307N 09702W,
USHEZ,Natchez,Natchez,US,MS,AI,,
USHG2,Hastings,Hastings,US,MI,RL,4238N 08517W,
USHGU,Huguenot,Huguenot,US,NY,RL,4125N 07438W,
USHGW,Huntington Woods,Huntington Woods,US,MI,RL,4228N 08310W,
USHH7,Southhaven,Southhaven,US,MS,RL,3459N 09007W,
USHHK,Ho-Ho-Kus,Ho-Ho-Kus,US,NJ,RL,4100N 07406W,
USHHT,Harwood Heights,Harwood Heights,US,IL,RL,4158N 08748W,
USHID,Hidalgo,Hidalgo,US,TX,RN,2606N 09816W,
USHIF,Hill Air Force Base,Hill Air Force Base,US,UT,RL,4107N 11159W,
USHJD,Sugar City,Sugar City,US,ID,RL,4352N 11144W,
USHJS,Harbor Island,Harbor Island,US,TX,RL,2752N 09704W,
USHKG,"Hickory Grove, York","Hickory Grove, York",US,SC,RL,3459N 08125W,
USHL5,Havelock,Havelock,US,NC,RL,3453N 07655W,
USHLJ,Halls,Halls,US,TN,RL,3608N 08810W,
USHLM,Holland,Holland,US,MI,AI,4247N 08606W,
USHM3,Hickman,Hickman,US,KY,RL,3634N 08911W,
USHM4,Herculaneum,Herculaneum,US,MO,RL,3816N 09023W,
USHM7,Hamilton,Hamilton,US,NC,RL,3556N 07712W,
USHMR,Hamer,Hamer,US,ID,RL,4355N 11212W,
USHN9,Huron,Huron,US,MO,RL,3743N 09321W,
USHNL,Honolulu,Honolulu,US,HI,AI,2118N 15751W,
USHNS,Haines,Haines,US,AK,AI,,
USHO7,Hooper,Hooper,US,UT,RL,4109N 11207W,
USHOM,Homer,Homer,US,AK,AI,,
USHOR,Homer,Homer,US,NY,RL,4238N 07610W,
USHOU,Houston,Houston,US,TX,AI,2945N 09521W,
USHPY,Baytown,Baytown,US,TX,AI,,
USHQ2,Cold Spring Harbor,Cold Spring Harbor,US,NY,RL,4052N 07327W,
USHQJ,Washington,Washington,US,LA,RL,,
USHR3,Hampton Roads Pt,Hampton Roads Pt,US,VA,RL,3658N 07621W,
USHR4,Hector,Hector,US,NY,RL,4230N 07652W,
USHR5,Hilger,Hilger,US,MT,RL,4715N 10921W,
USHRM,Hollister,Hollister,US,MO,RL,3637N 09312W,
USHRQ,High Ridge,High Ridge,US,MO,RL,3827N 09032W,
USHS2,Hackensack,Hackensack,US,MN,RL,4656N 09431W,
USHS3,Harbor Springs,Harbor Springs,US,MI,RL,4526N 08459W,
USHS6,Hallstead,Hallstead,US,PA,RL,4158N 07545W,
USHSF,Hudson,Hudson,US,FL,RL,2821N 08242W,
USHU8,House Springs,House Springs,US,MO,RL,3824N 09034W,
USHV2,Hughesville,Hughesville,US,PA,RL,4117N 07643W,
USHVG,Highland Village,Highland Village,US,TX,RL,,
USHVN,New Haven,New Haven,US,CT,AI,,
USHWJ,Black Hawk,Black Hawk,US,CO,RL,3947N 10529W,
USHWN,Hagerstown,Hagerstown,US,IN,RL,3954N 08510W,
USHWX,Hewlett,Hewlett,US,NY,RL,4039N 07341W,
USHXD,Cumberland,Cumberland,US,KY,RL,3658N 08259W,
USHXF,Hungerford,Hungerford,US,TX,RL,2924N 09605W,
USHXG,Hardinsburg,Hardinsburg,US,KY,RL,,
USHXK,Haiku,Haiku,US,HI,RL,2055N 15619W,
USHXU,Hercules,Hercules,US,CA,RL,3801N 12217W,
USHZA,Saint Henry,Saint Henry,US,OH,RL,4025N 08438W,
USHZZ,Hawesville,Hawesville,US,KY,RL,3754N 08645W,
USIA2,Manning,Manning,US,IA,RL,4154N 09503W,
USIA3,Onawa,Onawa,US,IA,RL,4201N 09605W,
USIAB,Addison,Addison,US,ME,RL,4437N 06745W,
USIAM,Miamisburg,Miamisburg,US,OH,RL,3938N 08417W,
USICH,Nicholls,Nicholls,US,GA,RL,3131N 08238W,
USIEG,Ingleside,Ingleside,US,IL,RL,4222N 08808W,
USIFL,Island Falls,Island Falls,US,ME,RL,4600N 06816W,
USIFT,Clifton,Clifton,US,TN,RL,3523N 08759W,
USIGS,Big Stone,Big Stone,US,DE,RL,3859N 07519W,
USIIM,Williamston,Williamston,US,MI,RL,4241N 08417W,
USIIW,Williams,Williams,US,CA,RL,3909N 12209W,
USIJM,Benton City,Benton City,US,WA,RL,4615N 11929W,
USILG,Wilmington,Wilmington,US,DE,AI,,
USILM,Wilmington,Wilmington,US,NC,AI,3413N 07756W,
USILW,Eleanor,Eleanor,US,WV,RL,3832N 08156W,
USINL,International Falls,International Falls,US,MN,AI,,
USINV,Madisonville,Madisonville,US,LA,RL,3024N 09010W,
USINX,Mosinee,Mosinee,US,WI,RL,4447N 08942W,
USIO2,Indian Orchard,Indian Orchard,US,MA,RL,4210N 07320W,
USIOA,Arion,Arion,US,IA,RL,4157N 09528W,
USIOH,South Willamsport,South Willamsport,US,PA,RL,4114N 07700W,
USIOR,Samoa,Samoa,US,CA,RL,4047N 12412W,
USIPR,Millport,Millport,US,AL,RL,3333N 08804W,
USIPX,Ship Island,Ship Island,US,MS,RL,3012N 08857W,
USIR2,Indian River City,Indian River City,US,FL,RL,2834N 08048W,
USIS3,City Island,City Island,US,NY,RL,4050N 07347W,
USITN,Smithton,Smithton,US,PA,RL,4009N 07944W,
USITO,Hilo,Hilo,US,HI,AI,,
USITV,Pittsville,Pittsville,US,WI,RL,4426N 09007W,
USIUH,Clendenin,Clendenin,US,WV,RL,3829N 08120W,
USIUK,Iuka,Iuka,US,MS,RL,3448N 08811W,
USIVA,Isle,Isle,US,MN,RL,4608N 09329W,
USIVG,Incline Village,Incline Village,US,NV,RL,3915N 11959W,
USIVK,Irvine,Irvine,US,KY,RL,3741N 08358W,
USIWO,Birchwood,Birchwood,US,WI,RL,4540N 09133W,
USIYH,Miami Beach,Miami Beach,US,FL,RL,2547N 08008W,
USIZK,Renick,Renick,US,WV,RL,3728N 08019W,
USJ3C,Jacksonville,Jacksonville,US,OR,RL,4218N 12257W,
USJA2,Jamaica,Jamaica,US,VA,RL,3742N 07641W,
USJAM,Jackman,Jackman,US,ME,RN,4537N 07014W,
USJAX,Jacksonville,Jacksonville,US,FL,AI,,
USJAY,Jay,Jay,US,ME,RL,4430N 07013W,
USJBG,Johnsburg,Johnsburg,US,IL,RL,4223N 08815W,
USJBK,Berkeley,Berkeley,US,CA,AI,,
USJCQ,Warrensburg,Warrensburg,US,IL,RL,3955N 08903W,
USJCX,Jacinto City,Jacinto City,US,TX,RL,2946N 09514W,
USJDT,Port Laudania,Port Laudania,US,FL,RL,2603N 08007W,
USJE2,Jefferson Hills,Jefferson Hills,US,PA,RL,4017N 07955W,
USJE7,Renville,Renville,US,MN,RL,4447N 09512W,
USJEC,Jersey City,Jersey City,US,NJ,RN,,
USJFZ,Jefferson,Jefferson,US,NC,RL,3625N 08128W,
USJHO,District Heights,District Heights,US,MD,RL,3851N 07653W,
USJJQ,Meadows of Dan,Meadows of Dan,US,VA,RL,3644N 08023W,
USJKF,Jakolof Bay,Jakolof Bay,US,AK,RL,5927N 15131W,
USJMB,Jamesburg,Jamesburg,US,NJ,RL,4021N 07426W,
USJMC,Sausalito,Sausalito,US,CA,AI,,
USJMX,Climax,Climax,US,CO,RL,3922N 10610W,
USJNP,Newport Beach,Newport Beach,US,CA,AI,3337N 11755W,
USJNU,Juneau,Juneau,US,AK,AI,,
USJO4,Saint Johns,Saint Johns,US,FL,RL,3005N 08135W,
USJOA,Johnson,Johnson,US,AR,RL,3608N 09410W,
USJON,Jonesport,Jonesport,US,ME,RL,4431N 06737W,
USJPY,Jamesport,Jamesport,US,NY,RL,4057N 07235W,
USJQJ,Santa Rosa Beach,Santa Rosa Beach,US,FL,RL,3024N 08614W,
USJQK,Jacksboro,Jacksboro,US,TN,RL,3619N 08411W,
USJQQ,Concord,Concord,US,GA,RL,3208N 08422W,
USJS3,Jackson,Jackson,US,KY,RL,3733N 08322W,
USJSA,Judsonia,Judsonia,US,AR,RL,3516N 09138W,
USJSY,Saint James City,Saint James City,US,FL,RL,2629N 08205W,
USJUK,Jenks,Jenks,US,OK,RL,3601N 09558W,
USJUY,Pembroke,Pembroke,US,NH,RL,4308N 07127W,
USJVL,Janesville,Janesville,US,WI,AI,4240N 08901W,
USJWQ,West Milton,West Milton,US,OH,RL,3957N 08419W,
USJWY,Frenchtown,Frenchtown,US,NJ,RL,4031N 07503W,
USJYR,Argyle,Argyle,US,NY,RL,,
USK99,Knob Noster,Knob Noster,US,MO,RL,3846N 09333W,
USKA7,Kailua,Kailua,US,HI,RL,2124N 15744W,
USKAB,Kiska Harbour,Kiska Harbour,US,AK,RL,5158N 17734E,
USKAG,Kaguyak,Kaguyak,US,AK,RL,5652N 15347W,
USKAJ,Land O'Lakes,Land O'Lakes,US,FL,RL,2813N 08227W,
USKAY,Kaysville,Kaysville,US,UT,RL,4102N 11156W,
USKCK,Kansas City,Kansas City,US,KS,RL,,
USKDC,John F Kennedy Space Center/Cape Canaveral,John F Kennedy Space Center/Cape Canaveral,US,FL,RL,2840N 08042W,
USKE7,Kenwood,Kenwood,US,CA,RL,3824N 12232W,
USKGM,Kings Mills,Kings Mills,US,OH,RL,3921N 08415W,
USKHB,Keego Harbor,Keego Harbor,US,MI,RL,4236N 08320W,
USKHW,Eleele,Eleele,US,HI,RL,2155N 15935W,
USKIH,Kihei,Kihei,US,HI,RL,2047N 15627W,
USKIS,Kiska Island,Kiska Island,US,AK,RL,5157N 17733E,
USKJH,Washington,Washington,US,CT,RL,4139N 07319W,
USKKV,Miami River,Miami River,US,FL,RL,2546N 08011W,
USKL9,Kahuku,Kahuku,US,HI,RL,2140N 15757W,
USKLS,Kelso,Kelso,US,WA,AI,,
USKMR,Kenmore,Kenmore,US,NY,RL,4257N 07852W,
USKPP,Koppel,Koppel,US,PA,RL,4050N 08019W,
USKQC,Cheshire,Cheshire,US,OH,RL,3857N 08207W,
USKSH,Hooksett,Hooksett,US,NH,RL,4306N 07128W,
USKTN,Ketchikan,Ketchikan,US,AK,AI,,
USKTT,Kitty Hawk,Kitty Hawk,US,NC,RL,3604N 07542W,
USKTZ,Keota,Keota,US,OK,RL,3510N 09455W,
USKU4,Kendall Park,Kendall Park,US,NJ,RL,4025N 07433W,
USKUB,Kuluk Bay,Kuluk Bay,US,AK,RL,5152N 17634W,
USKW2,Konawa,Konawa,US,OK,RL,3458N 09645W,
USKW7,Kawkawlin,Kawkawlin,US,MI,RL,4339N 08356W,
USKWM,King William,King William,US,VA,RL,3741N 07700W,
USKWU,Kewaunee,Kewaunee,US,WI,RL,4427N 08730W,
USKXK,Kittery,Kittery,US,ME,RL,4305N 07044W,
USKYP,Keyport,Keyport,US,WA,RL,4742N 12237W,
USL2D,Little Deer Isle,Little Deer Isle,US,ME,RL,4417N 06841W,
USL2P,Lighthouse Point,Lighthouse Point,US,FL,RL,2616N 08005W,
USL3Y,West Grove,West Grove,US,PA,RL,3949N 07549W,
USL54,Lanesville,Lanesville,US,IN,RL,3814N 08559W,
USL55,Collegeville,Collegeville,US,CA,RL,3754N 12108W,
USL5A,Lagunitas,Lagunitas,US,CA,RL,3800N 12242W,
USL99,Centerville,Centerville,US,IN,RL,3948N 08459W,
USL9G,LaGrange,LaGrange,US,GA,RL,3302N 08501W,
USL9K,Longboat Key,Longboat Key,US,FL,RL,2724N 08239W,
USLA2,Lake Arrowhead,Lake Arrowhead,US,CA,RL,3415N 11711W,
USLAT,Los Alamitos,Los Alamitos,US,CA,RN,3348N 11804W,
USLAX,Los Angeles,Los Angeles,US,CA,AI,3403N 11815W,
USLB2,Lubec,Lubec,US,ME,RL,4451N 06659W,
USLB9,Lansdowne-Baltimore,Lansdowne-Baltimore,US,MD,RL,3914N 07639W,
USLBQ,Calabash,Calabash,US,NC,RL,3353N 07834W,
USLC2,Loup City,Loup City,US,NE,RL,4117N 09858W,
USLCF,Leitchfield,Leitchfield,US,KY,RL,3728N 08617W,
USLCH,Lake Charles,Lake Charles,US,LA,AI,,
USLCJ,Long Branch,Long Branch,US,NJ,RL,4018N 07400W,
USLDK,Baldwin,Baldwin,US,LA,RL,2950N 09133W,
USLDM,Ludington,Ludington,US,MI,AI,,
USLE3,Lake Elsinore,Lake Elsinore,US,CA,RL,3340N 11720W,
USLEQ,Lewis Center,Lewis Center,US,OH,RL,4011N 08300W,
USLG2,Lake George,Lake George,US,NY,RL,4326N 07343W,
USLGB,Long Beach,Long Beach,US,CA,AI,3346N 11811W,
USLGK,La Grange,La Grange,US,MO,RL,4003N 09130W,
USLGZ,La Grange Highlands,La Grange Highlands,US,IL,RL,,
USLH7,Lenard Harbour,Lenard Harbour,US,AK,RL,5507N 16225W,
USLHK,Little Hocking,Little Hocking,US,OH,RL,3915N 08142W,
USLIB,Liberty,Liberty,US,MO,RL,3914N 09425W,
USLIZ,Limestone,Limestone,US,ME,AI,4654N 06749W,
USLLB,Lino Lakes,Lino Lakes,US,MN,RL,4509N 09308W,
USLLC,Leland,Leland,US,NC,RL,3415N 07802W,
USLLJ,Gordonville,Gordonville,US,KY,RL,3650N 08701W,
USLLM,Stillmore,Stillmore,US,GA,RL,3226N 08212W,
USLLU,Los Lunas,Los Lunas,US,NM,RL,3448N 10643W,
USLMY,Lemay,Lemay,US,MO,RL,3832N 09016W,
USLN5,Linnton,Linnton,US,OR,RL,4536N 12247W,
USLO7,Lodi,Lodi,US,NY,RL,4236N 07649W,
USLO8,Louisiana Offshore Oil Port (Loop),Louisiana Offshore Oil Port (Loop),US,LA,RL,2853N 09001W,
USLO9,Loop Terminal,Loop Terminal,US,LA,RL,2853N 09001W,
USLOG,Longview,Longview,US,WA,AI,,
USLOR,Lorain,Lorain,US,OH,RN,,
USLP2,Lupton,Lupton,US,MI,RL,4425N 08401W,
USLPQ,Lake Park,Lake Park,US,FL,RL,2648N 08004W,
USLR3,Little River,Little River,US,SC,RL,3352N 07837W,
USLRC,Long Reach,Long Reach,US,WV,RL,3929N 08105W,
USLRP,Lake Orion,Lake Orion,US,MI,RL,4247N 08314W,
USLS4,Lakeshore,Lakeshore,US,CA,RL,4053N 12223W,
USLTG,Little Genesee,Little Genesee,US,NY,RL,4201N 07812W,
USLTZ,Lutz,Lutz,US,FL,RL,2809N 08227W,
USLU7,Lake Huntington,Lake Huntington,US,NY,RL,4141N 07459W,
USLU8,Port Of South Louisiana,Port Of South Louisiana,US,LA,RL,3003N 09030W,
USLUF,Blue Earth,Blue Earth,US,MN,RL,4338N 09406W,
USLUI,Louisville,Louisville,US,KY,RN,3814N 08546W,
USLUU,Le Sueur,Le Sueur,US,MN,RL,4427N 09354W,
USLVU,Lawrenceburg,Lawrenceburg,US,IN,RN,,
USLW5,Lawton,Lawton,US,MI,RL,4210N 08550W,
USLWD,Lewisport,Lewisport,US,KY,RL,3756N 08654W,
USLWE,Lawrence,Lawrence,US,NY,RL,4037N 07343W,
USLWM,Lawrence,Lawrence,US,MA,AI,,
USLWY,Lowell,Lowell,US,AR,RL,3615N 09407W,
USLX8,Spillville,Spillville,US,IA,RL,4312N 09157W,
USLXQ,Llano,Llano,US,CA,RL,3430N 11749W,
USLXW,Blawnox,Blawnox,US,PA,RL,4030N 07952W,
USLYM,Lynn Haven,Lynn Haven,US,FL,RL,3014N 08539W,
USLYR,Lyerly,Lyerly,US,GA,RL,3424N 08524W,
USLZC,Lancaster,Lancaster,US,MN,RL,4851N 09649W,
USLZV,Landing,Landing,US,NJ,RL,4054N 07439W,
USM2B,Milburn,Milburn,US,OK,RL,3414N 09632W,
USM2P,Midway Park,Midway Park,US,NC,RL,3443N 07720W,
USM2S,Osceola,Osceola,US,MO,RL,3803N 09342W,
USM44,Middletown,Middletown,US,MD,RL,3926N 07732W,
USM47,Molena,Molena,US,GA,RL,3301N 08430W,
USM4I,Miami Shores,Miami Shores,US,FL,RL,2551N 08011W,
USM4U,Turners Falls,Turners Falls,US,MA,RL,4235N 07233W,
USM4X,Monroe,Monroe,US,NH,RL,4415N 07203W,
USM5V,Morrisonville,Morrisonville,US,IL,RL,3925N 08927W,
USM8N,Mendon,Mendon,US,NY,RL,4259N 07730W,
USM9O,Monmouth Beach,Monmouth Beach,US,NJ,RL,4019N 07358W,
USMAH,Marcus Hook,Marcus Hook,US,PA,RL,3949N 07525W,
USMCD,Mackinac Island,Mackinac Island,US,MI,AI,,
USMCR,Manchester,Manchester,US,WA,RL,4733N 12232W,
USMD5,Meredith,Meredith,US,NH,RL,4340N 07130W,
USMEM,Memphis,Memphis,US,TN,AI,,
USMES,Minneapolis,Minneapolis,US,MN,RL,,
USMF6,McFarland,McFarland,US,WI,RL,4301N 08918W,
USMG5,Malaga,Malaga,US,WA,RL,4721N 12011W,
USMGF,Melvindale,Melvindale,US,MI,RL,4216N 08310W,
USMGQ,Mount Gilead,Mount Gilead,US,NC,RL,3512N 08000W,
USMH2,Marblehead,Marblehead,US,MA,RL,4230N 07051W,
USMH8,Manhasset,Manhasset,US,NY,RL,4048N 07342W,
USMI3,Calcite,Calcite,US,MI,RL,4524N 08347W,
USMIA,Miami,Miami,US,FL,AI,,
USMKC,Kansas City,Kansas City,US,MO,AI,3906N 09434W,
USMKE,Milwaukee,Milwaukee,US,WI,AI,,
USMKG,Muskegon,Muskegon,US,MI,AI,4313N 08614W,
USMKI,Mukilteo,Mukilteo,US,WA,RL,4757N 12218W,
USMKJ,McKees Rocks,McKees Rocks,US,PA,RL,4027N 08003W,
USMKW,Mill Creek,Mill Creek,US,WA,RL,4751N 12212W,
USMKZ,Mukwonago,Mukwonago,US,WI,RL,4252N 08820W,
USMN5,Menemsha,Menemsha,US,MA,RL,4121N 07046W,
USMNH,Manhattan/New York,Manhattan/New York,US,NY,RN,4047N 07358W,
USMOB,Mobile,Mobile,US,AL,AI,,
USMP2,Mauckport,Mauckport,US,IN,RL,3801N 08612W,
USMP5,Machesney Park,Machesney Park,US,IL,RL,4220N 08903W,
USMP7,Mediapolis,Mediapolis,US,IA,RL,4100N 09109W,
USMPP,Morgans Point,Morgans Point,US,TX,RL,,
USMR2,Marseilles,Marseilles,US,IL,RL,4119N 08842W,
USMRH,Morehead City,Morehead City,US,NC,RN,,
USMRQ,Milford,Milford,US,OH,RL,3910N 08417W,
USMRT,Morristown,Morristown,US,NY,RN,,
USMS6,Mims,Mims,US,FL,RL,2840N 08051W,
USMSY,New Orleans,New Orleans,US,LA,AI,,
USMT5,Milton,Milton,US,VT,RL,4438N 07307W,
USMT6,Mentone,Mentone,US,AL,RL,3434N 08535W,
USMTK,Mount Carmel,Mount Carmel,US,PA,RL,4047N 07624W,
USMTM,Metlakatla,Metlakatla,US,AK,AI,,
USMTW,Manitowoc,Manitowoc,US,WI,AI,,
USMU4,Mountain,Mountain,US,WI,RL,4511N 08828W,
USMW3,Moscow,Moscow,US,IA,RL,4133N 09106W,
USMW4,Millwood,Millwood,US,WV,RL,3853N 08152W,
USMXP,Meraux,Meraux,US,LA,RL,2955N 08956W,
USMY3,Monterey,Monterey,US,CA,RL,3636N 12154W,
USMY6,Mayo,Mayo,US,SC,RL,3505N 08151W,
USMYC,Mystic,Mystic,US,CT,RL,4121N 07157W,
USMYG,Myrtle Grove,Myrtle Grove,US,LA,RN,,
USN2R,North Houston,North Houston,US,TX,RL,2955N 09530W,
USN3E,Goehner,Goehner,US,NE,RL,4049N 09713W,
USN4B,North Beach,North Beach,US,MD,RL,3842N 07631W,
USN5B,Niobrara,Niobrara,US,NE,RL,4245N 09801W,
USN5T,New Tripoli,New Tripoli,US,PA,RL,4040N 07545W,
USN8P,Neponset,Neponset,US,IL,RL,4117N 08947W,
USN99,North Bay Village,North Bay Village,US,FL,RL,2550N 08009W,
USNAK,Natick,Natick,US,MA,RL,4217N 07121W,
USNAU,North Augusta,North Augusta,US,SC,RL,3328N 08159W,
USNB4,Neets Bay,Neets Bay,US,AK,RL,5547N 13136W,
USNBD,New Bedford,New Bedford,US,MA,RL,4138N 07056W,
USNBL,New Bloomfield,New Bloomfield,US,MO,RL,3843N 09205W,
USNCM,Norco,Norco,US,LA,RN,,
USNCX,Norcross,Norcross,US,VA,RL,3721N 08042W,
USNCY,New Caney,New Caney,US,TX,RL,3009N 09512W,
USNDA,Neodesha,Neodesha,US,KS,RL,3725N 09540W,
USNDB,North Dartmouth,North Dartmouth,US,MA,RL,4138N 07058W,
USNE5,Shelby,Shelby,US,NE,RL,4111N 09725W,
USNED,New London,New London,US,OH,RL,4105N 08224W,
USNEJ,Necedah,Necedah,US,WI,RL,4402N 09004W,
USNEW,Destrehan,Destrehan,US,LA,RN,,
USNFE,Newfane,Newfane,US,NY,RL,4317N 07843W,
USNFR,New Freedom,New Freedom,US,PA,RL,3944N 07642W,
USNGZ,Alameda,Alameda,US,CA,AI,,
USNH2,New Haven,New Haven,US,MO,RL,3836N 09113W,
USNHM,Northampton,Northampton,US,MA,RL,4220N 07238W,
USNHN,New Hudson,New Hudson,US,MI,RL,4230N 08336W,
USNHQ,North Hartland,North Hartland,US,VT,RL,4335N 07221W,
USNI2,Norman,Norman,US,IN,RL,3857N 08616W,
USNIJ,Nawiliwili,Nawiliwili,US,HI,RL,2158N 15922W,
USNIX,Nixon,Nixon,US,PA,RL,4156N 07608W,
USNJF,Fairton,Fairton,US,NJ,RL,3922N 07513W,
USNJQ,Terrebonne,Terrebonne,US,OR,RL,4421N 12110W,
USNK3,Noank,Noank,US,CT,RL,4119N 05179W,
USNKO,Anadarko,Anadarko,US,OK,RL,3504N 09814W,
USNLI,New Lisbon,New Lisbon,US,WI,RL,4352N 09009W,
USNM2,New Martinsville,New Martinsville,US,WV,RL,3938N 08052W,
USNMA,Marshall,Marshall,US,NC,RL,3547N 08241W,
USNMH,Champlin,Champlin,US,MN,RL,4511N 09323W,
USNNS,Newport News,Newport News,US,VA,RL,3658N 07625W,
USNOQ,Nelsonia,Nelsonia,US,VA,RL,3749N 07535W,
USNOW,Norwell,Norwell,US,MA,RL,4209N 07047W,
USNOZ,Newport,Newport,US,ME,RL,4450N 06917W,
USNP7,New Enterprise,New Enterprise,US,PA,RL,4010N 07824W,
USNPC,Neptune City,Neptune City,US,NJ,RL,4012N 07401W,
USNPO,Newport,Newport,US,OR,RL,4438N 12403W,
USNPT,Newport,Newport,US,RI,AI,,
USNPX,New Providence,New Providence,US,NJ,RL,4041N 07424W,
USNQH,Annisquam Harbour,Annisquam Harbour,US,MA,RL,4240N 07041W,
USNQV,New London,New London,US,MO,RL,3935N 09124W,
USNQZ,North Rose,North Rose,US,NY,RL,4311N 07653W,
USNRP,"Newport, Perry","Newport, Perry",US,PA,RL,4028N 07707W,
USNSB,New Smyrna Beach,New Smyrna Beach,US,FL,RL,2902N 08056W,
USNSC,North Sioux City,North Sioux City,US,SD,RL,4231N 09628W,
USNSV,Mannsville,Mannsville,US,NY,RL,4343N 07604W,
USNSX,New Castle,New Castle,US,CO,RL,3922N 10709W,
USNTD,Port Hueneme,Port Hueneme,US,CA,AI,3408N 11911W,
USNTR,Norton Shores,Norton Shores,US,MI,RL,4309N 08615W,
USNTS,North Charleston,North Charleston,US,SC,RL,,
USNVA,Navarre,Navarre,US,FL,RL,3024N 08651W,
USNVV,Coconut Grove,Coconut Grove,US,FL,RL,2543N 08015W,
USNW2,North Wildwood,North Wildwood,US,NJ,RL,3859N 07449W,
USNWZ,Newington,Newington,US,NH,RL,4306N 07049W,
USNXL,Norwood,Norwood,US,PA,RL,3953N 07518W,
USNXR,Gardiner,Gardiner,US,NY,RL,4140N 07409W,
USNXZ,Nesbit,Nesbit,US,MS,RL,3452N 09000W,
USNY5,North Salem,North Salem,US,NY,RL,4120N 07334W,
USNYC,New York,New York,US,NY,AI,4042N 07400W,
USNYI,"Stony Point, Rockland","Stony Point, Rockland",US,NY,RL,4114N 07359W,
USNYU,Nassau,Nassau,US,NY,RL,4230N 07336W,
USNYX,Nyack,Nyack,US,NY,RL,4105N 07355W,
USNZQ,Needmore,Needmore,US,PA,RL,3950N 07808W,
USO82,Odessa,Odessa,US,MN,RL,4515N 09619W,
USOAK,Oakland,Oakland,US,CA,AI,,
USOAM,Ocean Gate,Ocean Gate,US,NJ,RL,3955N 07408W,
USOAX,Asotin,Asotin,US,WA,RL,4620N 11703W,
USOB2,Oak Bluffs,Oak Bluffs,US,MA,RL,4127N 07034W,
USOBC,Orange Beach,Orange Beach,US,AL,RL,3017N 08734W,
USOBI,Obion,Obion,US,TN,RL,3615N 08911W,
USOC7,Ocoee,Ocoee,US,TN,RL,3507N 08443W,
USOCP,Oceanport,Oceanport,US,NJ,RL,4019N 07401W,
USOCX,Ocean View,Ocean View,US,DE,RL,3854N 07510W,
USODT,South Dartmouth,South Dartmouth,US,MA,RL,4135N 07056W,
USOEG,Oregon,Oregon,US,OH,RL,4138N 08329W,
USOEN,Goshen,Goshen,US,NY,RL,4124N 07419W,
USOFX,Colfax,Colfax,US,NC,RL,3606N 08000W,
USOGG,Kahului,Kahului,US,HI,AI,2053N 15628W,
USOGS,Ogdensburg,Ogdensburg,US,NY,AI,,
USOGY,Oglesby,Oglesby,US,IL,RL,4117N 08903W,
USOI7,Three Oaks,Three Oaks,US,MI,RL,4147N 08636W,
USOIS,Meredosia,Meredosia,US,IL,RL,3950N 09034W,
USOIT,Lolita,Lolita,US,TX,RL,2850N 09632W,
USOJL,Thenard,Thenard,US,CA,RL,3347N 11814W,
USOK9,Saint Louis,Saint Louis,US,OK,RL,3504N 09651W,
USOKV,Oakville,Oakville,US,CT,RL,4135N 07305W,
USOKX,Okemos,Okemos,US,MI,RL,4243N 08425W,
USOL2,Oleum,Oleum,US,CA,RL,3802N 12214W,
USOLM,Olympia,Olympia,US,WA,AI,,
USOLS,Nogales,Nogales,US,AZ,AI,,
USOMA,Omaha,Omaha,US,NE,AI,,
USOMD,Romoland,Romoland,US,CA,RL,3344N 11710W,
USOME,Nome,Nome,US,AK,AI,,
USOMM,Commerce Township,Commerce Township,US,MI,RL,4234N 08329W,
USOMU,Solomons,Solomons,US,MD,RL,3819N 07627W,
USOMW,Castile,Castile,US,NY,RL,4237N 07803W,
USONA,Winona,Winona,US,MN,AI,4403N 09138W,
USONG,Ontonagon,Ontonagon,US,MI,RL,4652N 08917W,
USOO9,Monmouth,Monmouth,US,OR,RL,4450N 12313W,
USOOM,Bloomer,Bloomer,US,WI,RL,4506N 09129W,
USOPB,Copan,Copan,US,OK,RL,3654N 09556W,
USOR8,Glendale,Glendale,US,OR,RL,4244N 12325W,
USORF,Norfolk,Norfolk,US,VA,AI,,
USORH,Worcester,Worcester,US,MA,AI,,
USOS3,Oskaloosa,Oskaloosa,US,KS,RL,3912N 09518W,
USOSM,Selma,Selma,US,OR,RL,4216N 12336W,
USOSV,Ottsville,Ottsville,US,PA,RL,4028N 07510W,
USOSW,Oswego,Oswego,US,NY,RL,4327N 07630W,
USOSZ,Orca,Orca,US,AK,RL,6034N 14542W,
USOT5,Ontario,Ontario,US,OH,RL,4045N 08235W,
USOTH,North Bend,North Bend,US,OR,AI,,
USOTL,Ottawa Lake,Ottawa Lake,US,MI,RL,4145N 08344W,
USOTM,Ottumwa,Ottumwa,US,IA,AI,,
USOV3,Osterville,Osterville,US,MA,RL,4138N 07023W,
USOW4,Point Wells,Point Wells,US,WA,RL,4747N 12224W,
USOWB,Owensboro,Owensboro,US,KY,AI,,
USOXR,Oxnard-Ventura Apt,Oxnard-Ventura Apt,US,CA,AI,,Ventura-Oxnard Apt
USOYH,Boothbay Harbor,Boothbay Harbor,US,ME,RL,4351N 06938W,
USOYY,Troy,Troy,US,IN,RL,3800N 08648W,
USOZN,South Ozone Park,South Ozone Park,US,NY,RL,4040N 07349W,
USP2L,Pleasant Lake,Pleasant Lake,US,IN,RL,4134N 08500W,
USP3N,Chappaqua,Chappaqua,US,NY,RL,4109N 07345W,
USP43,Priceville,Priceville,US,AL,RL,3454N 08688W,
USP64,Palmetto Bay,Palmetto Bay,US,FL,RL,2537N 08019W,
USP77,Panora,Panora,US,IA,RL,4141N 09421W,
USP9O,Pinto Island,Pinto Island,US,AL,RL,3040N 08801W,
USPA2,Point Arena,Point Arena,US,CA,RL,3854N 12341W,
USPA9,Greentown,Greentown,US,PA,RL,4119N 07518W,
USPAA,Pine Apple,Pine Apple,US,AL,RL,3152N 08659W,
USPAE,Everett,Everett,US,WA,AI,,
USPAH,Paducah,Paducah,US,KY,AI,3705N 08837W,
USPAL,Port Allen,Port Allen,US,HI,RL,2154N 15935W,
USPAS,Pasadena,Pasadena,US,TX,RL,2941N 09512W,
USPAY,Perth Amboy,Perth Amboy,US,NJ,RN,,
USPB4,Pensacola Beach,Pensacola Beach,US,FL,RL,3020N 08708W,
USPB7,Cape Blanco,Cape Blanco,US,OR,RL,4250N 12434W,
USPBE,Palatine Bridge,Palatine Bridge,US,NY,RL,4255N 07434W,
USPBI,West Palm Beach,West Palm Beach,US,FL,AI,,
USPCP,Patchogue,Patchogue,US,NY,RL,4046N 07301W,
USPCV,Port Canaveral,Port Canaveral,US,FL,RL,2824N 08036W,
USPDI,Port Madison,Port Madison,US,WA,RL,4742N 12234W,
USPDX,Portland,Portland,US,OR,AI,,
USPE2,Port Ewen,Port Ewen,US,NY,RL,4154N 07359W,
USPEA,Pearl Harbor,Pearl Harbor,US,HI,RN,,
USPEB,Port Elizabeth,Port Elizabeth,US,NJ,RL,3918N 07458W,
USPEF,Port Everglades,Port Everglades,US,FL,RN,2606N 08008W,
USPFN,Panama City,Panama City,US,FL,AI,,
USPG8,Pound Ridge,Pound Ridge,US,NY,RL,4112N 07334W,
USPGE,Pagedale,Pagedale,US,MO,RL,3841N 09018W,
USPGH,Port Gamble,Port Gamble,US,WA,RL,4751N 12235W,
USPGL,Pascagoula,Pascagoula,US,MS,AI,,
USPGQ,Puget Sound,Puget Sound,US,WA,AI,4749N 12226W,
USPGX,Pillager,Pillager,US,MN,RL,4620N 09428W,
USPGY,"Spring Valley, San Diego","Spring Valley, San Diego",US,CA,RL,3244N 11659W,
USPGZ,Palo Pinto,Palo Pinto,US,TX,RL,3246N 09817W,
USPHL,Philadelphia,Philadelphia,US,PA,AI,,
USPHN,Port Huron,Port Huron,US,MI,AI,4258N 08225W,
USPI7,Pleasant Island,Pleasant Island,US,AK,RL,5821N 13538W,
USPIE,Saint Petersburg,Saint Petersburg,US,FL,AI,2746N 08241W,
USPIS,Port Isabel,Port Isabel,US,TX,RL,,
USPIT,Pittsburgh,Pittsburgh,US,PA,AI,,
USPIW,Pilottown,Pilottown,US,LA,RL,2911N 08915W,
USPK3,Parks,Parks,US,AZ,RL,3516N 11157W,
USPKT,Parkton,Parkton,US,NC,RL,3454N 07900W,
USPLL,Port Allen,Port Allen,US,LA,RN,3027N 09112W,
USPLP,Pleasant Prairie,Pleasant Prairie,US,WI,RL,4233N 08756W,
USPLU,Port Ludlow,Port Ludlow,US,WA,RL,4755N 12241W,
USPLV,Port Lavaca,Port Lavaca,US,TX,RN,2836N 09637W,
USPM3,Port Monmouth,Port Monmouth,US,NJ,RL,4026N 07406W,
USPM4,"Port Morris, Bronx","Port Morris, Bronx",US,NY,RL,4048N 07355W,
USPM8,Pilot Mountain,Pilot Mountain,US,NC,RL,3623N 08028W,
USPME,Port Manatee,Port Manatee,US,FL,RL,2738N 08233W,
USPMV,Port MacKenzie,Port MacKenzie,US,AK,RL,6116N 14955W,
USPMZ,Palmertown,Palmertown,US,PA,RL,4028N 07910W,
USPNJ,Port Newark,Port Newark,US,NJ,RL,4041N 07407W,
USPNS,Pensacola,Pensacola,US,FL,AI,,
USPO2,Port Orford,Port Orford,US,OR,RL,4245N 12430W,
USPO7,Ponsford,Ponsford,US,MN,RL,4658N 09523W,
USPO8,Pompton,Pompton,US,NJ,RL,4059N 07416W,
USPOA,Port Arthur,Port Arthur,US,TX,RL,2953N 09355W,
USPOB,Port Bolivar,Port Bolivar,US,TX,RL,2922N 09445W,
USPOD,Porterdale,Porterdale,US,GA,RL,3334N 08353W,
USPOJ,Portage,Portage,US,IN,RL,4135N 08712W,
USPOW,Port Washington,Port Washington,US,NY,RL,4049N 07341W,
USPP3,Point Pleasant Beach,Point Pleasant Beach,US,NJ,RL,4005N 07403W,
USPP4,Powells Point,Powells Point,US,NC,RL,3609N 07551W,
USPP5,Point Conception,Point Conception,US,CA,RL,3427N 12028W,
USPP9,Prospect,Prospect,US,VA,RL,3718N 07833W,
USPPS,Pennsauken,Pennsauken,US,NJ,RL,3957N 07503W,
USPQM,Palm,Palm,US,PA,RL,4025N 07532W,
USPQN,Pequannock,Pequannock,US,NJ,RL,4057N 07417W,
USPRS,Point Roberts,Point Roberts,US,WA,RL,4859N 12304W,
USPRY,Port Blakely,Port Blakely,US,WA,RL,4736N 12230W,
USPS3,Prairie du Sac,Prairie du Sac,US,WI,RL,4317N 08943W,
USPS6,Pearson,Pearson,US,WI,RL,4521N 08900W,
USPS9,Preston,Preston,US,ID,RL,4205N 11152W,
USPSJ,Port Saint Joe,Port Saint Joe,US,FL,RL,2948N 08518W,
USPSL,Port San Luis,Port San Luis,US,CA,RL,3510N 12045W,
USPSM,Portsmouth,Portsmouth,US,NH,AI,,
USPT7,Prichard,Prichard,US,WV,RL,3814N 08235W,
USPTJ,Port Jefferson,Port Jefferson,US,NY,RL,4056N 07304W,
USPTM,Portsmouth,Portsmouth,US,VA,AS,3650N 07618W,
USPVC,Provincetown,Provincetown,US,MA,AI,,
USPVD,Providence,Providence,US,RI,AI,,
USPWG,Paterson,Paterson,US,WA,RL,4556N 11936W,
USPWM,Portland,Portland,US,ME,AI,,
USPWQ,Portland,Portland,US,MI,RL,,
USPWT,Bremerton,Bremerton,US,WA,AI,,
USPXD,South Padre Island,South Padre Island,US,TX,RL,2606N 09709W,
USPY6,Paisley,Paisley,US,FL,RL,2859N 08132W,
USPYB,Perryman,Perryman,US,MD,RL,3928N 07612W,
USPZH,Port Chicago,Port Chicago,US,CA,RL,3803N 12201W,
USQAC,Cato,Cato,US,NY,RL,4310N 07634W,
USQAI,Clare,Clare,US,IL,RL,4201N 08850W,
USQAP,Creekside,Creekside,US,PA,RL,4040N 07911W,
USQCB,Claysburg,Claysburg,US,PA,RL,4018N 07827W,
USQCC,Chevy Chase,Chevy Chase,US,MD,RL,3858N 07705W,
USQCH,Carthage,Carthage,US,NY,RL,4359N 07537W,
USQCN,Coal Center,Coal Center,US,PA,RL,4004N 07954W,
USQCQ,Chautauqua,Chautauqua,US,NY,RL,4212N 07928W,
USQCZ,Cozad,Cozad,US,NE,RL,4051N 09959W,
USQDM,Elmont,Elmont,US,NY,RL,4042N 07342W,
USQDQ,DeQuincy,DeQuincy,US,LA,RL,3027N 09325W,
USQDU,Lexington,Lexington,US,MO,RL,3901N 09229W,
USQDV,Devenscrest,Devenscrest,US,MA,RL,4233N 07134W,
USQDY,Dolgeville,Dolgeville,US,NY,RL,4306N 07446W,
USQEB,Edinboro,Edinboro,US,PA,RL,4152N 08007W,
USQEI,Ewing,Ewing,US,NJ,RL,4016N 07448W,
USQEO,Earlington,Earlington,US,KY,RL,3716N 08730W,
USQET,East Setauket,East Setauket,US,NY,RL,4056N 07306W,
USQEV,Earlville,Earlville,US,IA,RL,4228N 09116W,
USQEW,Erwins,Erwins,US,NY,RL,4206N 07708W,
USQEY,Eakly,Eakly,US,OK,RL,3518N 09833W,
USQFA,Fort Davis,Fort Davis,US,TX,RL,3035N 10353W,
USQFC,Fairmont City,Fairmont City,US,PA,RL,4101N 07919W,
USQFI,Ferriday,Ferriday,US,LA,RL,3137N 09133W,
USQFM,Farmington Hill,Farmington Hill,US,PA,RL,4155N 07714W,
USQFU,Fort Lupton,Fort Lupton,US,CO,RL,4005N 10448W,
USQFY,Fairmont City,Fairmont City,US,IL,RL,3838N 09005W,
USQGB,Grand Blanc,Grand Blanc,US,MI,RL,4255N 08337W,
USQGT,Garrett,Garrett,US,IN,RL,4120N 08508W,
USQGX,Goldthwaite,Goldthwaite,US,TX,RL,3126N 09834W,
USQHA,Hatton,Hatton,US,ND,RL,4738N 09727W,
USQHE,Hooker,Hooker,US,OK,RL,3651N 10112W,
USQHG,Huger,Huger,US,SC,RL,3305N 07948W,
USQHH,Ambrose Channel Light,Ambrose Channel Light,US,NJ,RL,4027N 07350W,
USQHK,Hopkinton,Hopkinton,US,IA,RL,4220N 09114W,
USQHS,Mount Holly Springs,Mount Holly Springs,US,PA,RL,4007N 07711W,
USQHT,Huber Heights,Huber Heights,US,OH,RL,3950N 08407W,
USQIL,Idabel,Idabel,US,OK,RL,3353N 09449W,
USQIM,Coldwater,Coldwater,US,MS,RL,3242N 08912W,
USQIS,Inverness,Inverness,US,CA,RL,3806N 12251W,
USQJB,Jobstown,Jobstown,US,NJ,RL,4002N 07441W,
USQJC,Lake Park,Lake Park,US,IA,RL,4327N 09519W,
USQJZ,Scales Mound,Scales Mound,US,IL,RL,4228N 09015W,
USQKC,Kimberling City,Kimberling City,US,MO,RL,3638N 09325W,
USQKK,Keswick,Keswick,US,IA,RL,4127N 09214W,
USQKM,Ketchum,Ketchum,US,ID,RL,4340N 11421W,
USQLF,Linn Creek,Linn Creek,US,MO,RL,3802N 09242W,
USQLH,Laurelville,Laurelville,US,OH,RL,3928N 08244W,
USQLI,Loves Park,Loves Park,US,IL,RL,4219N 08903W,
USQLO,Leonia,Leonia,US,NJ,RL,4051N 07359W,
USQLR,Laureldale,Laureldale,US,PA,RL,4023N 07555W,
USQLT,Loretto,Loretto,US,PA,RL,4030N 07837W,
USQLY,Lyles,Lyles,US,TN,RL,3555N 08720W,
USQMC,McLeansville,McLeansville,US,NC,RL,3606N 07939W,
USQMK,Markleville,Markleville,US,IN,RL,3958N 08536W,
USQMM,Marne,Marne,US,MI,RL,4302N 08549W,
USQMU,Mantua,Mantua,US,NJ,RL,3947N 07510W,
USQMW,McCleary,McCleary,US,WA,RL,4703N 12315W,
USQNE,Newportville,Newportville,US,PA,RL,4007N 07454W,
USQNM,North Miami,North Miami,US,FL,RL,2553N 08011W,
USQNN,New Ipswich,New Ipswich,US,NH,RL,4244N 07151W,
USQNV,Nokesville,Nokesville,US,VA,RL,3841N 07734W,
USQOA,Olyphant,Olyphant,US,PA,RL,4128N 07536W,
USQOC,Port Orchard,Port Orchard,US,,RL,4732N 12238W,
USQOP,Oak Park,Oak Park,US,IL,RL,4153N 08747W,
USQOR,Moravia,Moravia,US,IA,RL,4053N 09248W,
USQOT,Olton,Olton,US,TX,RL,3411N 10208W,
USQPD,Poland,Poland,US,OH,RL,4101N 08036W,
USQPH,Pocahontas,Pocahontas,US,TN,RL,3538N 08602W,
USQPM,Pamplin,Pamplin,US,VA,RL,3715N 07840W,
USQPN,Peconic,Peconic,US,NY,RL,4102N 07227W,
USQPR,Port Eads,Port Eads,US,LA,RL,2900N 08910W,
USQPS,Pine Bluffs,Pine Bluffs,US,WY,RL,4110N 10404W,
USQPX,Prosper,Prosper,US,TX,RL,3314N 09648W,
USQPY,Pine Plains,Pine Plains,US,NY,RL,4158N 07339W,
USQPZ,South Fallsburg,South Fallsburg,US,NY,RL,,
USQQN,River Ridge,River Ridge,US,LA,RL,2957N 09012W,
USQQX,Steelton,Steelton,US,PA,RL,4014N 07650W,
USQR5,Grimes,Grimes,US,CA,RL,3904N 12153W,
USQRI,Burlison,Burlison,US,TN,RL,3533N 08947W,
USQRL,Erial,Erial,US,NJ,RL,3946N 07500W,
USQSG,Spring Green,Spring Green,US,WI,RL,4310N 09004W,
USQSK,Saco,Saco,US,ME,RL,4330N 07027W,
USQST,Stoystown,Stoystown,US,PA,RL,4006N 07856W,
USQSW,South Walpole,South Walpole,US,MA,RL,4206N 07115W,
USQTB,Tabor City,Tabor City,US,NC,RL,3408N 07852W,
USQTF,Three Forks Junction,Three Forks Junction,US,MT,RL,4553N 11135W,
USQTH,Tomah,Tomah,US,WI,RL,4358N 09030W,
USQTI,Trinity,Trinity,US,AL,RL,3335N 08552W,
USQTN,Tornillo,Tornillo,US,TX,RL,3126N 10605W,
USQTO,Tonica,Tonica,US,IL,RL,4112N 08904W,
USQTY,Terry,Terry,US,MS,RL,3205N 09017W,
USQUI,Quincy,Quincy,US,CA,RL,3955N 12055W,
USQUS,Upper Saint Regis,Upper Saint Regis,US,NY,RL,4424N 07416W,
USQWD,Waelder,Waelder,US,TX,RL,2941N 09717W,
USQWI,Fountain Hills,Fountain Hills,US,AZ,RL,,
USQWL,Willimantic,Willimantic,US,CT,RL,4142N 07212W,
USQWW,Wynnewood,Wynnewood,US,PA,RL,4000N 07516W,
USQXY,Browns Mills,Browns Mills,US,NJ,RL,3958N 07435W,
USQYL,Loudonville,Loudonville,US,NY,RL,4242N 07345W,
USQZJ,Windsor,Windsor,US,ME,RL,4418N 06934W,
USQZN,New Point,New Point,US,VA,RL,3721N 07617W,
USR2V,Rockville,Rockville,US,VA,RL,3743N 07740W,
USR34,Rootstown,Rootstown,US,OH,RL,4105N 08114W,
USR3O,Rollinsford,Rollinsford,US,NH,RL,4314N 07049W,
USR55,Rochelle,Rochelle,US,VA,RL,3817N 07816W,
USR5W,Rowena,Rowena,US,SD,RL,4331N 09633W,
USR63,Rockport,Rockport,US,IL,RL,3932N 09100W,
USR88,Rio,Rio,US,WI,RL,4327N 08914W,
USRA3,Forest Ranch,Forest Ranch,US,CA,RL,3952N 12140W,
USRAC,Racine,Racine,US,WI,AI,,
USRAF,Ringle,Ringle,US,WI,RL,4453N 08925W,
USRAI,Rainier,Rainier,US,OR,RN,,
USRAJ,Rotterdam,Rotterdam,US,NY,RL,4247N 07358W,
USRBO,Rancho Bernardo,Rancho Bernardo,US,CA,RL,3301N 11703W,
USRC6,Rock Creek,Rock Creek,US,OH,RL,4139N 08051W,
USRCH,Richmond,Richmond,US,CA,RN,,
USRCY,Rogers City,Rogers City,US,MI,RN,,
USRD4,Rodeo,Rodeo,US,CA,RL,3801N 12215W,
USRDK,Red Oak,Red Oak,US,IA,RL,4100N 09513W,
USRF5,Red Feather Lakes,Red Feather Lakes,US,CO,RL,4048N 10535W,
USRG6,River Grove,River Grove,US,IL,RL,4155N 08750W,
USRGA,Baraga,Baraga,US,MI,RL,4647N 08830W,
USRGJ,Rivergate,Rivergate,US,OR,RL,4537N 12246W,
USRGS,Rogers,Rogers,US,CT,RL,4150N 07154W,
USRH2,Rogers Haven,Rogers Haven,US,DE,RL,3834N 07506W,
USRHG,Rancho Mirage,Rancho Mirage,US,CA,RL,3344N 11625W,
USRHY,Red Hill,Red Hill,US,PA,RL,4022N 07529W,
USRI4,Port Richmond,Port Richmond,US,PA,RL,3959N 07506W,
USRIC,Richmond,Richmond,US,VA,AI,3733N 07727W,
USRIM,Rimer,Rimer,US,OH,RL,4053N 08412W,
USRJQ,Roggen,Roggen,US,CO,RL,4010N 10422W,
USRJT,Roseton,Roseton,US,NY,RL,4134N 07400W,
USRKD,Rockland,Rockland,US,ME,AI,,
USRKY,Rocky River,Rocky River,US,OH,RL,4128N 08150W,
USRL5,Starlight,Starlight,US,IN,RL,3824N 08553W,
USRLT,Roosevelt,Roosevelt,US,WA,RL,4544N 12012W,
USRMA,Hermann,Hermann,US,MO,RL,3842N 09126W,
USRNN,Clarendon,Clarendon,US,AR,RL,3441N 09118W,
USRO2,Santa Rosa Island,Santa Rosa Island,US,CA,RL,3357N 12006W,
USROC,Rochester,Rochester,US,NY,AI,,
USROJ,Ronks,Ronks,US,PA,RL,4001N 07610W,
USRP3,Rockport,Rockport,US,ME,RL,4411N 06905W,
USRR6,Redwood Valley,Redwood Valley,US,CA,RL,3915N 12312W,
USRRT,Warroad,Warroad,US,MN,AI,,
USRSG,Rosenberg,Rosenberg,US,TX,RL,2933N 09548W,
USRSK,Rosiclare,Rosiclare,US,IL,RL,3725N 08821W,
USRUX,Barboursville,Barboursville,US,VA,RL,3810N 07816W,
USRV4,Saddle River,Saddle River,US,NJ,RL,4101N 07406W,
USRV5,Riverdale,Riverdale,US,NY,RL,4312N 07525W,
USRV9,Roseville,Roseville,US,NC,RL,,
USRWC,Redwood City,Redwood City,US,CA,RN,,
USRWK,Berwick,Berwick,US,LA,RL,2941N 09113W,
USRWQ,Spencer,Spencer,US,IN,RL,3917N 08645W,
USRWX,Casselton,Casselton,US,ND,RL,4654N 01239W,
USRXF,Rexford,Rexford,US,MT,RL,4854N 11510W,
USRXO,Clearlake Oaks,Clearlake Oaks,US,CA,RL,3902N 12240W,
USRXR,Fruitland,Fruitland,US,ID,RL,,
USRYF,Rocky Face,Rocky Face,US,GA,RL,3448N 08501W,
USRYK,Rockaway Parks,Rockaway Parks,US,NY,RL,4034N 07350W,
USRYN,Roslyn Heights,Roslyn Heights,US,NY,RL,4047N 07338W,
USS2B,Salemburg,Salemburg,US,NC,RL,3556N 07811W,
USS3G,Spring Grove,Spring Grove,US,VA,RL,3716N 07951W,
USS44,Scio,Scio,US,OR,RL,4442N 12250W,
USS4Y,Sarita,Sarita,US,TX,RL,2713N 09747W,
USS67,Saint Paul Park,Saint Paul Park,US,MN,RL,4450N 09259W,
USS7I,Sidney,Sidney,US,KY,RL,3737N 08221W,
USS7K,South Kingstown,South Kingstown,US,RI,RL,4126N 07131W,
USS7T,Saint Charles,Saint Charles,US,MO,RL,3847N 09030W,
USS7Y,Smyrna,Smyrna,US,NC,RL,3445N 07631W,
USS8K,South Salt Lake,South Salt Lake,US,UT,RL,4043N 11153W,
USS8T,Stony Point,Stony Point,US,NY,RL,4113N 07359W,
USSA3,Saint Albans,Saint Albans,US,WV,RL,3823N 08149W,
USSA6,Santee,Santee,US,SC,RL,3328N 08029W,
USSAB,Sabine,Sabine,US,TX,RN,,
USSAC,Sacramento,Sacramento,US,CA,AI,3834N 12129W,
USSAN,San Diego,San Diego,US,CA,AI,3242N 11709W,
USSAV,Savannah,Savannah,US,GA,AI,,
USSBA,Santa Barbara,Santa Barbara,US,CA,AI,,
USSBB,Sabina,Sabina,US,OH,RL,3929N 08338W,
USSBQ,Ship Bottom,Ship Bottom,US,NJ,RL,3939N 07411W,
USSCK,Stockton,Stockton,US,CA,AI,3757N 12117W,
USSE3,Soap Lake,Soap Lake,US,WA,RL,4723N 11929W,
USSE4,Sedan,Sedan,US,KS,RL,3707N 09611W,
USSEA,Seattle,Seattle,US,WA,AI,,
USSFO,San Francisco,San Francisco,US,CA,AI,,
USSFY,Springfield,Springfield,US,MA,RN,,
USSG3,Spring Grove,Spring Grove,US,IL,RL,4226N 08811W,
USSGI,Sterling,Sterling,US,IL,RL,4147N 08941W,
USSGN,Stonington,Stonington,US,CT,RL,4120N 07154W,
USSGY,Skagway,Skagway,US,AK,AI,,
USSI2,Sledge Island,Sledge Island,US,AK,RL,6429N 16612W,
USSI7,Sierra Vista,Sierra Vista,US,CA,RL,3709N 12017W,
USSIB,Silver Bay,Silver Bay,US,MN,RN,,
USSJC,San Jose,San Jose,US,CA,AI,,
USSK3,Summerland Key,Summerland Key,US,FL,RL,2439N 08127W,
USSK4,Smackover,Smackover,US,AR,RL,3321N 09243W,
USSKT,Stickney,Stickney,US,IL,RL,4149N 08746W,
USSKY,"Sandusky, Erie","Sandusky, Erie",US,OH,AI,4126N 08242W,
USSKZ,Saint Clair,Saint Clair,US,PA,RL,4043N 07611W,
USSLM,Salem,Salem,US,MA,RN,,
USSO9,Stookey,Stookey,US,IL,RL,3830N 09005W,
USSOD,Sodus Point,Sodus Point,US,NY,RN,,
USSOH,South Haven,South Haven,US,MI,RN,,
USSP2,Sagaponack,Sagaponack,US,NY,RL,4055N 07217W,
USSPQ,San Pedro,San Pedro,US,CA,AI,,
USSPT,South Saint Paul,South Saint Paul,US,MN,RL,4453N 09303W,
USSR4,Shalimar,Shalimar,US,FL,RL,3027N 08635W,
USSR9,Stansbury park,Stansbury park,US,UT,RL,4038N 11217W,
USSRE,Saint Rose,Saint Rose,US,LA,RN,2957N 09019W,
USSRN,Saranac,Saranac,US,MI,RL,4255N 08512W,
USSRP,Searsport,Searsport,US,ME,RN,,
USSRU,Santa Cruz,Santa Cruz,US,CA,AI,,
USSS3,Somerset,Somerset,US,MA,RL,4144N 07110W,
USSSI,Brunswick,Brunswick,US,GA,AI,,
USSSM,Sault Sainte Marie,Sault Sainte Marie,US,MI,AI,,
USST9,Saint George,Saint George,US,ME,RL,4401N 06911W,
USSTG,Saint George Island,Saint George Island,US,AK,AI,,
USSTH,Saint Helens,Saint Helens,US,OR,RN,,
USSTL,Saint Louis,Saint Louis,US,MO,AI,3837N 09011W,
USSTP,Saint Paul,Saint Paul,US,MN,AI,,
USSTZ,Scottsdale,Scottsdale,US,AZ,RL,3330N 11153W,
USSUL,Port Sulphur,Port Sulphur,US,LA,RN,2928N 08941W,
USSUT,Sunny Point,Sunny Point,US,NC,RL,3359N 07757W,
USSUW,Superior,Superior,US,WI,AI,,
USSUX,Sioux City,Sioux City,US,IA,AI,,
USSXF,San Mateo,San Mateo,US,CA,RN,,
USSYP,Sandy Point,Sandy Point,US,ME,RN,,
USSYR,Syracuse,Syracuse,US,NY,AI,,
UST2R,Trempealeau,Trempealeau,US,WI,RL,4420N 09131W,
UST5W,Tow,Tow,US,TX,RL,3053N 09828W,
UST9X,Millican,Millican,US,TX,RL,3028N 09612W,
USTA2,Talihina,Talihina,US,OK,RL,3445N 09502W,
USTA3,Tahuya,Tahuya,US,WA,RL,4722N 12303W,
USTAJ,Alta Loma,Alta Loma,US,CA,RL,3407N 11735W,
USTAW,Matawan,Matawan,US,NJ,RL,4024N 07413W,
USTB3,Tabor,Tabor,US,SD,RL,4256N 09739W,
USTBH,Atlantic Beach,Atlantic Beach,US,NC,RL,3442N 07644W,
USTBJ,Tanaga Bay,Tanaga Bay,US,AK,RL,5144N 17802W,
USTBW,Point Barrow,Point Barrow,US,AK,RL,7117N 15640W,
USTBZ,Tubac,Tubac,US,AZ,RL,3137N 11103W,
USTC4,Town and Country,Town and Country,US,MO,RL,3836N 09027W,
USTCH,Taconite Harbor,Taconite Harbor,US,MN,RL,4731N 09055W,
USTDI,Tatoosh Island,Tatoosh Island,US,WA,RL,4823N 12444W,
USTE8,Tyee,Tyee,US,AK,RL,5703N 13433W,
USTEP,Stephentown,Stephentown,US,NY,RL,4232N 07322W,
USTFG,Trafalgar,Trafalgar,US,IN,RL,3924N 08609W,
USTFO,Stratford,Stratford,US,WI,RL,4448N 09004W,
USTFR,Transfer,Transfer,US,PA,RL,4119N 08025W,
USTFT,Taft,Taft,US,LA,RL,2959N 09026W,
USTGB,Indian Mills,Indian Mills,US,NJ,RL,3947N 07444W,
USTHF,Thompson Falls,Thompson Falls,US,MT,RL,4736N 11521W,
USTHN,Athena,Athena,US,OR,RL,4548N 11829W,
USTHU,Croton-on-Hudson,Croton-on-Hudson,US,NY,RL,4112N 07353W,
USTIE,Wolcottville,Wolcottville,US,IN,RL,4131N 08522W,
USTIS,Stillwater,Stillwater,US,MN,RL,4503N 09248W,
USTIW,Tacoma,Tacoma,US,WA,AI,,
USTJB,Brilliant,Brilliant,US,OH,RL,4015N 08073W,
USTJJ,Platte,Platte,US,MO,RL,3921N 09446W,
USTK9,Stockett,Stockett,US,MT,RL,4721N 11110W,
USTKN,Tomkins Cove,Tomkins Cove,US,NY,RL,4115N 07359W,
USTL8,Tillson,Tillson,US,NY,RL,4149N 07404W,
USTLQ,Hilton,Hilton,US,NY,RL,4317N 07737W,
USTMM,Tamms,Tamms,US,IL,RL,3714N 08916W,
USTMN,Trumann,Trumann,US,AR,RL,3540N 09030W,
USTMZ,Tecumseh,Tecumseh,US,MO,RL,3635N 09218W,
USTNE,Tavernier,Tavernier,US,FL,RL,2500N 08031W,
USTNI,Tunica,Tunica,US,MS,RL,3441N 09022W,
USTNV,Triangle,Triangle,US,VA,RL,3833N 07720W,
USTO3,Corralitos,Corralitos,US,CA,RL,3659N 12148W,
USTOL,Toledo,Toledo,US,OH,AI,,
USTOU,Saint Johnsville,Saint Johnsville,US,NY,RL,4300N 07441W,
USTOZ,Low Moor,Low Moor,US,VA,RL,3747N 07953W,
USTP2,Tupper Lake,Tupper Lake,US,NY,RL,4413N 07428W,
USTPA,Tampa,Tampa,US,FL,AI,,
USTPC,Cape Carteret,Cape Carteret,US,NC,RL,3441N 07704W,
USTPS,Thompson,Thompson,US,OH,RL,4141N 08103W,
USTPW,Thompsontown,Thompsontown,US,PA,RL,4049N 07837W,
USTQT,Tionesta,Tionesta,US,PA,RL,4129N 07927W,
USTRK,Tamarac,Tamarac,US,FL,RL,2612N 08015W,
USTRY,Troy,Troy,US,NY,RL,4243N 07341W,
USTS4,Chatsworth,Chatsworth,US,IL,RL,4045N 08817W,
USTSA,Savannah,Savannah,US,TN,RL,3513N 08814W,
USTSI,Tishomingo,Tishomingo,US,OK,RL,3415N 09641W,
USTSL,Ten Sleep,Ten Sleep,US,WY,RL,4402N 10727W,
USTSN,Fort Snelling,Fort Snelling,US,MN,RL,4454N 09310W,
USTSO,Lost Hills,Lost Hills,US,CA,RL,3537N 11941W,
USTSX,Mauston,Mauston,US,WI,RL,4350N 09038W,
USTSZ,Bronston,Bronston,US,KY,RL,3659N 08437W,
USTT9,Tuscan,Tuscan,US,NY,RL,4235N 07446W,
USTTS,Scottsville,Scottsville,US,VA,RL,3747N 07829W,
USTTV,"Tottenville, Staten Island","Tottenville, Staten Island",US,NY,RL,4031N 07415W,
USTUB,Boutte,Boutte,US,LA,RL,2954N 09023W,
USTUV,Gertrude Cove,Gertrude Cove,US,AK,RL,5156N 17727E,
USTW2,Twin Lake,Twin Lake,US,MI,RL,4321N 08609W,
USTWD,Port Townsend,Port Townsend,US,WA,AI,,
USTWM,"Stewart, McLeod","Stewart, McLeod",US,MN,RL,4443N 09421W,
USTWZ,Tarrytown,Tarrytown,US,NY,RL,4104N 07352W,
USTX3,Fairview,Fairview,US,TX,RL,3230N 09748W,
USTXQ,Noti,Noti,US,OR,RL,4403N 12326W,
USTXT,Texas City,Texas City,US,TX,RN,,
USTXU,Garden City,Garden City,US,ID,RL,4430N 11413W,
USTXX,Powderly,Powderly,US,TX,RL,3348N 09531W,
USTYY,East Troy,East Troy,US,WI,RL,4247N 08824W,
USU3V,Weybridge,Weybridge,US,VT,RL,4403N 07312W,
USUA7,Laurelton,Laurelton,US,NY,RL,4040N 07345W,
USUCR,Urbancrest,Urbancrest,US,OH,RL,3954N 08305W,
USUDC,Cumberland City,Cumberland City,US,TN,RL,3623N 08737W,
USUFG,Chesapeake,Chesapeake,US,VA,AI,,
USUGE,Council Grove,Council Grove,US,KS,RL,3840N 09630W,
USUGN,Waukegan,Waukegan,US,IL,AI,4221N 08750W,
USUHI,Unity,Unity,US,ME,RL,4436N 06920W,
USUHO,North Monmouth,North Monmouth,US,ME,RL,4416N 07001W,
USUIT,Susitna,Susitna,US,AK,RL,6132N 15030W,
USUKK,University Park,University Park,US,TX,RL,3251N 09648W,
USULO,Bunola,Bunola,US,PA,RL,4014N 07957W,
USUMO,Cataumet,Cataumet,US,MA,RL,4140N 07037W,
USUMQ,Mecosta,Mecosta,US,MI,RL,4337N 08513W,
USUO4,Woodfin,Woodfin,US,NC,RL,3538N 08235W,
USUQQ,Tulalip,Tulalip,US,WA,RL,4804N 12217W,
USURE,Laurel,Laurel,US,DE,RL,3833N 07534W,
USURR,Port Murray,Port Murray,US,NJ,RL,4047N 07454W,
USUSA,Bourbonnais,Bourbonnais,US,IL,RL,4109N 08753W,
USUSB,"Curtis Bay, Baltimore","Curtis Bay, Baltimore",US,MD,RL,3913N 07635W,
USUT2,Uniontown,Uniontown,US,KY,RL,3746N 08756W,
USUTA,Tchula,Tchula,US,MS,RL,3311N 09013W,
USUTS,Saint Louis,Saint Louis,US,LA,RL,3015N 09114W,
USUWC,Uwchland,Uwchland,US,PA,RL,4004N 07541W,
USUWH,South Windham,South Windham,US,CT,RL,4141N 07210W,
USUXX,Uxbridge,Uxbridge,US,MA,RL,4204N 07137W,
USUXZ,Port Chester,Port Chester,US,NY,RL,,
USUYU,Staten Island,Staten Island,US,NY,RL,4035N 07409W,
USV7X,Croxton,Croxton,US,NJ,RL,4044N 07403W,
USVAN,Vancouver,Vancouver,US,WA,RN,,
USVAU,Augusta Springs,Augusta Springs,US,VA,RL,3806N 07919W,
USVBE,Van Buren,Van Buren,US,WI,RL,4240N 09043W,
USVDZ,Valdez,Valdez,US,AK,AI,6106N 14612W,
USVE9,Vermilion,Vermilion,US,OH,RL,4125N 08221W,
USVED,Vineyard,Vineyard,US,UT,RL,4019N 11145W,
USVFR,Ansonville,Ansonville,US,NC,RL,3506N 08006W,
USVGS,Vanceburg,Vanceburg,US,KY,RL,3836N 08319W,
USVIR,Viroqua,Viroqua,US,WI,RL,4333N 09053W,
USVIX,Viola,Viola,US,WI,RL,3027N 04013W,
USVJ2,Villard Junction,Villard Junction,US,WA,RL,4610N 11900W,
USVKB,Vicksburg,Vicksburg,US,MI,RL,4207N 08531W,
USVKS,Vicksburg,Vicksburg,US,MS,AI,,
USVKY,Silver Grove,Silver Grove,US,KY,RL,3902N 08423W,
USVLS,Van Alstyne,Van Alstyne,US,TX,RL,3325N 09634W,
USVMD,Vienna,Vienna,US,MD,RL,3829N 07549W,
USVN3,Venice,Venice,US,LA,RL,2916N 08921W,
USVNT,Ventura,Ventura,US,CA,RL,3416N 11917W,
USVOT,Violet,Violet,US,LA,RL,2953N 08953W,
USVOW,Stow,Stow,US,NY,RL,4209N 07924W,
USVQV,Nashville,Nashville,US,MI,RL,4236N 08505W,
USVR9,Augusta,Augusta,US,MO,RL,3834N 09052W,
USVRD,Riverside,Riverside,US,CT,RL,4123N 07310W,
USVSE,Riverside,Riverside,US,RI,RL,4146N 07121W,
USVTD,Wilder,Wilder,US,VT,RL,4340N 07219W,
USVTP,Portville,Portville,US,NY,RL,4202N 07820W,
USVTT,Lovettsville,Lovettsville,US,VA,RL,3916N 07738W,
USVVC,Terra Bella,Terra Bella,US,CA,RL,3557N 11902W,
USVVZ,Centre Hall,Centre Hall,US,PA,RL,4050N 07741W,
USVWR,Warren,Warren,US,OR,RL,4549N 12251W,
USVXJ,Claves,Claves,US,OH,RL,3992N 08444W,
USVZZ,Goochland,Goochland,US,VA,RL,3741N 07753W,
USW26,Willow Park,Willow Park,US,TX,AA,3245N 09739W,
USW6T,Ceredo,Ceredo,US,WV,RL,3823N 08233W,
USW9A,Washington Terrace,Washington Terrace,US,UT,RL,4110N 11158W,
USWA4,Walsh,Walsh,US,CO,RL,3723N 10216W,
USWA7,Wakeman,Wakeman,US,OH,RL,4115N 08223W,
USWAB,Washington,Washington,US,GA,RL,3344N 08244W,
USWBM,West Boylston,West Boylston,US,MA,RL,4222N 07147W,
USWC4,Wicomico Church,Wicomico Church,US,VA,RL,3749N 07624W,
USWCO,Welcome,Welcome,US,NC,RL,3554N 08015W,
USWCP,Wicker Park,Wicker Park,US,IL,RL,4154N 08740W,
USWCW,Lake Waccamaw,Lake Waccamaw,US,NC,RL,3419N 07830W,
USWDZ,Woodside,Woodside,US,CA,RL,3726N 12216W,
USWE2,Westerlo,Westerlo,US,NY,RL,4230N 07402W,
USWEP,Westampton,Westampton,US,NJ,RL,4001N 07450W,
USWEQ,West Allis,West Allis,US,WI,RL,4301N 08800W,
USWFB,Wolfeboro,Wolfeboro,US,NH,RL,4335N 07112W,
USWG2,Waggaman,Waggaman,US,LA,RL,2955N 09012W,
USWGB,"Winnebago, Faribault","Winnebago, Faribault",US,MN,RL,4346N 09411W,
USWGX,Wingate,Wingate,US,TX,RL,3203N 10007W,
USWH7,Waianae,Waianae,US,HI,RL,2126N 15811W,
USWKT,Whitakers,Whitakers,US,NC,RL,3606N 07742W,
USWLQ,West Long Branch,West Long Branch,US,NJ,RL,4017N 07401W,
USWMA,Wilma,Wilma,US,WA,RL,4640N 11708W,
USWMJ,Windham,Windham,US,CT,RL,4142N 07209W,
USWMP,Whitmore Lake,Whitmore Lake,US,MI,RL,4325N 07554W,
USWMU,West Yarmouth,West Yarmouth,US,MA,RL,4139N 07015W,
USWNF,Wisconsin Dells,Wisconsin Dells,US,WI,RL,4337N 08946W,
USWNH,Wentworth,Wentworth,US,NH,RL,4352N 07155W,
USWNK,Winooski,Winooski,US,VT,RL,4429N 07312W,
USWNS,Winsted,Winsted,US,CT,RL,4155N 07303W,
USWO4,Birnamwood,Birnamwood,US,WI,RL,4456N 08912W,
USWO7,Woodgate,Woodgate,US,NY,RL,4331N 07509W,
USWOT,West Point,West Point,US,NY,RL,4123N 07357W,
USWOV,Woodsville,Woodsville,US,NH,RL,4408N 07201W,
USWPB,Wills Point,Wills Point,US,NJ,RL,2945N 09000W,
USWPF,Waterproof,Waterproof,US,LA,RL,3148N 09122W,
USWPT,Westport,Westport,US,CA,RL,3938N 12346W,
USWQA,Whitman,Whitman,US,MA,RL,4205N 07056W,
USWQU,Wauna Range,Wauna Range,US,OR,RL,4609N 12324W,
USWQZ,Wintersville,Wintersville,US,OH,RL,4022N 08042W,
USWR3,West Portsmouth,West Portsmouth,US,OH,RL,3845N 08301W,
USWR4,Wading River,Wading River,US,NY,RL,4057N 07250W,
USWRP,Winterthur,Winterthur,US,DE,RL,3948N 07537W,
USWTN,Wilmington,Wilmington,US,CA,RL,3346N 11816W,
USWTU,Wartburg,Wartburg,US,TN,RL,3606N 08435W,
USWU7,Walnut,Walnut,US,IA,RL,4128N 09513W,
USWUP,Waupaca,Waupaca,US,WI,RL,4421N 08905W,
USWUR,Wurtland,Wurtland,US,KY,RL,3833N 08246W,
USWUS,Williamsburg,Williamsburg,US,IA,RL,4140N 09201W,
USWVA,Water Valley,Water Valley,US,MS,RL,3409N 08937W,
USWW9,Wadmalaw Island,Wadmalaw Island,US,SC,RL,3240N 08010W,
USWWI,Weyauwega,Weyauwega,US,WI,RL,4419N 08855W,
USWXB,White Oak,White Oak,US,PA,RL,4020N 07948W,
USWXS,Wrightstown,Wrightstown,US,WI,RL,4419N 08810W,
USWY2,Wadley,Wadley,US,AL,RL,3307N 08534W,
USWY7,Weston,Weston,US,WY,RL,4438N 10520W,
USWZS,Warsaw,Warsaw,US,KY,RL,3847N 08454W,
USXAE,Camden,Camden,US,DE,RL,3907N 07532W,
USXAK,Alva,Alva,US,OK,RL,3648N 09839W,
USXAM,Alma,Alma,US,WI,RL,4419N 09155W,
USXAR,Starr,Starr,US,SC,RL,3422N 08241W,
USXAS,Freeport,Freeport,US,FL,RL,3029N 08608W,
USXBW,Webb City,Webb City,US,MO,RL,3708N 09427W,
USXEH,Erie,Erie,US,CO,RL,4003N 10503W,
USXFO,Fort Atkinson,Fort Atkinson,US,WI,RL,4256N 08850W,
USXKW,Kirkwood,Kirkwood,US,MO,RL,3835N 09024W,
USXLT,Locust,Locust,US,NJ,RL,4023N 07402W,
USXMY,Clallam Bay,Clallam Bay,US,WA,RL,4816N 12416W,
USXNA,Sayreville,Sayreville,US,NJ,RL,4027N 07421W,
USXNW,New Madrid,New Madrid,US,MO,RL,3635N 08931W,
USXOR,Oberlin,Oberlin,US,OH,RL,4117N 08213W,
USXOT,Scott,Scott,US,MS,RL,3335N 09104W,
USXPE,Perdue Hill,Perdue Hill,US,AL,RL,3130N 08729W,
USXPG,"Springville, Suffolk","Springville, Suffolk",US,NY,RL,4052N 07232W,
USXPT,Portola Valley,Portola Valley,US,CA,RL,3723N 12214W,
USXPY,Cape Henry,Cape Henry,US,VA,RL,3655N 07601W,
USXRA,Ravena,Ravena,US,NY,RL,4228N 07349W,
USXRC,Rainbow City,Rainbow City,US,AL,RL,3357N 08602W,
USXRT,Rock Tavern,Rock Tavern,US,NY,RL,4127N 07411W,
USXSD,Castle Island,Castle Island,US,AK,RL,5665N 17768W,
USXSG,Sagola,Sagola,US,MI,RL,4605N 08804W,
USXSH,Shingle Springs,Shingle Springs,US,CA,RL,3839N 12055W,
USXSI,Shelter Island,Shelter Island,US,NY,RL,4104N 07220W,
USXSJ,South Jordan,South Jordan,US,UT,RL,4033N 11155W,
USXSK,Shaker Heights,Shaker Heights,US,OH,RL,4128N 08132W,
USXSS,Cassville,Cassville,US,MO,RL,3641N 09352W,
USXSY,Short Hills,Short Hills,US,NJ,RL,4044N 07419W,
USXTE,Timmonsville,Timmonsville,US,SC,RL,3408N 07956W,
USXTK,Chetek,Chetek,US,WI,RL,4519N 09139W,
USXTM,Saint Thomas,Saint Thomas,US,PA,RL,3955N 07747W,
USXTN,Tiburon,Tiburon,US,CA,RL,3752N 12227W,
USXTR,West Rutland,West Rutland,US,VT,RL,4335N 07302W,
USXTS,Tams,Tams,US,WV,RL,3739N 08118W,
USXTY,Tuckahoe,Tuckahoe,US,NY,RL,4053N 07224W,
USXUY,Mapleton,Mapleton,US,MN,RL,4355N 09357W,
USXVB,Hawthorne,Hawthorne,US,FL,RL,2845N 08152W,
USXVN,Silverton,Silverton,US,OR,RL,4500N 12246W,
USXVR,Clover,Clover,US,WI,RL,4402N 08742W,
USXWE,White Lake,White Lake,US,WI,RL,4509N 08845W,
USXWO,Wolcott,Wolcott,US,CT,RL,4136N 07259W,
USXWT,Whitestown,Whitestown,US,IN,RL,3959N 08620W,
USXXL,Ladera Ranch,Ladera Ranch,US,CA,RL,3415N 11738W,
USXXO,Spotsylvania,Spotsylvania,US,VA,RL,3812N 07735W,
USXXX,Mexico,Mexico,US,ME,RL,4439N 07032W,
USXXY,East Leroy,East Leroy,US,MI,RL,4258N 08513W,
USXY2,Birmingham,Birmingham,US,OH,RL,4119N 08221W,
USXYB,Byron,Byron,US,IL,RL,4207N 08915W,
USXYS,Murrysville,Murrysville,US,PA,RL,4025N 07941W,
USXYT,Wyatt,Wyatt,US,IN,RL,4131N 08610W,
USXZA,Cedar Grove,Cedar Grove,US,WV,RL,3913N 08130W,
USXZD,Frederick,Frederick,US,PA,RL,4018N 07531W,
USXZS,Mound House,Mound House,US,NV,RL,3912N 11940W,
USXZW,Willianstown,Willianstown,US,NY,RL,4325N 07553W,
USYAN,Alanson,Alanson,US,MI,RL,4526N 08447W,
USYAO,Aurora,Aurora,US,IN,RL,3903N 08454W,
USYAS,Aransas Pass,Aransas Pass,US,TX,RL,2754N 09709W,
USYAZ,Yazoo City,Yazoo City,US,MS,RL,3251N 09024W,
USYBD,Belden,Belden,US,MS,RL,3418N 08847W,
USYBG,Bongards,Bongards,US,MN,RL,4445N 09350W,
USYBN,Boylston,Boylston,US,MA,RL,4223N 07142W,
USYBY,Bonifay,Bonifay,US,FL,RL,3047N 08540W,
USYBZ,Bay City,Bay City,US,WI,RL,4436N 09227W,
USYCD,Cathedral City,Cathedral City,US,CA,RL,3347N 11628W,
USYCE,Carver,Carver,US,MA,RL,4153N 07046W,
USYCG,Cedar Grove,Cedar Grove,US,NC,RL,3610N 07910W,
USYCK,Clatskanie,Clatskanie,US,OR,RL,4606N 12312W,
USYCP,Central Point,Central Point,US,OR,RL,4223N 12255W,
USYCU,Columbia Falls,Columbia Falls,US,MT,RL,4822N 11410W,
USYCZ,Cadiz,Cadiz,US,KY,RL,3652N 08749W,
USYDE,Dale,Dale,US,WI,RL,4416N 08840W,
USYDO,Orondo,Orondo,US,WA,RL,4737N 12013W,
USYDP,Delhi,Delhi,US,NY,RL,4217N 07456W,
USYEB,Ellenboro,Ellenboro,US,NC,RL,3519N 08145W,
USYEC,Winneconne,Winneconne,US,WI,RL,4407N 08844W,
USYEJ,Keyes,Keyes,US,CA,RL,3733N 12054W,
USYEM,Emory,Emory,US,TX,RL,3252N 09545W,
USYEP,East Palestine,East Palestine,US,OH,RL,4050N 08032W,
USYER,Sisters,Sisters,US,OR,RL,4417N 12132W,
USYFA,Florida City,Florida City,US,FL,RL,2527N 08029W,
USYFQ,Lafayette,Lafayette,US,OR,RL,4514N 12306W,
USYFX,Fox Lake,Fox Lake,US,WI,RL,4333N 08854W,
USYFZ,Frazeysburg,Frazeysburg,US,OH,RL,4007N 08207W,
USYGL,Glennville,Glennville,US,GA,RL,3156N 08155W,
USYGS,Groves,Groves,US,TX,RL,2956N 09355W,
USYHB,Heyburn,Heyburn,US,ID,RL,4233N 11345W,
USYHE,Cowiche,Cowiche,US,WA,RL,4640N 12042W,
USYHM,Holmes,Holmes,US,NY,RL,4131N 07338W,
USYHR,Hebron,Hebron,US,NE,RL,4010N 09736W,
USYIG,Ingleside,Ingleside,US,TX,RL,2752N 09712W,
USYIL,Indialantic,Indialantic,US,FL,RL,2805N 08034W,
USYKB,York Beach,York Beach,US,ME,RL,4310N 07036W,
USYKL,Hoyt Lakes,Hoyt Lakes,US,MN,RL,4731N 09207W,
USYL2,Peach Bottom,Peach Bottom,US,PA,RL,3945N 07616W,
USYL9,Sylvania,Sylvania,US,OH,RL,4143N 08342W,
USYLB,Lebec,Lebec,US,CA,RL,3450N 11851W,
USYLD,Lind,Lind,US,WA,RL,4658N 11836W,
USYLO,Logan Township,Logan Township,US,NJ,RL,3947N 07521W,
USYLP,Lake Providence,Lake Providence,US,LA,RL,3248N 09110W,
USYLR,Littlerock,Littlerock,US,CA,RL,3431N 11758W,
USYLT,Lanett,Lanett,US,AL,RL,3251N 08511W,
USYLU,Lula,Lula,US,GA,RL,3423N 08339W,
USYLY,West Sayville,West Sayville,US,NY,RL,4044N 07306W,
USYMD,Madison Park,Madison Park,US,WA,RL,4738N 12216W,
USYMK,Murdock,Murdock,US,NE,RL,4055N 09616W,
USYMR,Mosier,Mosier,US,OR,RL,4541N 12123W,
USYMV,Mount Vernon,Mount Vernon,US,NY,RL,4245N 07853W,
USYNA,Naches,Naches,US,WA,RL,4643N 12041W,
USYNJ,Columbia,Columbia,US,NJ,RL,4056N 07506W,
USYNN,Glenndale,Glenndale,US,MD,RL,3858N 07648W,
USYNO,North Woodstock,North Woodstock,US,NH,RL,4401N 07141W,
USYOB,Oakboro,Oakboro,US,NC,RL,3513N 08019W,
USYOC,Lincoln City,Lincoln City,US,OR,RL,4458N 12401W,
USYOK,Yoke Bay,Yoke Bay,US,AK,RL,5201N 17602W,
USYOQ,Ogunquit,Ogunquit,US,ME,RL,4315N 07036W,
USYP5,Purchase,Purchase,US,NY,RL,4102N 07324W,
USYPB,Peterborough,Peterborough,US,NH,RL,4252N 07157W,
USYPF,Pigeon Forge,Pigeon Forge,US,TN,RL,3547N 08333W,
USYPH,Philomath,Philomath,US,OR,RL,4432N 12321W,
USYPN,Pine Bush,Pine Bush,US,NY,RL,4136N 07417W,
USYPR,Port Republic,Port Republic,US,VA,RL,3818N 07849W,
USYRD,Runnemede,Runnemede,US,NJ,RL,3951N 07504W,
USYRE,Morehouse,Morehouse,US,MO,RL,3650N 08941W,
USYRF,Ruffin,Ruffin,US,SC,RL,3300N 08048W,
USYRG,Ragland,Ragland,US,AL,RL,3344N 08609W,
USYRO,Raytown,Raytown,US,MO,RL,3900N 09427W,
USYRP,Rapidan,Rapidan,US,VA,RL,3818N 07803W,
USYRX,Star,Star,US,NC,RL,3524N 07947W,
USYRY,Reynoldsville,Reynoldsville,US,PA,RL,4105N 07853W,
USYSB,Sebree,Sebree,US,KY,RL,3736N 08731W,
USYSC,Chelsea,Chelsea,US,AL,RL,3320N 08637W,
USYSD,Shedd,Shedd,US,OR,RL,4427N 12306W,
USYSG,Sandy Springs,Sandy Springs,US,GA,RL,3355N 08422W,
USYSH,Shamokin,Shamokin,US,PA,RL,4047N 07633W,
USYSJ,Saint Joseph,Saint Joseph,US,LA,RL,3155N 09114W,
USYSK,Smokey Point,Smokey Point,US,WA,RL,4809N 12210W,
USYSP,Sproul,Sproul,US,PA,RL,4016N 07827W,
USYSS,Soda Springs,Soda Springs,US,ID,RL,4239N 11136W,
USYST,Winchester,Winchester,US,WA,RL,4715N 11943W,
USYSV,Smelterville,Smelterville,US,ID,RL,4732N 11610W,
USYSY,South Glastonbury,South Glastonbury,US,CT,RL,4141N 07235W,
USYTA,"Tallassee, Elmore","Tallassee, Elmore",US,AL,RL,3232N 08553W,
USYTC,Tri-Cities,Tri-Cities,US,WA,RL,4615N 11907W,
USYTH,Bothell,Bothell,US,WA,RL,4745N 12212W,
USYTJ,Bartow,Bartow,US,WV,RL,3832N 07947W,
USYTL,Talent,Talent,US,OR,RL,4214N 12247W,
USYTO,Tomhicken,Tomhicken,US,PA,RL,4058N 07605W,
USYTW,Youngstown,Youngstown,US,NY,RL,4314N 07903W,
USYU5,Cayucos,Cayucos,US,CA,RL,3526N 12053W,
USYUD,Naples,Naples,US,ME,RL,4358N 07036W,
USYUG,Union Gap,Union Gap,US,WA,RL,4633N 12028W,
USYUP,Upper Brookville,Upper Brookville,US,NY,RL,4050N 07333W,
USYVI,Vashon Island,Vashon Island,US,WA,RL,4725N 12228W,
USYVO,Lynnhaven Roads,Lynnhaven Roads,US,VA,RL,3656N 07606W,
USYVR,Varnell,Varnell,US,GA,RL,3454N 08458W,
USYWA,Willacoochee,Willacoochee,US,GA,RL,3120N 08302W,
USYWD,Ward,Ward,US,SC,RL,3351N 08143W,
USYWE,West Homestead,West Homestead,US,PA,RL,4023N 07954W,
USYWH,Whately,Whately,US,MA,RL,4226N 07238W,
USYWI,Wilcox,Wilcox,US,PA,RL,4134N 07841W,
USYWR,Woolrich,Woolrich,US,PA,RL,4111N 07722W,
USYWW,Cokeville,Cokeville,US,WY,RL,4204N 11016W,
USYWZ,Wayzata,Wayzata,US,MN,RL,4458N 09330W,
USYXB,Cypress Bend,Cypress Bend,US,AR,RL,3336N 09112W,
USYYG,Grayson,Grayson,US,GA,RL,3353N 08357W,
USYYX,Bel Ridge,Bel Ridge,US,MO,RL,3842N 09019W,
USZ4X,Sheldon,Sheldon,US,WI,RL,4518N 09057W,
USZAD,Alvarado,Alvarado,US,TX,RL,3224N 09712W,
USZAL,Waverly Hall,Waverly Hall,US,GA,RL,3241N 08444W,
USZAN,Mabton,Mabton,US,WA,RL,4612N 11959W,
USZAO,Taintor,Taintor,US,IA,RL,4130N 09244W,
USZAY,Marcy,Marcy,US,NY,RL,4310N 07517W,
USZBA,Bunker Hill,Bunker Hill,US,IL,RL,3902N 08957W,
USZBI,Bolton Landing,Bolton Landing,US,NY,RL,4333N 07339W,
USZBK,Rhinebeck,Rhinebeck,US,NY,RL,4155N 07354W,
USZBP,Bastrop,Bastrop,US,TX,RL,3007N 09719W,
USZCB,Cibolo,Cibolo,US,TX,RL,2934N 09814W,
USZCC,Clara City,Clara City,US,MN,RL,4457N 09522W,
USZCE,Creedmoor,Creedmoor,US,NC,RL,3607N 07841W,
USZCG,Childersburg,Childersburg,US,AL,RL,3317N 08621W,
USZCS,Clawson,Clawson,US,MI,RL,4232N 08308W,
USZCT,Centralia,Centralia,US,MO,RL,3913N 09208W,
USZCV,Coal Valley,Coal Valley,US,IL,RL,4125N 09027W,
USZCW,Cromwell,Cromwell,US,CT,RL,4136N 07239W,
USZCY,Clancy,Clancy,US,MT,RL,4628N 11159W,
USZCZ,Cazenovia,Cazenovia,US,NY,RL,4256N 07551W,
USZDC,Clarendon Heights,Clarendon Heights,US,PA,RL,4147N 07906W,
USZDE,Dolores,Dolores,US,CO,RL,3728N 10830W,
USZDG,West Reading,West Reading,US,PA,RL,4020N 07556W,
USZDQ,Duquesne,Duquesne,US,PA,RL,4022N 07951W,
USZDS,Sands Point,Sands Point,US,NY,RL,4051N 07343W,
USZDZ,Dutzow,Dutzow,US,MO,RL,3836N 09059W,
USZEC,Commerce,Commerce,US,GA,RL,3412N 08327W,
USZEF,East Falmouth,East Falmouth,US,MA,RL,4134N 07033W,
USZEH,Helen,Helen,US,GA,RL,3442N 08343W,
USZEM,Elkmont,Elkmont,US,AL,RL,3455N 08658W,
USZEN,Ellettsville,Ellettsville,US,IN,RL,3914N 08637W,
USZEO,Excelsior Springs,Excelsior Springs,US,MO,RL,3920N 09413W,
USZEP,East Walpole,East Walpole,US,MA,RL,4209N 07112W,
USZET,Ellington,Ellington,US,CT,RL,4154N 07228W,
USZEV,Ellaville,Ellaville,US,GA,RL,3214N 08418W,
USZEW,Ellenwood,Ellenwood,US,GA,RL,3336N 08417W,
USZFI,"Fisher Island, Miami","Fisher Island, Miami",US,FL,RL,2546N 08008W,
USZFM,Fruitland,Fruitland,US,MD,RL,3819N 07537W,
USZGE,Glidden,Glidden,US,WI,RL,4608N 09036W,
USZGG,Beggs,Beggs,US,OK,RL,3545N 09604W,
USZGN,North Grosvenor Dale,North Grosvenor Dale,US,CT,RL,4159N 07153W,
USZGP,Grosse Ile,Grosse Ile,US,MI,RL,,
USZGQ,Galeton,Galeton,US,PA,RL,4143N 07738W,
USZGT,Charleston Heights,Charleston Heights,US,SC,RL,3251N 07958W,
USZGU,Ferguson,Ferguson,US,MO,RL,3844N 09018W,
USZGZ,Geneseo,Geneseo,US,IL,RL,4126N 09009W,
USZHB,Sabetha,Sabetha,US,KS,RL,3954N 09548W,
USZHE,Okarche,Okarche,US,OK,RL,3543N 09758W,
USZHM,Hilmar,Hilmar,US,CA,RL,3724N 12050W,
USZHT,Hoisington,Hoisington,US,KS,RL,3831N 09846W,
USZHU,Hasbrouck Heights,Hasbrouck Heights,US,NJ,RL,4051N 07404W,
USZHW,Harwood,Harwood,US,MD,RL,3851N 07637W,
USZIC,Rickreall,Rickreall,US,OR,RL,4455N 12313W,
USZIK,Inkom,Inkom,US,ID,RL,4247N 11215W,
USZIW,Winter Springs,Winter Springs,US,FL,RL,2841N 08118W,
USZIX,Middle Island,Middle Island,US,NY,RL,4053N 07256W,
USZJ9,Jeffersonville,Jeffersonville,US,KY,RL,3758N 08350W,
USZKL,Tarpon Springs,Tarpon Springs,US,FL,RL,2845N 02845W,
USZKN,Dickson,Dickson,US,TN,RL,3604N 08723W,
USZLG,Lake Garfield,Lake Garfield,US,FL,RL,2753N 08145W,
USZLO,Glen Flora,Glen Flora,US,WI,RL,4529N 09035W,
USZLP,Circle Pines,Circle Pines,US,MN,RL,4509N 09309W,
USZLT,League City,League City,US,TX,RL,2930N 09505W,
USZLW,Longmeadow,Longmeadow,US,MA,RL,4203N 07235W,
USZMG,Miami Gardens,Miami Gardens,US,FL,RL,2558N 08012W,
USZMP,Newburyport,Newburyport,US,MA,RL,4248N 07052W,
USZMQ,Manasquan,Manasquan,US,NJ,RL,4007N 07402W,
USZMU,Murphy,Murphy,US,NC,RL,3505N 08402W,
USZMW,Muldrow,Muldrow,US,OK,RL,3524N 09435W,
USZMY,Manheim Center,Manheim Center,US,NY,RL,4302N 07447W,
USZNH,Tenants Harbour,Tenants Harbour,US,ME,RL,4357N 06913W,
USZNR,North Royalton,North Royalton,US,OH,RL,4118N 08143W,
USZNT,Tryon,Tryon,US,NC,RL,3512N 08214W,
USZOD,Oviedo,Oviedo,US,FL,RL,2840N 08112W,
USZOH,Mohnton,Mohnton,US,PA,RL,4017N 07559W,
USZOI,Charleroi,Charleroi,US,PA,RL,4008N 07954W,
USZOP,Satsop,Satsop,US,WA,RL,4700N 12328W,
USZOR,Sarasota,Sarasota,US,FL,RL,2720N 08232W,
USZOT,Olivette,Olivette,US,MO,RL,3839N 09022W,
USZOW,Ooltewah,Ooltewah,US,TN,RL,3504N 08503W,
USZPB,Pembroke Park,Pembroke Park,US,FL,RL,2559N 08010W,
USZPP,Hollsopple,Hollsopple,US,PA,RL,4012N 07855W,
USZPT,Portageville,Portageville,US,NY,RL,4234N 07802W,
USZPU,Maple Bluff,Maple Bluff,US,WI,RL,4307N 08922W,
USZPW,Powhatan,Powhatan,US,VA,RL,3732N 07755W,
USZQC,Clinchfield,Clinchfield,US,GA,RL,3225N 08338W,
USZQE,Quarryville,Quarryville,US,PA,RL,3953N 07609W,
USZQU,Queen City,Queen City,US,TX,RL,3308N 09409W,
USZQZ,Coalfield,Coalfield,US,TN,RL,3601N 08425W,
USZR9,Zirconia,Zirconia,US,NC,RL,3514N 08224W,
USZRB,Riverbank,Riverbank,US,CA,RL,3744N 12056W,
USZRC,Cramerton,Cramerton,US,NC,RL,3514N 08104W,
USZRE,Rowlett,Rowlett,US,TX,RL,3254N 09633W,
USZRH,Center Hill,Center Hill,US,FL,RL,2839N 08200W,
USZRR,Carrboro,Carrboro,US,NC,RL,3555N 07905W,
USZRY,Rye,Rye,US,NY,RL,4058N 07341W,
USZS2,Swoope,Swoope,US,VA,RL,3809N 07912W,
USZSB,Stevensburg,Stevensburg,US,VA,RL,3826N 07754W,
USZSD,Sutherland,Sutherland,US,VA,RL,3711N 07733W,
USZSG,Spring Grove,Spring Grove,US,PA,RL,3952N 07651W,
USZSI,San Acacio,San Acacio,US,CO,RL,3712N 10533W,
USZSO,Sherborn,Sherborn,US,MA,RL,4214N 07122W,
USZSP,Stephen,Stephen,US,MN,RL,4827N 09652W,
USZST,Stormville,Stormville,US,NY,RL,4134N 07344W,
USZSU,Sugarcreek,Sugarcreek,US,OH,RL,4030N 08138W,
USZTB,East Bloomfield,East Bloomfield,US,NY,RL,4253N 07726W,
USZTG,Tangent,Tangent,US,OR,RL,4432N 12306W,
USZTK,Winnetka,Winnetka,US,IL,RL,4206N 08744W,
USZTP,White Pine,White Pine,US,MI,RL,4645N 08935W,
USZTR,Tillar,Tillar,US,AR,RL,3342N 09127W,
USZTU,Toughkenamon,Toughkenamon,US,PA,RL,3949N 07545W,
USZUC,Union Center,Union Center,US,WI,RL,4341N 09016W,
USZUM,Zumbrota,Zumbrota,US,MN,RL,4417N 09240W,
USZVA,Silva,Silva,US,MO,RL,3710N 09028W,
USZVB,Brownsville,Brownsville,US,WI,RL,4337N 08829W,
USZVY,Eden Valley,Eden Valley,US,MN,RL,4519N 09432W,
USZWB,Breezewood,Breezewood,US,PA,RL,5739N 07814W,
USZWC,New Columbia,New Columbia,US,PA,RL,4102N 07652W,
USZWK,Wyckoff,Wyckoff,US,NJ,RL,4100N 07410W,
USZWM,McEwen,McEwen,US,TN,RL,3606N 08737W,
USZWZ,Premont,Premont,US,TX,RL,2721N 09807W,
USZXE,Mer Rouge,Mer Rouge,US,LA,RL,3246N 09147W,
USZXQ,Westover,Westover,US,MD,RL,3807N 07542W,
USZXZ,San Lucas,San Lucas,US,CA,RL,3607N 12101W,
USZYF,Forsyth,Forsyth,US,GA,RL,3302N 08356W,
USZYH,York Harbor,York Harbor,US,ME,RL,4308N 07038W,
USZYI,Tybee Island,Tybee Island,US,GA,RL,3200N 08050W,
USZYK,Keysville,Keysville,US,MD,RL,3938N 07715W,
USZYL,Edson,Edson,US,KS,RL,3920N 10132W,
USZYN,Cheyenne Wells,Cheyenne Wells,US,CO,RL,3849N 10221W,
USZYT,Ladysmith,Ladysmith,US,WI,RL,4527N 09106W,
USZYX,South Hamilton,South Hamilton,US,MA,RL,4236N 07052W,
USZYY,Suttons Bay,Suttons Bay,US,MI,RL,4458N 08539W,
USZZB,Bogart,Bogart,US,GA,RL,3356N 08332W,
USZZC,Corolla,Corolla,US,NC,RL,3623N 07550W,
USZZH,Northport,Northport,US,MI,RL,4507N 08537W,
USZZX,Emerald Isle,Emerald Isle,US,NC,RL,,
UYCAR,Carmelo,Carmelo,UY,,AF,,
UYCPP,Cuenca del Plata,Cuenca del Plata,UY,,RL,1437S 04367W,
UYCYR,Colonia,Colonia,UY,,AF,,
UYDZO,Durazno,Durazno,UY,,AF,,
UYFZB,Fray Bentos,Fray Bentos,UY,,AF,,
UYJIT,Jose Ignacio Terminal,Jose Ignacio Terminal,UY,,AF,,
UYJLC,Juan L. Lacaze,Juan L. Lacaze,UY,CO,RL,3426S 05727W,
UYLAP,La Paloma/Rocha,La Paloma/Rocha,UY,,AF,,
UYMER,Mercedes,Mercedes,UY,,AF,,
UYMVD,Montevideo,Montevideo,UY,,AF,,
UYNVP,Nueva Palmira,Nueva Palmira,UY,,AF,,
UYPDP,Punta del Este,Punta del Este,UY,,AF,,
UYPDU,Paysandu,Paysandu,UY,,AF,,
UYPIR,Piriápolis,Piriapolis,UY,MA,RL,3452S 05516W,
UYSTY,Salto,Salto,UY,,AF,,
UZAKT,Akaltyn,Akaltyn,UZ,,RL,4126N 06104E,
UZASA,Asaka,Asaka,UZ,AN,RL,4038N 07214E,
VCBQU,"Port Elizabeth, Bequia","Port Elizabeth, Bequia",VC,,AI,1300N 06113W,
VCCAN,Canouan Island,Canouan Island,VC,,RL,1243N 06119W,
VCCRP,Campden Park,Campden Park,VC,,RL,1310N 06114W,
VCGRG,Georgetown,Georgetown,VC,,RL,1316N 06107W,
VCKTN,Kingstown,Kingstown,VC,,RL,1308N 06113W,
VCMQS,Mustique Island,Mustique Island,VC,,AI,,
VCSVD,Saint Vincent,Saint Vincent,VC,,AI,,
VCUNI,Union Island,Union Island,VC,,AI,,
VEAMY,Amuay,Amuay,VE,,AI,,
VEARA,Araya,Araya,VE,,AI,,
VEBAV,Bachaquero/Maracaibo L,Bachaquero/Maracaibo L,VE,,AI,,
VEBJV,Bajo Grande/Maracaibo L,Bajo Grande/Maracaibo L,VE,,AI,,
VECAR,Caripito,Caripito,VE,N,AA,1008N 06302W,
VECBL,Ciudad Bolívar,Ciudad Bolivar,VE,F,AI,0807N 06333W,
VECBS,Cabimas/Maracaibo L,Cabimas/Maracaibo L,VE,,AI,,
VECGU,Ciudad Guayana,Ciudad Guayana,VE,,AI,,
VECHQ,Chiquinquirá,Chiquinquira,VE,V,RL,1026N 07138W,
VECHV,Chichiriviche,Chichiriviche,VE,,AI,,
VECMR,Puerto Cumarebo,Puerto Cumarebo,VE,I,AA,1129N 06921W,
VECUM,Cumana,Cumana,VE,,AI,,
VECUP,Carupano,Carupano,VE,,AI,,
VECXA,Caicara de Orinoco,Caicara de Orinoco,VE,,AI,,
VECZE,Coro,Coro,VE,,AI,,
VEEGU,El Guamache,El Guamache,VE,,AI,,
VEELC,El Chaure,El Chaure,VE,B,RL,1015N 06437W,
VEELP,El Palito,El Palito,VE,,AI,,
VEETV,El Tablazo/Maracaibo L,El Tablazo/Maracaibo L,VE,,AI,,
VEGUA,Guaranao,Guaranao,VE,,RL,1142N 07009W,
VEGUB,Guaranao Bay,Guaranao Bay,VE,,RL,,
VEGUI,Guiria,Guiria,VE,,AI,,
VEGUT,Guanta,Guanta,VE,,AI,,
VEJOT,Jose Terminal,Jose Terminal,VE,B,RL,1006N 06451W,
VELAG,La Guaira,La Guaira,VE,,AI,,
VELCV,La Ceiba/Maracaibo L,La Ceiba/Maracaibo L,VE,,AI,,
VELEC,La Estacada,La Estacada,VE,,AI,,
VELGY,Lagunillas,Lagunillas,VE,,AI,,
VELSP,Las Piedras,Las Piedras,VE,,AI,,
VELSV,La Salina/Maracaibo L,La Salina/Maracaibo L,VE,,AI,,
VELVL,La Vela de Coro,La Vela de Coro,VE,,AI,,
VEMAR,Maracaibo,Maracaibo,VE,,AI,,
VEMIV,Puerto Miranda/Maracaibo L.,Puerto Miranda/Maracaibo L.,VE,,AI,,
VEMOR,Morón,Moron,VE,G,RL,1029N 06812W,
VEMTV,Matanzas,Matanzas,VE,,AI,,
VEPAR,Paradero,Paradero,VE,,RL,,
VEPBL,Puerto Cabello,Puerto Cabello,VE,,AI,,
VEPCA,Punta Camacho,Punta Camacho,VE,,RL,,
VEPCN,Punta Cardón,Punta Cardon,VE,I,AI,1139N 07013W,
VEPCO,Puerto Carenero,Puerto Carenero,VE,R,RL,1029N 06410W,
VEPCT,Paracotos,Paracotos,VE,L,RL,1016N 06657W,
VEPCU,Punta Cuchillo,Punta Cuchillo,VE,,RL,,
VEPCZ,Puerto La Cruz,Puerto La Cruz,VE,,AI,,
VEPFI,Punto Fijo,Punto Fijo,VE,I,AA,1141N 07011W,
VEPHO,Puerto de Hierro,Puerto de Hierro,VE,,AI,,
VEPLA,Palúa,Palua,VE,,AI,0821N 06240W,
VEPLV,Punta de Palmas,Punta de Palmas,VE,,AI,,
VEPMP,Pampatar,Pampatar,VE,,AI,,
VEPMR,Palmarejo/Maracaibo L.,Palmarejo/Maracaibo L.,VE,,AI,,
VEPPD,Punta de Piedra,Punta de Piedra,VE,,AI,,
VEPPZ,Puerto Páez,Puerto Paez,VE,,AI,0613N 06727W,
VEPRC,Paraguana Refinery Center,Paraguana Refinery Center,VE,,RL,1137N 07014W,
VEPRG,Pertigalete,Pertigalete,VE,,RL,,
VEPSU,Puerto Sucre,Puerto Sucre,VE,,RL,,
VEPTZ,Petrozuata,Petrozuata,VE,,RL,1009N 06451W,
VEPYH,Puerto Ayacucho,Puerto Ayacucho,VE,,AI,,
VEPZO,Puerto Ordaz,Puerto Ordaz,VE,,AI,,
VESFD,San Fernando de Apure,San Fernando de Apure,VE,,AI,,
VESFX,San Félix,San Felix,VE,,AI,,
VESLV,San Lorenzo/Maracaibo L,San Lorenzo/Maracaibo L,VE,,AI,0947N 07104W,
VETJV,Tia Juana/Maracaibo L,Tia Juana/Maracaibo L,VE,,AI,,
VETUR,Turiamo,Turiamo,VE,,AI,,
VEYUR,Ureña,Urena,VE,S,RL,0755N 07227W,
VGEIS,"Beef Island, Tortola","Beef Island, Tortola",VG,,AI,,
VGJVD,Jost Van Dyke,Jost Van Dyke,VG,,RL,1827N 06444W,
VGNIS,Norman Island,Norman Island,VG,,RL,1819N 06437W,
VGPUR,Port Purcell,Port Purcell,VG,,RL,1825N 06436W,
VGRAD,"Road Town, Tortola","Road Town, Tortola",VG,,AI,,
VGSHO,Sopers Hole,Sopers Hole,VG,,RL,1823N 06442W,
VGTOV,Tortola,Tortola,VG,,AI,,
VICHA,"Charlotte Amalie, Saint Thomas","Charlotte Amalie, Saint Thomas",VI,,AI,,
VICTD,"Christiansted, Saint Croix","Christiansted, Saint Croix",VI,,AI,1745N 06445W,
VICZB,"Cruz Bay, Saint John","Cruz Bay, Saint John",VI,,RL,1820N 06448W,
VIENP,Enighed Pond,Enighed Pond,VI,,RL,,
VIFRD,"Frederiksted, Saint Croix","Frederiksted, Saint Croix",VI,,AI,,
VIHOC,Hovic,Hovic,VI,,RL,,
VILIB,Limetree Bay,Limetree Bay,VI,,RL,,
VIPAX,Port Alucroix,Port Alucroix,VI,,RL,1742N 06446W,
VISTT,Saint Thomas,Saint Thomas,VI,,AI,1821N 06456W,
VNBAN,Cam Lâm,Cam Lam,VN,34,RL,1154N 10909E,
VNBAO,Bao Loc,Bao Loc,VN,35,RL,,
VNBCD,Ben Dam Con Dao Terminals,Ben Dam Con Dao Terminals,VN,43,RL,0839N 10633E,
VNBDG,Binh Duong Terminal,Binh Duong Terminal,VN,57,RL,1054N 10650E,
VNBDU,Binh Duong,Binh Duong,VN,27,RL,,
VNBEN,Benthuy,Benthuy,VN,,QQ,,
VNBHO,Bach Ho,Bach Ho,VN,40,RL,0950N 10800E,
VNBLG,Binh Long Port,Binh Long Port,VN,44,RL,1034N 10515E,
VNBMH,Binh Minh,Binh Minh,VN,,RL,1020N 10549E,
VNBNG,Bèn Nghè,Ben Nghe,VN,SG,RL,1045N 10644E,
VNBNO,Ba Ngoi,Ba Ngoi,VN,34,RL,1154N 10909E,
VNBSE,Bông Sen,Bong Sen,VN,,RL,1041N 10646E,
VNC8Q,Chu Lai,Chu Lai,VN,27,AS,1528N 10837E,
VNCCA,Cua Cam Terminal,Cua Cam Terminal,VN,HP,RL,2052N 10641E,
VNCCU,Cai Cui Port,Cai Cui Port,VN,CT,RL,0959N 10630E,
VNCLI,Cát Lái,Cat Lai,VN,SG,RL,1046N 10647E,
VNCLO,Culao,Culao,VN,,RL,1848N 10542E,
VNCMT,Cai Mep International Terminal,Cai Mep International Terminal,VN,43,AA,1031N 10700E,
VNCMY,Chan May Port,Chan May Port,VN,26,RL,1620N 10800E,
VNCPH,Cam Pha,Cam Pha,VN,,QQ,,
VNCRB,Camranh,Camranh,VN,,QQ,,
VNCSG,Sai Gon Port,Sai Gon Port,VN,SG,RL,1050N 10645E,
VNCUA,Cua Lo,Cua Lo,VN,22,RL,1849N 10543E,
VNCUV,Cua Viet Port,Cua Viet Port,VN,25,RL,1654N 10710E,
VNCVE,Chua Ve Terminal,Chua Ve Terminal,VN,HP,RL,2052N 10642E,
VNDAD,Da Nang,Da Nang,VN,27,AI,1604N 10813E,
VNDMO,Dam Mon,Dam Mon,VN,34,RL,1240N 10924E,
VNDN3,Dông Hài,Dong Hai,VN,23,RL,1810N 10617E,
VNDNA,Dong Nai,Dong Nai,VN,,RL,1805N 10619E,
VNDOH,Dong Hoi,Dong Hoi,VN,,RL,,
VNDQT,Dung Quat,Dung Quat,VN,29,AS,1523N 10848E,
VNDTH,Dong Thap,Dong Thap,VN,,RL,1029N 10534E,
VNDTS,Tien Sa Terminal,Tien Sa Terminal,VN,DN,RL,1607N 10812E,
VNDVU,Dinh Vu Terminal,Dinh Vu Terminal,VN,HP,RL,2054N 10646E,
VNDXA,Doan Xa Terminal,Doan Xa Terminal,VN,HP,RL,2052N 10641E,
VNDXN,Dong Xuyen Port,Dong Xuyen Port,VN,43,RL,1024N 10706E,
VNGDA,Go Dau A Terminal,Go Dau A Terminal,VN,39,RL,1039N 10701E,
VNGDB,Go Dau B Terminal,Go Dau B Terminal,VN,39,RL,1037N 10701E,
VNHAA,Hoai An,Hoai An,VN,,RL,,
VNHAN,Hanoi,Hanoi,VN,HN,AI,2102N 10551E,
VNHAT,Ha Tinh,Ha Tinh,VN,,RL,,
VNHCH,Hon Chong,Hon Chong,VN,,RL,,
VNHDG,Hai Duong,Hai Duong,VN,61,RL,,
VNHIA,Hoi An,Hoi An,VN,,RL,,
VNHLG,Ha Long,Ha Long,VN,13,RL,2057N 10704E,
VNHLP,Hon La Port,Hon La Port,VN,24,RL,1756N 10631E,
VNHNH,Bong Son,Bong Son,VN,,RL,1426N 10901E,
VNHON,Hongai,Hongai,VN,,QQ,,
VNHPH,Haiphong,Haiphong,VN,HP,AI,2051N 10641E,
VNHPP,Tan Cang Hiep Phuoc Port,Tan Cang Hiep Phuoc Port,VN,SG,RL,1038N 10643E,
VNHSN,Hai Son,Hai Son,VN,DN,RL,1606N 10814E,
VNHUI,Hue,Hue,VN,,AI,,
VNHYN,Hung Yen,Hung Yen,VN,66,RL,,
VNIPH,Phuoc Long ICD,Phuoc Long ICD,VN,,RL,1042N 10657E,
VNITX,ICD TRANSIMEX THU DUC,ICD TRANSIMEX THU DUC,VN,SG,RL,1050N 10645E,
VNKHU,Khonh Hung,Khonh Hung,VN,,RL,,
VNKYH,Ky Ha Terminal,Ky Ha Terminal,VN,27,RL,1529N 10841E,
VNKYQ,Ky Ha Quang Nam Terminal,Ky Ha Quang Nam Terminal,VN,27,RL,1528N 10841E,
VNLAP,Long An International Port,Long An International Port,VN,41,RL,1032N 10644E,
VNLBN,Long Binh,Long Binh,VN,,RL,1115N 10690E,
VNLBT,Long Binh Tan,Long Binh Tan,VN,39,RL,1056N 10650E,
VNLMP,Vietnam Lee & Man Port,Vietnam Lee & Man Port,VN,73,RL,2818N 10350E,
VNLPO,Lotus Port,Lotus Port,VN,SG,RL,1044N 10644E,
VNLTH,Long Thanh,Long Thanh,VN,,RL,1047N 10657E,
VNMOC,Mong Cai,Mong Cai,VN,,RL,,
VNMTH,My Thoi,My Thoi,VN,53,RL,1021N 10621E,
VNMUT,My Tho,My Tho,VN,,RL,,
VNNCN,Nam Can Port,Nam Can Port,VN,59,RL,0849N 10501E,
VNNGH,Nghi Son,Nghi Son,VN,,RL,1920N 10550E,
VNNGT,Nghe Tinh,Nghe Tinh,VN,,RL,2024N 10609E,
VNNHA,Nha Trang,Nha Trang,VN,,AI,,
VNNHD,Nam Hai Dinh Vu Port,Nam Hai Dinh Vu Port,VN,HP,RL,2049N 10651E,
VNNHT,Nhon Trach,Nhon Trach,VN,39,RL,1043N 10651E,
VNNIH,Ninh Hòa,Ninh Hoa,VN,34,RL,1229N 10908E,
VNNMD,Nam Dinh,Nam Dinh,VN,,RL,,
VNNVT,Nguyen Van Troi Port,Nguyen Van Troi Port,VN,DN,RL,1603N 10813E,
VNOCL,Cat Lai Oil Port,Cat Lai Oil Port,VN,SG,RL,1044N 10646E,
VNONB,Nha Be Oil Port,Nha Be Oil Port,VN,SG,RL,1042N 10644E,
VNOSP,Saigon Petro Oil Terminal,Saigon Petro Oil Terminal,VN,SG,RL,1045N 10647E,
VNOTW,B12 Oil Terminal,B12 Oil Terminal,VN,13,RL,2057N 10303E,
VNPHA,Phan Rang,Phan Rang,VN,,AI,,
VNPHB,Phú Bai,Phu Bai,VN,26,RL,1622N 10744E,
VNPHG,Phuóc Long,Phuoc Long,VN,,RL,1043N 10657E,
VNPHH,Phan Thiet,Phan Thiet,VN,,AI,,
VNPHL,Phuoe Le,Phuoe Le,VN,,RL,,
VNPHU,Phu My,Phu My,VN,,RL,,
VNPQC,Phu Quoc,Phu Quoc,VN,,AM,1013N 10358E,
VNQBH,Quäng Bình,Quang Binh,VN,24,RL,1730N 10620E,
VNQNH,Quang Ninh,Quang Ninh,VN,13,RL,1724N 10638E,
VNQNT,Tan Cang Qui Nhon,Tan Cang Qui Nhon,VN,,RL,1346N 10950E,
VNQUL,Quang Long,Quang Long,VN,,RL,,
VNQUT,Quang Tri,Quang Tri,VN,,RL,,
VNRDG,Rang Dong,Rang Dong,VN,,RL,1000N 10820E,
VNRQU,Rao Qua,Rao Qua,VN,,RL,1827N 10519E,
VNSAD,Sa Déc,Sa Dec,VN,45,RL,1018N 10546E,
VNSDP,Son Duong Port,Son Duong Port,VN,23,RL,1806N 10627E,
VNSGN,Ho Chi Minh City,Ho Chi Minh City,VN,SG,AI,1046N 10640E,
VNSH9,Song Han 9,Song Han 9,VN,,RL,1603N 10813E,
VNSIT,Saigon ITV/Phu My,Saigon ITV/Phu My,VN,43,RL,1036N 10701E,
VNSON,Song Doc,Song Doc,VN,,RL,0709N 10405E,
VNSPC,Hiep Phuoc Port,Hiep Phuoc Port,VN,SG,RL,1038N 10645E,
VNSTD,Su Tu Den,Su Tu Den,VN,40,RL,1025N 10824E,
VNSTR,ICD Sotrans,ICD Sotrans,VN,SG,RL,1049N 10645E,
VNTAM,Tanamexco ICD,Tanamexco ICD,VN,SG,RL,,
VNTBB,Tuy Hoa,Tuy Hoa,VN,,AI,,
VNTBI,Thang Binh,Thang Binh,VN,,RL,,
VNTCG,Tan Cang,Tan Cang,VN,SG,RL,,
VNTCN,Tan Canh,Tan Canh,VN,41,RL,1439N 10750E,
VNTHD,Thu Dau Mot,Thu Dau Mot,VN,05,RL,1058N 10639E,
VNTHO,Thanh Hoa,Thanh Hoa,VN,,RL,,
VNTHU,Thuan An,Thuan An,VN,31,RL,1530N 10840E,
VNTMT,Tan Cang - Mien Trung Terminal,Tan Cang - Mien Trung Terminal,VN,31,RL,1346N 10914E,
VNTNA,Thi Nai Port,Thi Nai Port,VN,31,RL,1346N 10915E,
VNTNO,Tra Noc,Tra Noc,VN,,RL,1006N 10542E,
VNTOT,Cai Mep,Cai Mep,VN,43,RL,1023N 10705E,
VNTPP,Thanh Phuoc Port,Thanh Phuoc Port,VN,57,RL,1104N 10648E,
VNTRE,Ben Tre,Ben Tre,VN,50,RL,1014N 10623E,
VNTTD,Tân Thuan Dông,Tan Thuan Dong,VN,SG,RL,1044N 10643E,
VNTVN,Transvina Terminal,Transvina Terminal,VN,HP,RL,2052N 10641E,
VNUIH,Quy Nhon,Quy Nhon,VN,31,AS,1346N 10913E,
VNVAG,Vung Áng,Vung Ang,VN,,AA,1804N 10626E,
VNVCA,Can Tho,Can Tho,VN,CT,AI,1002N 10547E,
VNVCH,Vat Cach,Vat Cach,VN,,RL,2053N 10636E,
VNVHG,Vinalines Hau Giang Port,Vinalines Hau Giang Port,VN,73,RL,0909N 10508E,
VNVIC,"Ho Chi Minh, VICT","Ho Chi Minh, VICT",VN,,RL,,
VNVLG,Vinh Long,Vinh Long,VN,,RL,1014N 10558E,
VNVLO,Vinh Loi,Vinh Loi,VN,,RL,,
VNVNH,Vinh,Vinh,VN,22,RL,1844N 10540E,
VNVPH,Van Phong,Van Phong,VN,HP,RL,2048N 10652E,
VNVRO,Vung Ro,Vung Ro,VN,,RL,1251N 10925E,
VNVUT,Vung Tau,Vung Tau,VN,43,RL,1021N 10704E,
VNXNG,Quang Ngai,Quang Ngai,VN,,AI,,
VULUG,Luganville,Luganville,VU,SAM,RL,1532S 16710E,
VUPSA,Port Sandwich,Port Sandwich,VU,,RL,,
VUSAN,Santo,Santo,VU,,RL,,
VUVLI,Port Vila,Port Vila,VU,,AI,,
WFHLO,Halalo,Halalo,WF,,RL,1320S 17613W,
WFMAU,Matâ'utu,Mata'utu,WF,,AI,1317S 17611W,
WFSIG,Sigavé,Sigave,WF,,RL,1417S 17810W,
WSAAU,Asau,Asau,WS,,AI,,
WSAPW,Apia,Apia,WS,,AI,,
XZAAD,Aasgard,Aasgard,XZ,,RL,6505N 00644E,
XZANT,Ardjuna,Ardjuna,XZ,,RL,0554S 10557E,
XZANU,Anoa Natuna,Anoa Natuna,XZ,,RL,0514N 10536E,
XZBUV,Buffalo Venture,Buffalo Venture,XZ,,RN,,
XZCMT,Camar Marine Terminal,Camar Marine Terminal,XZ,,RL,0618S 11300E,
XZDHS,Dai Hung (STS Load),Dai Hung (STS Load),XZ,,RL,0852N 10318E,
XZDHT,Dai Hung (Tandem Load),Dai Hung (Tandem Load),XZ,,RL,0828N 10841E,
XZDRA,Draugen,Draugen,XZ,,RL,6420N 00745E,
XZDTL,Dulang Marine Terminal,Dulang Marine Terminal,XZ,,RL,0548N 10410E,
XZHEI,Heidrun,Heidrun,XZ,,RL,6519N 00720E,
XZKMT,Kakap Marine Terminal,Kakap Marine Terminal,XZ,,RL,0501N 10557E,
XZLAM,Laminaria Terminal,Laminaria Terminal,XZ,,RL,1100S 12600E,
XZLGT,Legendre Terminal,Legendre Terminal,XZ,,RN,,
XZNJO,Njord,Njord,XZ,,RL,6415N 00712E,
XZNNE,Norne,Norne,XZ,,RL,6600N 00759E,
XZNTE,Northern Endeavour,Northern Endeavour,XZ,,RN,,
XZOCA,"Co-operation Zone A (AU,ID)","Co-operation Zone A (AU,ID)",XZ,,RL,,
XZSBY,Sibuko Bay,Sibuko Bay,XZ,,RL,0351N 11806E,
XZSHA,Al Shaheen terminal,Al Shaheen terminal,XZ,,RL,2635N 05200E,
XZSTP,Stage Platform,Stage Platform,XZ,,RN,,
XZSUU,Suursaq,Suursaq,XZ,,RL,8049N 06638W,
XZTGR,Tandjung Gerem,Tandjung Gerem,XZ,,RL,0558N 10559E,
XZWRT,Widuri Marine Terminal,Widuri Marine Terminal,XZ,,RL,0440S 10639E,
XZYET,Yetagun Field,Yetagun Field,XZ,,RL,1303N 09651E,
YEADE,Aden,Aden,YE,,AI,,
YEAHW,Ahwar,Ahwar,YE,,QQ,,
YEELK,El Katieb,El Katieb,YE,,QQ,,
YEHAR,Harad,Harad,YE,,QQ,,
YEHAU,Haura,Haura,YE,,QQ,,
YEHOD,Hodeidah,Hodeidah,YE,,AI,1450N 04254E,
YEKHO,Khokha,Khokha,YE,,QQ,,
YELAD,Little Aden,Little Aden,YE,AD,RL,1244N 04452E,
YEMKX,Mukalla,Mukalla,YE,,AI,,
YEMOK,Mokha,Mokha,YE,,QQ,,
YEMYN,Mareb,Mareb,YE,,AI,,
YEPRM,Perim Island,Perim Island,YE,TA,RL,1239N 04325E,
YERAI,Ras Isa Terminal,Ras Isa Terminal,YE,,RL,1512N 04240E,
YERAK,Ras Al Kalib,Ras Al Kalib,YE,,QQ,,
YESAL,Saleef Port,Saleef Port,YE,,QQ,,
YESCT,Suqutrá,Suqutra,YE,,AI,1230N 05400E,
YESYE,Sadah,Sadah,YE,,AI,,
YTDZA,Dzaoudzi-Pamandzi Apt,Dzaoudzi-Pamandzi Apt,YT,,AI,1248S 04517E,
YTKNK,Kani-Kéli,Kani-Keli,YT,,AA,1257S 04506E,
YTLON,Longoni,Longoni,YT,,AA,1243S 04510E,
YTMAM,Mamoudzou,Mamoudzou,YT,,AI,1247S 04514E,
ZA2WC,Klipheuwel,Klipheuwel,ZA,WC,RL,3342S 01842E,
ZA3WC,Goudiniweg,Goudiniweg,ZA,WC,RL,3436S 01919E,
ZA7WC,Riviersonderend,Riviersonderend,ZA,WC,RL,3409S 01954E,
ZA8GT,Bottelary,Bottelary,ZA,WC,RL,3308S 01806E,
ZAAOB,Algoa Bay,Algoa Bay,ZA,,AF,,
ZABGR,Kingsford,Kingsford,ZA,,RL,,
ZABWA,Botswana,Botswana,ZA,EC,RL,,
ZACPT,Cape Town,Cape Town,ZA,WC,AF,3355S 01825E,
ZACTP,Eastern Cape,Eastern Cape,ZA,EC,RL,3217S 02625E,
ZADRU,De Rust,De Rust,ZA,WC,AM,3329S 02232E,
ZADUR,Durban,Durban,ZA,KZN,AI,2951S 03101E,
ZADWK,De Waterkant,De Waterkant,ZA,WC,RL,3354S 01825E,
ZAEBY,Elands Bay,Elands Bay,ZA,WC,RL,3218S 01819E,
ZAEDG,Mount Edgecombe,Mount Edgecombe,ZA,NL,RL,,
ZAELS,East London,East London,ZA,,AF,,
ZAFHK,Fish Hoek,Fish Hoek,ZA,WC,RL,,
ZAGRH,Grahamstown,Grahamstown,ZA,EC,RL,,
ZAGSF,Garsfontein,Garsfontein,ZA,GP,RL,2547S 02817E,
ZAGTY,Gately,Gately,ZA,EC,RL,,
ZAIVI,Island View,Island View,ZA,KZN,RL,2953S 03102E,
ZAJOH,Port Saint John's,Port Saint John's,ZA,EC,AI,3138S 02932E,
ZAJTP,Jet Park,Jet Park,ZA,GT,RL,2610S 02814E,
ZAKKN,Komkans,Komkans,ZA,WC,RL,3113S 01803E,
ZAKOM,Kommetjie,Kommetjie,ZA,WC,RL,3408S 01819E,
ZAKOO,Langkloof,Langkloof,ZA,EC,RL,,
ZAKOS,Kenton-on-Sea,Kenton-on-Sea,ZA,EC,RL,3340S 02639E,
ZAKUU,Kasulu,Kasulu,ZA,,RL,0434S 03006E,
ZAKYA,Kyalami,Kyalami,ZA,GP,RL,,
ZALER,Lerato,Lerato,ZA,NC,RL,2934S 02131E,
ZAMD3,Madantsane,Madantsane,ZA,EC,RL,3257S 02746E,
ZAMDE,Meadowdale,Meadowdale,ZA,GT,RL,,
ZAMWT,Maydon Whart,Maydon Whart,ZA,NL,RL,,
ZAMZY,Mossel Bay,Mossel Bay,ZA,,AF,,
ZANGG,New Germany,New Germany,ZA,NL,RL,2948S 03053E,
ZANNL,Nottingham Road,Nottingham Road,ZA,KZN,RL,2921S 03000E,
ZANOL,Port Nolloth,Port Nolloth,ZA,,AF,,
ZANUF,Nuffield Springs,Nuffield Springs,ZA,,RL,,
ZAPED,Port Edward,Port Edward,ZA,,RL,3103S 03013E,
ZAPEN,Pennington,Pennington,ZA,KZN,RL,3023S 03042E,
ZAPHX,Phoenix,Phoenix,ZA,EC,RL,,
ZAPIT,Point,Point,ZA,EC,RL,,
ZAPLZ,Gqeberha,Gqeberha,ZA,EC,AS,3357S 02536E,
ZAPNL,Paardeneiland,Paardeneiland,ZA,,RL,3355S 01828E,
ZARCB,Richards Bay,Richards Bay,ZA,,AF,,
ZARSS,Izmit,Izmit,ZA,NL,RL,,
ZARWC,Riebeek West,Riebeek West,ZA,WC,RL,3321S 01852E,
ZASDB,Saldanha Bay,Saldanha Bay,ZA,,AF,,
ZASHM,Robertsham,Robertsham,ZA,EC,RL,2615N 02801E,
ZASID,Sidwell,Sidwell,ZA,EC,RL,,
ZASMN,Simon's Town,Simon's Town,ZA,WC,AF,3411S 01826E,
ZASNL,Southbroom,Southbroom,ZA,KZN,RL,3055S 03019E,
ZASTD,Strand,Strand,ZA,WC,RL,3407S 01850E,
ZASTR,Struandale,Struandale,ZA,EC,RL,,
ZATHR,Arcadia,Arcadia,ZA,EC,RL,,
ZAVAC,Vaalcon,Vaalcon,ZA,FS,RL,,
ZAWAT,Waterfront,Waterfront,ZA,WC,RL,,
ZAWTN,Winterton,Winterton,ZA,NL,RL,,
ZAWWC,Wemmershoek,Wemmershoek,ZA,WC,RL,3352S 01902E,
ZAZBA,Coega,Coega,ZA,EC,RL,3346S 02540E,
ZAZE4,Sezela,Sezela,ZA,KZN,RL,3025S 03041E,
ZMSIA,Siavonga,Siavonga,ZM,07,RL,1632S 02843E,
ZWCHE,Chegutu,Chegutu,ZW,MW,RL,1808S 03009E,
ZWFLU,Filabusi,Filabusi,ZW,MS,RL,2032S 02917E,
ZWGWA,Gwanda,Gwanda,ZW,MS,RL,2056S 02900E,
ZWRSP,Rusape,Rusape,ZW,MA,RL,1832S 03207E,
ZWZMZ,Zimbabwe,Zimbabwe,ZW,MV,RL,2016S 03055E,
